{
"type": "FeatureCollection",
"name": "targets",
"crs": { "type": "name", "properties": { "name": "urn:ogc:def:crs:OGC:1.3:CRS84" } },
"features": [
{ "type": "Feature", "properties": { "bounding_box": "POLYGON ((634323.7010862518 3347384.218589365, 634329.556744471 3347384.218589365, 634329.556744471 3347379.7992743305, 634323.7010862518 3347379.7992743305, 634323.7010862518 3347384.218589365))", "target_id": "6182bfc5-31f4-4c5f-86c6-92fc74def171", "region_outline_version": "2024-12-14", "region_name": "Brewster_57" }, "geometry": { "type": "Point", "coordinates": [ -103.603803918553993, 30.250627751803201 ] } },
{ "type": "Feature", "properties": { "bounding_box": "POLYGON ((634442.8029647457 3347383.0032777307, 634444.4049844472 3347383.0032777307, 634444.4049844472 3347381.732724658, 634442.8029647457 3347381.732724658, 634442.8029647457 3347383.0032777307))", "target_id": "404a5ea4-254a-458e-a49c-916128fbbdb3", "region_outline_version": "2024-12-14", "region_name": "Brewster_57" }, "geometry": { "type": "Point", "coordinates": [ -103.602591021425368, 30.250617799616144 ] } },
{ "type": "Feature", "properties": { "bounding_box": "POLYGON ((634345.135005016 3347382.0089318478, 634347.2342032455 3347382.0089318478, 634347.2342032455 3347379.8545157686, 634345.135005016 3347379.8545157686, 634345.135005016 3347382.0089318478))", "target_id": "721c1bb1-ee06-4957-8bb7-171b6a556011", "region_outline_version": "2024-12-14", "region_name": "Brewster_57" }, "geometry": { "type": "Point", "coordinates": [ -103.603603121133744, 30.250614985269355 ] } },
{ "type": "Feature", "properties": { "bounding_box": "POLYGON ((634365.8507770175 3347381.898448972, 634373.8056334661 3347381.898448972, 634373.8056334661 3347375.54568361, 634365.8507770175 3347375.54568361, 634365.8507770175 3347381.898448972))", "target_id": "39a0b94b-87ae-402c-9693-97efafd97d70", "region_outline_version": "2024-12-14", "region_name": "Brewster_57" }, "geometry": { "type": "Point", "coordinates": [ -103.603362183726802, 30.250589951250568 ] } },
{ "type": "Feature", "properties": { "bounding_box": "POLYGON ((634372.1483717059 3347381.787966096, 634374.0818437594 3347381.787966096, 634374.0818437594 3347379.6335500167, 634372.1483717059 3347379.6335500167, 634372.1483717059 3347381.787966096))", "target_id": "754c0c2c-2290-4465-b527-c32be12afc19", "region_outline_version": "2024-12-14", "region_name": "Brewster_57" }, "geometry": { "type": "Point", "coordinates": [ -103.603323407966428, 30.250610343497033 ] } },
{ "type": "Feature", "properties": { "bounding_box": "POLYGON ((634309.3933930561 3347381.5117589063, 634312.8184006937 3347381.5117589063, 634312.8184006937 3347377.9763068785, 634309.3933930561 3347377.9763068785, 634309.3933930561 3347381.5117589063))", "target_id": "45fb8b4c-9f82-458b-bf4f-ce2b1662d1ee", "region_outline_version": "2024-12-14", "region_name": "Brewster_57" }, "geometry": { "type": "Point", "coordinates": [ -103.603968570089492, 30.250609516283959 ] } },
{ "type": "Feature", "properties": { "bounding_box": "POLYGON ((634418.8279112827 3347380.904103089, 634424.794053619 3347380.904103089, 634424.794053619 3347376.3743051784, 634418.8279112827 3347376.3743051784, 634418.8279112827 3347380.904103089))", "target_id": "0a00e54a-df11-4966-a3cc-5c8daa02f0da", "region_outline_version": "2024-12-14", "region_name": "Brewster_57" }, "geometry": { "type": "Point", "coordinates": [ -103.602820723142273, 30.250584239721714 ] } },
{ "type": "Feature", "properties": { "bounding_box": "POLYGON ((634411.3149913034 3347380.4069301477, 634416.9496812879 3347380.4069301477, 634416.9496812879 3347370.352988444, 634411.3149913034 3347370.352988444, 634411.3149913034 3347380.4069301477))", "target_id": "ead6bace-53ad-4bbe-8b14-fc4bdc5e11d7", "region_outline_version": "2024-12-14", "region_name": "Brewster_57" }, "geometry": { "type": "Point", "coordinates": [ -103.602894198386508, 30.25056209991973 ] } },
{ "type": "Feature", "properties": { "bounding_box": "POLYGON ((634388.6657472485 3347380.241205834, 634390.102040774 3347380.241205834, 634390.102040774 3347378.47347982, 634388.6657472485 3347378.47347982, 634388.6657472485 3347380.241205834))", "target_id": "faf9614a-88a4-457f-8194-c775b5717d9f", "region_outline_version": "2024-12-14", "region_name": "Brewster_57" }, "geometry": { "type": "Point", "coordinates": [ -103.603154387735827, 30.250596471215776 ] } },
{ "type": "Feature", "properties": { "bounding_box": "POLYGON ((634492.4103334319 3347378.8049284476, 634498.7079281204 3347378.8049284476, 634498.7079281204 3347375.103752106, 634492.4103334319 3347375.103752106, 634492.4103334319 3347378.8049284476))", "target_id": "b9199c38-bf49-4322-a3b4-6a7c4b35e7dc", "region_outline_version": "2024-12-14", "region_name": "Brewster_57" }, "geometry": { "type": "Point", "coordinates": [ -103.602052219430277, 30.25056643970732 ] } },
{ "type": "Feature", "properties": { "bounding_box": "POLYGON ((634349.9410641204 3347377.534375375, 634352.5926829366 3347377.534375375, 634352.5926829366 3347374.6618206026, 634349.9410641204 3347374.6618206026, 634349.9410641204 3347377.534375375))", "target_id": "d0d290ff-3f7c-443c-961a-6c366ffca6be", "region_outline_version": "2024-12-14", "region_name": "Brewster_57" }, "geometry": { "type": "Point", "coordinates": [ -103.603551023892521, 30.250570655062276 ] } },
{ "type": "Feature", "properties": { "bounding_box": "POLYGON ((634383.8044460855 3347376.540029492, 634386.4560649017 3347376.540029492, 634386.4560649017 3347373.777957596, 634383.8044460855 3347373.777957596, 634383.8044460855 3347376.540029492))", "target_id": "f1cbc693-4da3-4c86-b2a7-f3fd2ce1b162", "region_outline_version": "2024-12-14", "region_name": "Brewster_57" }, "geometry": { "type": "Point", "coordinates": [ -103.603199337839285, 30.250559305461703 ] } },
{ "type": "Feature", "properties": { "bounding_box": "POLYGON ((634337.0144223914 3347375.7114079236, 634338.3954738582 3347375.7114079236, 634338.3954738582 3347374.330371975, 634337.0144223914 3347374.330371975, 634337.0144223914 3347375.7114079236))", "target_id": "6ad56470-9d7e-43c7-a0cc-efbbaaeb00be", "region_outline_version": "2024-12-14", "region_name": "Brewster_57" }, "geometry": { "type": "Point", "coordinates": [ -103.60369186543673, 30.250563020492894 ] } },
{ "type": "Feature", "properties": { "bounding_box": "POLYGON ((634315.0833250992 3347374.9932692302, 634325.7450424227 3347374.9932692302, 634325.7450424227 3347369.248159685, 634315.0833250992 3347369.248159685, 634315.0833250992 3347374.9932692302))", "target_id": "00264a80-d31b-44c8-83b4-fb431e86101c", "region_outline_version": "2024-12-14", "region_name": "Brewster_57" }, "geometry": { "type": "Point", "coordinates": [ -103.603873007186053, 30.250538271747825 ] } },
{ "type": "Feature", "properties": { "bounding_box": "POLYGON ((634285.8050340038 3347374.8275449164, 634288.2356845853 3347374.8275449164, 634288.2356845853 3347371.899748706, 634285.8050340038 3347371.899748706, 634285.8050340038 3347374.8275449164))", "target_id": "e26062c2-464c-4ab4-a96e-8f83c8b00fc4", "region_outline_version": "2024-12-14", "region_name": "Brewster_57" }, "geometry": { "type": "Point", "coordinates": [ -103.604219603507815, 30.250554118783384 ] } },
{ "type": "Feature", "properties": { "bounding_box": "POLYGON ((634301.0518421968 3347374.2198890992, 634312.8736427524 3347374.2198890992, 634312.8736427524 3347361.4591169367, 634301.0518421968 3347361.4591169367, 634301.0518421968 3347374.2198890992))", "target_id": "f04d7094-c38c-47a9-a9bd-60e0ab1bc4d2", "region_outline_version": "2024-12-14", "region_name": "Brewster_57" }, "geometry": { "type": "Point", "coordinates": [ -103.604012915053161, 30.250504186979342 ] } },
{ "type": "Feature", "properties": { "bounding_box": "POLYGON ((634289.0643154653 3347373.501750406, 634290.2796407561 3347373.501750406, 634290.2796407561 3347372.4521630853, 634289.0643154653 3347372.4521630853, 634289.0643154653 3347373.501750406))", "target_id": "14320285-a236-4856-982f-ccc2341666c7", "region_outline_version": "2024-12-14", "region_name": "Brewster_57" }, "geometry": { "type": "Point", "coordinates": [ -103.604191110680475, 30.250549929020949 ] } },
{ "type": "Feature", "properties": { "bounding_box": "POLYGON ((634440.3723141642 3347373.2255432163, 634441.8638497483 3347373.2255432163, 634441.8638497483 3347371.6787829543, 634440.3723141642 3347371.6787829543, 634440.3723141642 3347373.2255432163))", "target_id": "03aaa27e-39ef-443c-9b06-b32d358e4c70", "region_outline_version": "2024-12-14", "region_name": "Brewster_57" }, "geometry": { "type": "Point", "coordinates": [ -103.602617302992826, 30.250528452876022 ] } },
{ "type": "Feature", "properties": { "bounding_box": "POLYGON ((634278.5683243179 3347372.617887399, 634281.2751851928 3347372.617887399, 634281.2751851928 3347369.7453326266, 634278.5683243179 3347369.7453326266, 634278.5683243179 3347372.617887399))", "target_id": "746ea56d-192f-4ed7-aa14-5dc7a8610943", "region_outline_version": "2024-12-14", "region_name": "Brewster_57" }, "geometry": { "type": "Point", "coordinates": [ -103.604291644634245, 30.250534629546799 ] } },
{ "type": "Feature", "properties": { "bounding_box": "POLYGON ((634341.5995132611 3347370.794919947, 634343.2567750212 3347370.794919947, 634343.2567750212 3347369.1376768094, 634341.5995132611 3347369.1376768094, 634341.5995132611 3347370.794919947))", "target_id": "4bcd8233-6026-4fd6-afb4-96b4ac3d68f3", "region_outline_version": "2024-12-14", "region_name": "Brewster_57" }, "geometry": { "type": "Point", "coordinates": [ -103.603643450907626, 30.250517129678016 ] } },
{ "type": "Feature", "properties": { "bounding_box": "POLYGON ((634396.7310878144 3347370.794919947, 634398.6645598678 3347370.794919947, 634398.6645598678 3347368.58526243, 634396.7310878144 3347368.58526243, 634396.7310878144 3347370.794919947))", "target_id": "13c46bd9-8e2c-4734-93fa-aafdf9028899", "region_outline_version": "2024-12-14", "region_name": "Brewster_57" }, "geometry": { "type": "Point", "coordinates": [ -103.603069330264915, 30.250508477307545 ] } },
{ "type": "Feature", "properties": { "bounding_box": "POLYGON ((634423.0263077416 3347370.408229882, 634427.6113986112 3347370.408229882, 634427.6113986112 3347365.6022247816, 634423.0263077416 3347365.6022247816, 634423.0263077416 3347370.408229882))", "target_id": "87fd47bd-e933-4f4f-ac8f-39f2528d1b9c", "region_outline_version": "2024-12-14", "region_name": "Brewster_57" }, "geometry": { "type": "Point", "coordinates": [ -103.602783302962422, 30.250490484807749 ] } },
{ "type": "Feature", "properties": { "bounding_box": "POLYGON ((634387.6161481338 3347370.0767812543, 634389.8810725393 3347370.0767812543, 634389.8810725393 3347367.3147093575, 634387.6161481338 3347367.3147093575, 634387.6161481338 3347370.0767812543))", "target_id": "deb07a5a-62f4-4d3f-9046-bc472ac7443d", "region_outline_version": "2024-12-14", "region_name": "Brewster_57" }, "geometry": { "type": "Point", "coordinates": [ -103.603161936331986, 30.250500515493407 ] } },
{ "type": "Feature", "properties": { "bounding_box": "POLYGON ((634696.9716766892 3347369.358642561, 634698.4632122733 3347369.358642561, 634698.4632122733 3347367.756640861, 634696.9716766892 3347367.756640861, 634696.9716766892 3347369.358642561))", "target_id": "d3e13e1d-ad0b-44bd-8c74-76f210b794c5", "region_outline_version": "2024-12-14", "region_name": "Brewster_57" }, "geometry": { "type": "Point", "coordinates": [ -103.599951652496514, 30.25046476877683 ] } },
{ "type": "Feature", "properties": { "bounding_box": "POLYGON ((634272.3259716881 3347369.0271939333, 634275.3090428563 3347369.0271939333, 634275.3090428563 3347365.491741906, 634272.3259716881 3347365.491741906, 634272.3259716881 3347369.0271939333))", "target_id": "c081af78-478b-4d61-8b39-4c37ae4e327b", "region_outline_version": "2024-12-14", "region_name": "Brewster_57" }, "geometry": { "type": "Point", "coordinates": [ -103.604356977156257, 30.250499038846666 ] } },
{ "type": "Feature", "properties": { "bounding_box": "POLYGON ((634430.0420491928 3347368.9719524956, 634433.2460885957 3347368.9719524956, 634433.2460885957 3347365.326017592, 634430.0420491928 3347365.326017592, 634430.0420491928 3347368.9719524956))", "target_id": "e442d793-3438-4638-b87a-a4e931e5bf25", "region_outline_version": "2024-12-14", "region_name": "Brewster_57" }, "geometry": { "type": "Point", "coordinates": [ -103.60271765970792, 30.2504795680615 ] } },
{ "type": "Feature", "properties": { "bounding_box": "POLYGON ((634405.4040910257 3347368.7509867437, 634409.547245426 3347368.7509867437, 634409.547245426 3347365.988914847, 634405.4040910257 3347365.988914847, 634405.4040910257 3347368.7509867437))", "target_id": "920730bd-27f2-4485-9fc3-7acc25770c48", "region_outline_version": "2024-12-14", "region_name": "Brewster_57" }, "geometry": { "type": "Point", "coordinates": [ -103.602970595681001, 30.250487628514243 ] } },
{ "type": "Feature", "properties": { "bounding_box": "POLYGON ((634315.4147774512 3347367.9776066127, 634320.662773025 3347367.9776066127, 634320.662773025 3347361.5695998124, 634315.4147774512 3347361.5695998124, 634315.4147774512 3347367.9776066127))", "target_id": "dfbe5120-4053-4e32-ab48-322f04436863", "region_outline_version": "2024-12-14", "region_name": "Brewster_57" }, "geometry": { "type": "Point", "coordinates": [ -103.603897298151693, 30.250474406303912 ] } },
{ "type": "Feature", "properties": { "bounding_box": "POLYGON ((634683.4926143736 3347367.701399423, 634684.5422134884 3347367.701399423, 634684.5422134884 3347366.4860877884, 634683.4926143736 3347366.4860877884, 634683.4926143736 3347367.701399423))", "target_id": "3ca71333-93e7-4508-8a6b-580d76654a3c", "region_outline_version": "2024-12-14", "region_name": "Brewster_57" }, "geometry": { "type": "Point", "coordinates": [ -103.600094679221627, 30.250453158261358 ] } },
{ "type": "Feature", "properties": { "bounding_box": "POLYGON ((634264.4815993569 3347367.3147093575, 634267.3541864078 3347367.3147093575, 634267.3541864078 3347365.5469833435, 634264.4815993569 3347365.5469833435, 634264.4815993569 3347367.3147093575))", "target_id": "7cfb5ae2-1080-41ec-a210-ab303f3af18f", "region_outline_version": "2024-12-14", "region_name": "Brewster_57" }, "geometry": { "type": "Point", "coordinates": [ -103.604438021329855, 30.250492619977578 ] } },
{ "type": "Feature", "properties": { "bounding_box": "POLYGON ((634333.6446568125 3347367.25946792, 634335.5228868073 3347367.25946792, 634335.5228868073 3347365.3812590297, 634333.6446568125 3347365.3812590297, 634333.6446568125 3347367.25946792))", "target_id": "7cda5f95-7ede-4861-b30b-5400cc8f4972", "region_outline_version": "2024-12-14", "region_name": "Brewster_57" }, "geometry": { "type": "Point", "coordinates": [ -103.603725736995585, 30.250484799109618 ] } },
{ "type": "Feature", "properties": { "bounding_box": "POLYGON ((634709.0696875381 3347366.7622949784, 634710.6717072396 3347366.7622949784, 634710.6717072396 3347364.663120337, 634709.0696875381 3347364.663120337, 634709.0696875381 3347366.7622949784))", "target_id": "4dd74c38-0394-4ed0-aa92-dc167a7f4b25", "region_outline_version": "2024-12-14", "region_name": "Brewster_57" }, "geometry": { "type": "Point", "coordinates": [ -103.599825983612746, 30.250437805241038 ] } },
{ "type": "Feature", "properties": { "bounding_box": "POLYGON ((634291.3292398709 3347366.4860877884, 634296.3562672099 3347366.4860877884, 634296.3562672099 3347361.182909747, 634291.3292398709 3347361.182909747, 634291.3292398709 3347366.4860877884))", "target_id": "223e6d72-354c-4258-8bb8-ebee8fc3a007", "region_outline_version": "2024-12-14", "region_name": "Brewster_57" }, "geometry": { "type": "Point", "coordinates": [ -103.604149293332512, 30.250467054033461 ] } },
{ "type": "Feature", "properties": { "bounding_box": "POLYGON ((634558.5350776607 3347364.7183617745, 634560.8552441248 3347364.7183617745, 634560.8552441248 3347360.961943995, 634558.5350776607 3347360.961943995, 634558.5350776607 3347364.7183617745))", "target_id": "d011113b-cd2f-4687-a553-f3ecec1e25b9", "region_outline_version": "2024-12-14", "region_name": "Brewster_57" }, "geometry": { "type": "Point", "coordinates": [ -103.60138491064474, 30.250429365244994 ] } },
{ "type": "Feature", "properties": { "bounding_box": "POLYGON ((634276.6348522644 3347364.663120337, 634278.5130822592 3347364.663120337, 634278.5130822592 3347362.5639456953, 634276.6348522644 3347362.5639456953, 634276.6348522644 3347364.663120337))", "target_id": "967dab21-6abf-433b-990c-9b07424c579c", "region_outline_version": "2024-12-14", "region_name": "Brewster_57" }, "geometry": { "type": "Point", "coordinates": [ -103.60431779948324, 30.250466343925169 ] } },
{ "type": "Feature", "properties": { "bounding_box": "POLYGON ((634375.5733793435 3347364.663120337, 634379.6612916852 3347364.663120337, 634379.6612916852 3347362.0115313157, 634375.5733793435 3347362.0115313157, 634375.5733793435 3347364.663120337))", "target_id": "b0432709-f5bb-455b-947c-43d2fe942f54", "region_outline_version": "2024-12-14", "region_name": "Brewster_57" }, "geometry": { "type": "Point", "coordinates": [ -103.603277393824797, 30.250454096944964 ] } },
{ "type": "Feature", "properties": { "bounding_box": "POLYGON ((634706.3075846046 3347363.9449816435, 634708.0200884234 3347363.9449816435, 634708.0200884234 3347361.680082688, 634706.3075846046 3347361.680082688, 634706.3075846046 3347363.9449816435))", "target_id": "5bbbd5d5-a906-480b-8ce7-27b47b5f0076", "region_outline_version": "2024-12-14", "region_name": "Brewster_57" }, "geometry": { "type": "Point", "coordinates": [ -103.599854561962431, 30.25041208107795 ] } },
{ "type": "Feature", "properties": { "bounding_box": "POLYGON ((634410.1549080714 3347363.447808702, 634412.2541063009 3347363.447808702, 634412.2541063009 3347361.0171854333, 634410.1549080714 3347361.0171854333, 634410.1549080714 3347363.447808702))", "target_id": "9a532e7e-e4a5-4b83-9a6d-7365d59ae57a", "region_outline_version": "2024-12-14", "region_name": "Brewster_57" }, "geometry": { "type": "Point", "coordinates": [ -103.602930412771201, 30.250440076229168 ] } },
{ "type": "Feature", "properties": { "bounding_box": "POLYGON ((634721.3886666216 3347363.1716015125, 634723.1011704404 3347363.1716015125, 634723.1011704404 3347361.735324126, 634721.3886666216 3347361.735324126, 634721.3886666216 3347363.1716015125))", "target_id": "be578a25-4578-4645-99a0-86309123cece", "region_outline_version": "2024-12-14", "region_name": "Brewster_57" }, "geometry": { "type": "Point", "coordinates": [ -103.599697909010388, 30.250407021220873 ] } },
{ "type": "Feature", "properties": { "bounding_box": "POLYGON ((634737.7403159882 3347363.1163600744, 634739.3423356896 3347363.1163600744, 634739.3423356896 3347361.2381511847, 634737.7403159882 3347361.2381511847, 634737.7403159882 3347363.1163600744))", "target_id": "5953a559-c669-4b54-bb97-45f79ea50d91", "region_outline_version": "2024-12-14", "region_name": "Brewster_57" }, "geometry": { "type": "Point", "coordinates": [ -103.599528305274859, 30.250403007821191 ] } },
{ "type": "Feature", "properties": { "bounding_box": "POLYGON ((634313.2050951044 3347363.0611186367, 634314.1994521605 3347363.0611186367, 634314.1994521605 3347362.122014192, 634313.2050951044 3347362.122014192, 634313.2050951044 3347363.0611186367))", "target_id": "cda9455d-e96a-4fe9-bee4-7f427795b555", "region_outline_version": "2024-12-14", "region_name": "Brewster_57" }, "geometry": { "type": "Point", "coordinates": [ -103.603942975671103, 30.250453592503757 ] } },
{ "type": "Feature", "properties": { "bounding_box": "POLYGON ((634723.5431069098 3347362.895394323, 634724.8689163179 3347362.895394323, 634724.8689163179 3347361.2381511847, 634723.5431069098 3347361.2381511847, 634723.5431069098 3347362.895394323))", "target_id": "3e97a0a1-0d0c-4a35-a700-cd4948e93236", "region_outline_version": "2024-12-14", "region_name": "Brewster_57" }, "geometry": { "type": "Point", "coordinates": [ -103.599677241079959, 30.250403121323803 ] } },
{ "type": "Feature", "properties": { "bounding_box": "POLYGON ((634284.1477722436 3347362.674428571, 634287.3518116466 3347362.674428571, 634287.3518116466 3347359.415183733, 634284.1477722436 3347359.415183733, 634284.1477722436 3347362.674428571))", "target_id": "975a4cd2-9053-424c-9f8c-b5322fbdc002", "region_outline_version": "2024-12-14", "region_name": "Brewster_57" }, "geometry": { "type": "Point", "coordinates": [ -103.604233358936099, 30.250442902650153 ] } },
{ "type": "Feature", "properties": { "bounding_box": "POLYGON ((634470.258267905 3347362.5639456953, 634473.5727914253 3347362.5639456953, 634473.5727914253 3347359.359942295, 634470.258267905 3347359.359942295, 634470.258267905 3347362.5639456953))", "target_id": "36d3eb18-f9d1-4ae5-8bd8-78ac428e5e57", "region_outline_version": "2024-12-14", "region_name": "Brewster_57" }, "geometry": { "type": "Point", "coordinates": [ -103.602298027813177, 30.250421141585299 ] } },
{ "type": "Feature", "properties": { "bounding_box": "POLYGON ((634438.4940841694 3347362.1772556296, 634440.4827982815 3347362.1772556296, 634440.4827982815 3347360.29904674, 634438.4940841694 3347360.29904674, 634438.4940841694 3347362.1772556296))", "target_id": "dd30de04-5f5e-493b-ab10-0b2f91f57147", "region_outline_version": "2024-12-14", "region_name": "Brewster_57" }, "geometry": { "type": "Point", "coordinates": [ -103.602636632404568, 30.250426835287595 ] } },
{ "type": "Feature", "properties": { "bounding_box": "POLYGON ((634675.9244523357 3347361.293392623, 634678.5760711519 3347361.293392623, 634678.5760711519 3347357.978906347, 634675.9244523357 3347357.978906347, 634675.9244523357 3347361.293392623))", "target_id": "718f3aa2-8cf2-4819-b569-3f03017ae3c3", "region_outline_version": "2024-12-14", "region_name": "Brewster_57" }, "geometry": { "type": "Point", "coordinates": [ -103.600165261250297, 30.250386858453069 ] } },
{ "type": "Feature", "properties": { "bounding_box": "POLYGON ((634304.7530601278 3347360.4095296157, 634305.7474171838 3347360.4095296157, 634305.7474171838 3347359.2494594194, 634304.7530601278 3347359.2494594194, 634304.7530601278 3347360.4095296157))", "target_id": "1bc23372-2d84-4b6a-96d2-039f9fab9796", "region_outline_version": "2024-12-14", "region_name": "Brewster_57" }, "geometry": { "type": "Point", "coordinates": [ -103.604031222916944, 30.250429655213498 ] } },
{ "type": "Feature", "properties": { "bounding_box": "POLYGON ((634307.6256471786 3347360.133322426, 634309.0619407041 3347360.133322426, 634309.0619407041 3347358.641803602, 634307.6256471786 3347358.641803602, 634307.6256471786 3347360.133322426))", "target_id": "ee193875-fd43-4ebf-873e-d1268936fc55", "region_outline_version": "2024-12-14", "region_name": "Brewster_57" }, "geometry": { "type": "Point", "coordinates": [ -103.603998894816499, 30.250425290691677 ] } },
{ "type": "Feature", "properties": { "bounding_box": "POLYGON ((634371.0987725912 3347359.8571152366, 634375.2971690502 3347359.8571152366, 634375.2971690502 3347354.2777300053, 634371.0987725912 3347354.2777300053, 634371.0987725912 3347359.8571152366))", "target_id": "aff888c8-0fed-49f2-8380-976e5189f8b7", "region_outline_version": "2024-12-14", "region_name": "Brewster_57" }, "geometry": { "type": "Point", "coordinates": [ -103.603324930657649, 30.250397268067442 ] } },
{ "type": "Feature", "properties": { "bounding_box": "POLYGON ((634289.3405257587 3347359.746632361, 634292.5998072203 3347359.746632361, 634292.5998072203 3347355.21683445, 634289.3405257587 3347355.21683445, 634289.3405257587 3347359.746632361))", "target_id": "2abb0d7f-0436-4463-b32b-d4a8c7ed2656", "region_outline_version": "2024-12-14", "region_name": "Brewster_57" }, "geometry": { "type": "Point", "coordinates": [ -103.604179909913043, 30.250408057458557 ] } },
{ "type": "Feature", "properties": { "bounding_box": "POLYGON ((634246.3069620542 3347359.304700857, 634249.1243070465 3347359.304700857, 634249.1243070465 3347356.376904647, 634246.3069620542 3347356.376904647, 634246.3069620542 3347359.304700857))", "target_id": "d5aec580-5fdc-4ed1-88ad-4cdc8ffeecfe", "region_outline_version": "2024-12-14", "region_name": "Brewster_57" }, "geometry": { "type": "Point", "coordinates": [ -103.604629209239235, 30.250417954389931 ] } },
{ "type": "Feature", "properties": { "bounding_box": "POLYGON ((634251.3339893933 3347357.6474577193, 634255.3666596763 3347357.6474577193, 634255.3666596763 3347351.3499337947, 634251.3339893933 3347351.3499337947, 634251.3339893933 3347357.6474577193))", "target_id": "27f0d641-b496-4628-9c22-3eb0a3e2a35a", "region_outline_version": "2024-12-14", "region_name": "Brewster_57" }, "geometry": { "type": "Point", "coordinates": [ -103.604572204869569, 30.250386870054772 ] } },
{ "type": "Feature", "properties": { "bounding_box": "POLYGON ((634296.9086877966 3347357.6474577193, 634299.2840963193 3347357.6474577193, 634299.2840963193 3347355.1063515744, 634296.9086877966 3347355.1063515744, 634296.9086877966 3347357.6474577193))", "target_id": "d78d1510-00d0-4df2-8fe1-8fb7f377c0ce", "region_outline_version": "2024-12-14", "region_name": "Brewster_57" }, "geometry": { "type": "Point", "coordinates": [ -103.604106330108607, 30.250399538354205 ] } },
{ "type": "Feature", "properties": { "bounding_box": "POLYGON ((634231.9440267999 3347357.592216281, 634244.9811526461 3347357.592216281, 634244.9811526461 3347346.9858601983, 634231.9440267999 3347346.9858601983, 634231.9440267999 3347357.592216281))", "target_id": "3330ef32-7331-4907-8f57-8feb83b56618", "region_outline_version": "2024-12-14", "region_name": "Brewster_57" }, "geometry": { "type": "Point", "coordinates": [ -103.604716856612825, 30.250373697143637 ] } },
{ "type": "Feature", "properties": { "bounding_box": "POLYGON ((634323.9220544865 3347357.4817334055, 634330.4958594684 3347357.4817334055, 634330.4958594684 3347348.3668961464, 634323.9220544865 3347348.3668961464, 634323.9220544865 3347357.4817334055))", "target_id": "ec928045-a8e0-4035-897b-18ea36fdae4d", "region_outline_version": "2024-12-14", "region_name": "Brewster_57" }, "geometry": { "type": "Point", "coordinates": [ -103.603802982092546, 30.250360976783782 ] } },
{ "type": "Feature", "properties": { "bounding_box": "POLYGON ((634267.7408808185 3347357.37125053, 634270.4477416934 3347357.37125053, 634270.4477416934 3347354.443454319, 634267.7408808185 3347354.443454319, 634267.7408808185 3347357.37125053))", "target_id": "9f6c1b4d-3ef1-41da-81d3-a5b869e25372", "region_outline_version": "2024-12-14", "region_name": "Brewster_57" }, "geometry": { "type": "Point", "coordinates": [ -103.60440659263945, 30.250398657000975 ] } },
{ "type": "Feature", "properties": { "bounding_box": "POLYGON ((634429.489628606 3347356.5426289607, 634437.389242996 3347356.5426289607, 634437.389242996 3347349.9136564084, 634429.489628606 3347349.9136564084, 634429.489628606 3347356.5426289607))", "target_id": "f4f2237f-3f42-467a-9486-8d92787aba42", "region_outline_version": "2024-12-14", "region_name": "Brewster_57" }, "geometry": { "type": "Point", "coordinates": [ -103.602702089108703, 30.25035315189406 ] } },
{ "type": "Feature", "properties": { "bounding_box": "POLYGON ((634313.4260633391 3347356.4873875226, 634314.7518727472 3347356.4873875226, 634314.7518727472 3347355.21683445, 634313.4260633391 3347355.21683445, 634313.4260633391 3347356.4873875226))", "target_id": "d77ef2a8-5bd9-4b78-83f7-047d67ad2e79", "region_outline_version": "2024-12-14", "region_name": "Brewster_57" }, "geometry": { "type": "Point", "coordinates": [ -103.603939713733311, 30.250392915559534 ] } },
{ "type": "Feature", "properties": { "bounding_box": "POLYGON ((634309.4486351148 3347356.045456019, 634319.1712374408 3347356.045456019, 634319.1712374408 3347347.5935160154, 634309.4486351148 3347347.5935160154, 634309.4486351148 3347356.045456019))", "target_id": "a0cf02a4-e87b-4508-ad73-220af09bedaf", "region_outline_version": "2024-12-14", "region_name": "Brewster_57" }, "geometry": { "type": "Point", "coordinates": [ -103.60393559040628, 30.250354644589926 ] } },
{ "type": "Feature", "properties": { "bounding_box": "POLYGON ((634562.843958237 3347355.8244902673, 634563.9487994104 3347355.8244902673, 634563.9487994104 3347354.609178633, 634562.843958237 3347354.609178633, 634562.843958237 3347355.8244902673))", "target_id": "e347c57f-cfce-4618-a6ee-1d751aace263", "region_outline_version": "2024-12-14", "region_name": "Brewster_57" }, "geometry": { "type": "Point", "coordinates": [ -103.601349063151218, 30.250359438827797 ] } },
{ "type": "Feature", "properties": { "bounding_box": "POLYGON ((634300.0022430822 3347355.327317326, 634308.7304883521 3347355.327317326, 634308.7304883521 3347349.416483467, 634300.0022430822 3347349.416483467, 634300.0022430822 3347355.327317326))", "target_id": "2c7bc7b2-42ce-4cca-bc7f-8075f1cc7d1b", "region_outline_version": "2024-12-14", "region_name": "Brewster_57" }, "geometry": { "type": "Point", "coordinates": [ -103.604033494305042, 30.25036226433015 ] } },
{ "type": "Feature", "properties": { "bounding_box": "POLYGON ((634470.9211726091 3347355.161593012, 634472.6889184865 3347355.161593012, 634472.6889184865 3347353.4491084362, 634470.9211726091 3347353.4491084362, 634470.9211726091 3347355.161593012))", "target_id": "ccc95c62-82f2-4193-99e5-cd3343382ab5", "region_outline_version": "2024-12-14", "region_name": "Brewster_57" }, "geometry": { "type": "Point", "coordinates": [ -103.60230150650365, 30.250360843306225 ] } },
{ "type": "Feature", "properties": { "bounding_box": "POLYGON ((634607.3138154668 3347355.161593012, 634609.9101922243 3347355.161593012, 634609.9101922243 3347351.957589612, 634607.3138154668 3347351.957589612, 634607.3138154668 3347355.161593012))", "target_id": "5d7e3b84-c098-42d4-8254-0ea6e9314bbf", "region_outline_version": "2024-12-14", "region_name": "Brewster_57" }, "geometry": { "type": "Point", "coordinates": [ -103.600879214836709, 30.250339235825376 ] } },
{ "type": "Feature", "properties": { "bounding_box": "POLYGON ((634277.1872728511 3347355.0511101363, 634285.8050340038 3347355.0511101363, 634285.8050340038 3347348.5878618984, 634277.1872728511 3347348.5878618984, 634277.1872728511 3347355.0511101363))", "target_id": "112de4da-01bc-4e14-ac7c-95a3ba76e556", "region_outline_version": "2024-12-14", "region_name": "Brewster_57" }, "geometry": { "type": "Point", "coordinates": [ -103.604278062375158, 30.250355464285338 ] } },
{ "type": "Feature", "properties": { "bounding_box": "POLYGON ((634689.5692408273 3347355.0511101363, 634692.3865858195 3347355.0511101363, 634692.3865858195 3347352.01283105, 634689.5692408273 3347352.01283105, 634689.5692408273 3347355.0511101363))", "target_id": "5a578846-da4f-472d-a1c3-5af38d3bc2c8", "region_outline_version": "2024-12-14", "region_name": "Brewster_57" }, "geometry": { "type": "Point", "coordinates": [ -103.600023667527537, 30.250329209543128 ] } },
{ "type": "Feature", "properties": { "bounding_box": "POLYGON ((634511.9107801426 3347354.995868698, 634513.7337680787 3347354.995868698, 634513.7337680787 3347352.786211181, 634511.9107801426 3347352.786211181, 634511.9107801426 3347354.995868698))", "target_id": "0cae4c8d-de1f-438f-994b-f0e54172f266", "region_outline_version": "2024-12-14", "region_name": "Brewster_57" }, "geometry": { "type": "Point", "coordinates": [ -103.601874295176145, 30.250353674681527 ] } },
{ "type": "Feature", "properties": { "bounding_box": "POLYGON ((634398.5540757505 3347354.388212881, 634400.2113375106 3347354.388212881, 634400.2113375106 3347352.951935495, 634398.5540757505 3347352.951935495, 634398.5540757505 3347354.388212881))", "target_id": "0ed17c32-c8c8-4c79-9618-c6aa2087d0ce", "region_outline_version": "2024-12-14", "region_name": "Brewster_57" }, "geometry": { "type": "Point", "coordinates": [ -103.603053180462751, 30.250363439838601 ] } },
{ "type": "Feature", "properties": { "bounding_box": "POLYGON ((634800.2190843446 3347354.1120056915, 634801.3239255181 3347354.1120056915, 634801.3239255181 3347353.1729012467, 634800.2190843446 3347353.1729012467, 634800.2190843446 3347354.1120056915))", "target_id": "7be9746a-19f9-467f-8ae1-fcc2eb26ae1a", "region_outline_version": "2024-12-14", "region_name": "Brewster_57" }, "geometry": { "type": "Point", "coordinates": [ -103.59888264718046, 30.250318809515669 ] } },
{ "type": "Feature", "properties": { "bounding_box": "POLYGON ((634532.6265521441 3347354.0567642534, 634533.6209092002 3347354.0567642534, 634533.6209092002 3347352.951935495, 634532.6265521441 3347352.951935495, 634532.6265521441 3347354.0567642534))", "target_id": "29c32d76-9868-4839-a7f6-782aa8c56975", "region_outline_version": "2024-12-14", "region_name": "Brewster_57" }, "geometry": { "type": "Point", "coordinates": [ -103.601664032173247, 30.250347249984923 ] } },
{ "type": "Feature", "properties": { "bounding_box": "POLYGON ((634440.7037665162 3347353.9462813777, 634441.9743338656 3347353.9462813777, 634441.9743338656 3347352.7309697433, 634440.7037665162 3347352.7309697433, 634440.7037665162 3347353.9462813777))", "target_id": "181c84ae-5a21-43c2-9e46-b1098ad3fa06", "region_outline_version": "2024-12-14", "region_name": "Brewster_57" }, "geometry": { "type": "Point", "coordinates": [ -103.602618117478812, 30.250356044990252 ] } },
{ "type": "Feature", "properties": { "bounding_box": "POLYGON ((634468.0485855582 3347353.9462813777, 634469.3743949663 3347353.9462813777, 634469.3743949663 3347352.5100039914, 634468.0485855582 3347352.5100039914, 634468.0485855582 3347353.9462813777))", "target_id": "ba6f97b2-3029-4ed6-a3ed-debe1712d8ca", "region_outline_version": "2024-12-14", "region_name": "Brewster_57" }, "geometry": { "type": "Point", "coordinates": [ -103.602333793203513, 30.250351705992482 ] } },
{ "type": "Feature", "properties": { "bounding_box": "POLYGON ((634287.2413275292 3347353.559591312, 634288.4014107613 3347353.559591312, 634288.4014107613 3347352.4547625533, 634287.2413275292 3347352.4547625533, 634287.2413275292 3347353.559591312))", "target_id": "db230a7a-45d6-405c-83aa-e77d899e66a4", "region_outline_version": "2024-12-14", "region_name": "Brewster_57" }, "geometry": { "type": "Point", "coordinates": [ -103.604212870222028, 30.250370278836659 ] } },
{ "type": "Feature", "properties": { "bounding_box": "POLYGON ((634380.4899225652 3347353.559591312, 634384.7435610829 3347353.559591312, 634384.7435610829 3347349.9688978465, 634380.4899225652 3347349.9688978465, 634380.4899225652 3347353.559591312))", "target_id": "3ea0ddc7-70ad-42f3-b138-1db3456c9088", "region_outline_version": "2024-12-14", "region_name": "Brewster_57" }, "geometry": { "type": "Point", "coordinates": [ -103.60322720280881, 30.250349074934768 ] } },
{ "type": "Feature", "properties": { "bounding_box": "POLYGON ((634530.5273539147 3347353.559591312, 634531.7426792054 3347353.559591312, 634531.7426792054 3347352.3995211157, 634530.5273539147 3347352.3995211157, 634530.5273539147 3347353.559591312))", "target_id": "38276bed-e414-4680-994e-1886f06c984c", "region_outline_version": "2024-12-14", "region_name": "Brewster_57" }, "geometry": { "type": "Point", "coordinates": [ -103.601684471179354, 30.250342476826894 ] } },
{ "type": "Feature", "properties": { "bounding_box": "POLYGON ((634289.6719781107 3347353.3386255605, 634299.339338378 3347353.3386255605, 634299.339338378 3347341.9036479085, 634289.6719781107 3347341.9036479085, 634289.6719781107 3347353.3386255605))", "target_id": "c3f6d13a-70fc-471b-b5c4-f97c8ec57a1d", "region_outline_version": "2024-12-14", "region_name": "Brewster_57" }, "geometry": { "type": "Point", "coordinates": [ -103.604153821737768, 30.250324830888477 ] } },
{ "type": "Feature", "properties": { "bounding_box": "POLYGON ((634756.2464056428 3347353.007176933, 634759.1742347523 3347353.007176933, 634759.1742347523 3347350.41082935, 634756.2464056428 3347350.41082935, 634756.2464056428 3347353.007176933))", "target_id": "1704becd-de20-48ad-98ee-d1bec0eae00a", "region_outline_version": "2024-12-14", "region_name": "Brewster_57" }, "geometry": { "type": "Point", "coordinates": [ -103.59933029333645, 30.250306062079424 ] } },
{ "type": "Feature", "properties": { "bounding_box": "POLYGON ((634538.8689047738 3347352.5652454295, 634540.1947141819 3347352.5652454295, 634540.1947141819 3347351.018485167, 634538.8689047738 3347351.018485167, 634538.8689047738 3347352.5652454295))", "target_id": "be088b0c-96df-47fb-adaf-c19d7067edf4", "region_outline_version": "2024-12-14", "region_name": "Brewster_57" }, "geometry": { "type": "Point", "coordinates": [ -103.601597482852256, 30.250331205464288 ] } },
{ "type": "Feature", "properties": { "bounding_box": "POLYGON ((634423.9101806803 3347352.5100039914, 634428.7162397847 3347352.5100039914, 634428.7162397847 3347348.2011718326, 634423.9101806803 3347348.2011718326, 634423.9101806803 3347352.5100039914))", "target_id": "1917cfc2-4433-4361-a35d-abe08a4f5317", "region_outline_version": "2024-12-14", "region_name": "Brewster_57" }, "geometry": { "type": "Point", "coordinates": [ -103.602774901682281, 30.250330595890368 ] } },
{ "type": "Feature", "properties": { "bounding_box": "POLYGON ((634532.0741315574 3347352.4547625533, 634533.0132465548 3347352.4547625533, 634533.0132465548 3347351.073726605, 634532.0741315574 3347351.073726605, 634532.0741315574 3347352.4547625533))", "target_id": "1e39a47c-ba0e-4a34-b1f5-79f6ef09f4bd", "region_outline_version": "2024-12-14", "region_name": "Brewster_57" }, "geometry": { "type": "Point", "coordinates": [ -103.601670503708633, 30.250331668261268 ] } },
{ "type": "Feature", "properties": { "bounding_box": "POLYGON ((634541.4652815314 3347351.847106736, 634542.4596385874 3347351.847106736, 634542.4596385874 3347350.8527608532, 634541.4652815314 3347350.8527608532, 634541.4652815314 3347351.847106736))", "target_id": "5f7a23b2-9aae-4dae-a02c-01af1594b146", "region_outline_version": "2024-12-14", "region_name": "Brewster_57" }, "geometry": { "type": "Point", "coordinates": [ -103.601572370320397, 30.250326913441043 ] } },
{ "type": "Feature", "properties": { "bounding_box": "POLYGON ((634739.2870936309 3347351.7918652985, 634741.2205656844 3347351.7918652985, 634741.2205656844 3347350.5213122256, 634739.2870936309 3347350.5213122256, 634739.2870936309 3347351.7918652985))", "target_id": "85692660-8dfa-4213-88e0-05b4019f6d5a", "region_outline_version": "2024-12-14", "region_name": "Brewster_57" }, "geometry": { "type": "Point", "coordinates": [ -103.599511800555888, 30.250303210936284 ] } },
{ "type": "Feature", "properties": { "bounding_box": "POLYGON ((634816.4602495938 3347351.7918652985, 634818.0622692952 3347351.7918652985, 634818.0622692952 3347350.6870365394, 634816.4602495938 3347350.6870365394, 634816.4602495938 3347351.7918652985))", "target_id": "4fcba402-8509-4991-b2f0-c530fa6b3dac", "region_outline_version": "2024-12-14", "region_name": "Brewster_57" }, "geometry": { "type": "Point", "coordinates": [ -103.598711721458741, 30.250295030442633 ] } },
{ "type": "Feature", "properties": { "bounding_box": "POLYGON ((634301.6595048422 3347351.184209481, 634302.9300721916 3347351.184209481, 634302.9300721916 3347350.1346221603, 634301.6595048422 3347350.1346221603, 634301.6595048422 3347351.184209481))", "target_id": "82043bff-0bdb-4e76-abf0-07ef6e63ffcc", "region_outline_version": "2024-12-14", "region_name": "Brewster_57" }, "geometry": { "type": "Point", "coordinates": [ -103.604063132034199, 30.250347260273092 ] } },
{ "type": "Feature", "properties": { "bounding_box": "POLYGON ((634797.2360131764 3347351.184209481, 634798.8932749365 3347351.184209481, 634798.8932749365 3347348.9745519636, 634797.2360131764 3347348.9745519636, 634797.2360131764 3347351.184209481))", "target_id": "53182051-4808-4805-8a51-5c52b5646983", "region_outline_version": "2024-12-14", "region_name": "Brewster_57" }, "geometry": { "type": "Point", "coordinates": [ -103.598911307271081, 30.250287097225694 ] } },
{ "type": "Feature", "properties": { "bounding_box": "POLYGON ((634794.2529420082 3347351.1289680433, 634795.0815728883 3347351.1289680433, 634795.0815728883 3347350.300346474, 634794.2529420082 3347350.300346474, 634794.2529420082 3347351.1289680433))", "target_id": "78993044-fc1e-4f19-9f8b-3bf79383a885", "region_outline_version": "2024-12-14", "region_name": "Brewster_57" }, "geometry": { "type": "Point", "coordinates": [ -103.598946589712924, 30.250293040916116 ] } },
{ "type": "Feature", "properties": { "bounding_box": "POLYGON ((634759.9476235737 3347350.6870365394, 634761.3839170992 3347350.6870365394, 634761.3839170992 3347349.1955177155, 634759.9476235737 3347349.1955177155, 634759.9476235737 3347350.6870365394))", "target_id": "e0401c73-9fcb-4da1-9128-bceb8f90b7d4", "region_outline_version": "2024-12-14", "region_name": "Brewster_57" }, "geometry": { "type": "Point", "coordinates": [ -103.59929965313593, 30.25028975371076 ] } },
{ "type": "Feature", "properties": { "bounding_box": "POLYGON ((634820.271951642 3347350.466070788, 634822.5368760476 3347350.466070788, 634822.5368760476 3347348.5878618984, 634820.271951642 3347348.5878618984, 634820.271951642 3347350.466070788))", "target_id": "b0a46db5-2f05-4f33-8a2d-8e1aa2236434", "region_outline_version": "2024-12-14", "region_name": "Brewster_57" }, "geometry": { "type": "Point", "coordinates": [ -103.598669451394088, 30.250279255311206 ] } },
{ "type": "Feature", "properties": { "bounding_box": "POLYGON ((634365.7955349588 3347349.858414971, 634370.9330464152 3347349.858414971, 634370.9330464152 3347344.4447540534, 634365.7955349588 3347344.4447540534, 634365.7955349588 3347349.858414971))", "target_id": "47994f3c-63d6-4b70-bc1b-5d95611df40a", "region_outline_version": "2024-12-14", "region_name": "Brewster_57" }, "geometry": { "type": "Point", "coordinates": [ -103.603376777307332, 30.250308489549841 ] } },
{ "type": "Feature", "properties": { "bounding_box": "POLYGON ((634805.522321977 3347349.8031735327, 634810.7703175507 3347349.8031735327, 634810.7703175507 3347345.8810314396, 634805.522321977 3347345.8810314396, 634805.522321977 3347349.8031735327))", "target_id": "8488e0d8-5ea5-4dd4-94ad-15b8d0207fc0", "region_outline_version": "2024-12-14", "region_name": "Brewster_57" }, "geometry": { "type": "Point", "coordinates": [ -103.598812894560282, 30.250263275149891 ] } },
{ "type": "Feature", "properties": { "bounding_box": "POLYGON ((634285.6393078278 3347349.526966343, 634287.0756013532 3347349.526966343, 634287.0756013532 3347347.4277917016, 634285.6393078278 3347347.4277917016, 634285.6393078278 3347349.526966343))", "target_id": "a90fadec-74b9-41fd-b4d5-475f0fb532c9", "region_outline_version": "2024-12-14", "region_name": "Brewster_57" }, "geometry": { "type": "Point", "coordinates": [ -103.604228838196306, 30.250329134517145 ] } },
{ "type": "Feature", "properties": { "bounding_box": "POLYGON ((634814.3610513643 3347349.1955177155, 634817.5098487085 3347349.1955177155, 634817.5098487085 3347345.549582812, 634814.3610513643 3347345.549582812, 634814.3610513643 3347349.1955177155))", "target_id": "69a82e97-1abf-4a73-acae-7532b590f0e2", "region_outline_version": "2024-12-14", "region_name": "Brewster_57" }, "geometry": { "type": "Point", "coordinates": [ -103.598727387007429, 30.250263410295858 ] } },
{ "type": "Feature", "properties": { "bounding_box": "POLYGON ((634608.5843828162 3347348.9745519636, 634609.633981931 3347348.9745519636, 634609.633981931 3347347.814481767, 634608.5843828162 3347347.814481767, 634608.5843828162 3347348.9745519636))", "target_id": "6985ac0b-9005-4b6f-9e8d-ba4e38d00703", "region_outline_version": "2024-12-14", "region_name": "Brewster_57" }, "geometry": { "type": "Point", "coordinates": [ -103.600875165683632, 30.250292699915818 ] } },
{ "type": "Feature", "properties": { "bounding_box": "POLYGON ((634802.6497349262 3347348.80882765, 634803.4783658062 3347348.80882765, 634803.4783658062 3347347.9802060807, 634802.6497349262 3347347.9802060807, 634802.6497349262 3347348.80882765))", "target_id": "257718be-8e81-4a4b-af2d-2c4715dfc190", "region_outline_version": "2024-12-14", "region_name": "Brewster_57" }, "geometry": { "type": "Point", "coordinates": [ -103.598859632534428, 30.25027117623457 ] } },
{ "type": "Feature", "properties": { "bounding_box": "POLYGON ((634540.5814085926 3347348.698344774, 634541.9624600594 3347348.698344774, 634541.9624600594 3347347.648757453, 634540.5814085926 3347347.648757453, 634540.5814085926 3347348.698344774))", "target_id": "163d8913-8808-4711-8837-618576353afa", "region_outline_version": "2024-12-14", "region_name": "Brewster_57" }, "geometry": { "type": "Point", "coordinates": [ -103.601580062801162, 30.250298286796635 ] } },
{ "type": "Feature", "properties": { "bounding_box": "POLYGON ((634538.7584206566 3347348.2564132707, 634540.0842300646 3347348.2564132707, 634540.0842300646 3347346.4334458187, 634538.7584206566 3347346.4334458187, 634538.7584206566 3347348.2564132707))", "target_id": "0e16e0f4-25f9-4c46-af8b-3f16d3f85a4d", "region_outline_version": "2024-12-14", "region_name": "Brewster_57" }, "geometry": { "type": "Point", "coordinates": [ -103.601599926512151, 30.250291183227603 ] } },
{ "type": "Feature", "properties": { "bounding_box": "POLYGON ((634795.4130252403 3347348.2011718326, 634796.9045608244 3347348.2011718326, 634796.9045608244 3347345.494341374, 634795.4130252403 3347345.494341374, 634795.4130252403 3347348.2011718326))", "target_id": "5797e0ea-60ca-4f46-ba0c-375860bd41c3", "region_outline_version": "2024-12-14", "region_name": "Brewster_57" }, "geometry": { "type": "Point", "coordinates": [ -103.598932201882249, 30.250258599363416 ] } },
{ "type": "Feature", "properties": { "bounding_box": "POLYGON ((634817.6755748845 3347348.2011718326, 634820.7138881114 3347348.2011718326, 634820.7138881114 3347343.947581112, 634817.6755748845 3347343.947581112, 634817.6755748845 3347348.2011718326))", "target_id": "d0ca002f-597b-482a-863c-b43441627ee1", "region_outline_version": "2024-12-14", "region_name": "Brewster_57" }, "geometry": { "type": "Point", "coordinates": [ -103.598692326835817, 30.250249371396571 ] } },
{ "type": "Feature", "properties": { "bounding_box": "POLYGON ((634280.7780066647 3347347.869723205, 634281.9380898968 3347347.869723205, 634281.9380898968 3347346.5991701325, 634280.7780066647 3347346.5991701325, 634280.7780066647 3347347.869723205))", "target_id": "74053bcd-9ab1-4768-bd78-dca9836d12a8", "region_outline_version": "2024-12-14", "region_name": "Brewster_57" }, "geometry": { "type": "Point", "coordinates": [ -103.604281046229644, 30.250318304917002 ] } },
{ "type": "Feature", "properties": { "bounding_box": "POLYGON ((634440.5380403402 3347347.814481767, 634443.2449012151 3347347.814481767, 634443.2449012151 3347344.665719805, 634440.5380403402 3347344.665719805, 634440.5380403402 3347347.814481767))", "target_id": "9aec44df-097b-4a22-996c-ddec1558cc92", "region_outline_version": "2024-12-14", "region_name": "Brewster_57" }, "geometry": { "type": "Point", "coordinates": [ -103.602613010457233, 30.250291840235541 ] } },
{ "type": "Feature", "properties": { "bounding_box": "POLYGON ((634745.0875097914 3347347.648757453, 634746.8552556688 3347347.648757453, 634746.8552556688 3347345.9915143154, 634745.0875097914 3347345.9915143154, 634745.0875097914 3347347.648757453))", "target_id": "69e277f6-3dc2-4356-aff0-73f7b322f390", "region_outline_version": "2024-12-14", "region_name": "Brewster_57" }, "geometry": { "type": "Point", "coordinates": [ -103.599453014787429, 30.250263380874856 ] } },
{ "type": "Feature", "properties": { "bounding_box": "POLYGON ((634305.0845124798 3347347.4277917016, 634306.4655639466 3347347.4277917016, 634306.4655639466 3347346.101997191, 634305.0845124798 3347346.101997191, 634305.0845124798 3347347.4277917016))", "target_id": "369dd359-1942-4cb1-8ffc-2ab3d5322c9f", "region_outline_version": "2024-12-14", "region_name": "Brewster_57" }, "geometry": { "type": "Point", "coordinates": [ -103.604027507277394, 30.250311901793193 ] } },
{ "type": "Feature", "properties": { "bounding_box": "POLYGON ((634612.1198745711 3347347.262067388, 634616.4287551475 3347347.262067388, 634616.4287551475 3347342.345579412, 634612.1198745711 3347342.345579412, 634612.1198745711 3347347.262067388))", "target_id": "4d6252ed-4ecf-4028-96f9-5989e4d3b5f8", "region_outline_version": "2024-12-14", "region_name": "Brewster_57" }, "geometry": { "type": "Point", "coordinates": [ -103.600822088109041, 30.250257620078855 ] } },
{ "type": "Feature", "properties": { "bounding_box": "POLYGON ((634407.1718369031 3347347.096343074, 634410.7073286581 3347347.096343074, 634410.7073286581 3347343.671373922, 634407.1718369031 3347343.671373922, 634407.1718369031 3347347.096343074))", "target_id": "3b339667-2b2e-4cf8-b70a-47494f6c3bf4", "region_outline_version": "2024-12-14", "region_name": "Brewster_57" }, "geometry": { "type": "Point", "coordinates": [ -103.60295528287223, 30.250287959947727 ] } },
{ "type": "Feature", "properties": { "bounding_box": "POLYGON ((634511.7450539666 3347346.7648944464, 634515.7777242495 3347346.7648944464, 634515.7777242495 3347342.787510915, 634511.7450539666 3347342.787510915, 634511.7450539666 3347346.7648944464))", "target_id": "5ee59dc3-55ac-4a34-8a98-b889c83284fc", "region_outline_version": "2024-12-14", "region_name": "Brewster_57" }, "geometry": { "type": "Point", "coordinates": [ -103.601866548701793, 30.250270683308738 ] } },
{ "type": "Feature", "properties": { "bounding_box": "POLYGON ((634811.21225402 3347346.3782043806, 634813.2009681322 3347346.3782043806, 634813.2009681322 3347344.555236929, 634811.21225402 3347344.555236929, 634811.21225402 3347346.3782043806))", "target_id": "24c190b2-82f6-4231-8d14-9717718b71e2", "region_outline_version": "2024-12-14", "region_name": "Brewster_57" }, "geometry": { "type": "Point", "coordinates": [ -103.59876525683292, 30.250243558896695 ] } },
{ "type": "Feature", "properties": { "bounding_box": "POLYGON ((634273.9832334482 3347346.322962943, 634276.5243681471 3347346.322962943, 634276.5243681471 3347343.8370982357, 634273.9832334482 3347343.8370982357, 634273.9832334482 3347346.322962943))", "target_id": "0d7fc6c9-a07b-4750-8a19-0e59827a89e3", "region_outline_version": "2024-12-14", "region_name": "Brewster_57" }, "geometry": { "type": "Point", "coordinates": [ -103.604344424532414, 30.250299640796154 ] } },
{ "type": "Feature", "properties": { "bounding_box": "POLYGON ((634393.1403540008 3347346.267721505, 634398.9960122199 3347346.267721505, 634398.9960122199 3347343.3951667324, 634393.1403540008 3347343.3951667324, 634393.1403540008 3347346.267721505))", "target_id": "b818d74b-78d6-4dbc-8f5c-2947d9d2ce7f", "region_outline_version": "2024-12-14", "region_name": "Brewster_57" }, "geometry": { "type": "Point", "coordinates": [ -103.603089855425438, 30.250284376927755 ] } },
{ "type": "Feature", "properties": { "bounding_box": "POLYGON ((634803.7545760996 3347346.267721505, 634806.2957107984 3347346.267721505, 634806.2957107984 3347344.2790297396, 634803.7545760996 3347344.2790297396, 634803.7545760996 3347346.267721505))", "target_id": "aae3a3f7-48df-4231-b983-d8a51bcf724a", "region_outline_version": "2024-12-14", "region_name": "Brewster_57" }, "geometry": { "type": "Point", "coordinates": [ -103.598838967498054, 30.250243415807478 ] } },
{ "type": "Feature", "properties": { "bounding_box": "POLYGON ((634537.3773691898 3347346.157238629, 634538.9241468325 3347346.157238629, 634538.9241468325 3347344.1685468634, 634537.3773691898 3347344.1685468634, 634537.3773691898 3347346.157238629))", "target_id": "7e3d24ce-6b55-4688-8780-784d43cfea8c", "region_outline_version": "2024-12-14", "region_name": "Brewster_57" }, "geometry": { "type": "Point", "coordinates": [ -103.601613067764646, 30.250271069570477 ] } },
{ "type": "Feature", "properties": { "bounding_box": "POLYGON ((634284.755434889 3347345.9915143154, 634286.4679387078 3347345.9915143154, 634286.4679387078 3347344.499995491, 634284.755434889 3347344.499995491, 634284.755434889 3347345.9915143154))", "target_id": "b20e6e85-7343-402b-8321-ccaef66df550", "region_outline_version": "2024-12-14", "region_name": "Brewster_57" }, "geometry": { "type": "Point", "coordinates": [ -103.604236204354365, 30.250300954049575 ] } },
{ "type": "Feature", "properties": { "bounding_box": "POLYGON ((634481.8038581671 3347345.8810314396, 634484.7316872767 3347345.8810314396, 634484.7316872767 3347343.118959543, 634481.8038581671 3347343.118959543, 634481.8038581671 3347345.8810314396))", "target_id": "a165f84a-8fc6-4ff5-94f4-87fcb0889afe", "region_outline_version": "2024-12-14", "region_name": "Brewster_57" }, "geometry": { "type": "Point", "coordinates": [ -103.602182216163868, 30.25027206850967 ] } },
{ "type": "Feature", "properties": { "bounding_box": "POLYGON ((634280.6675225474 3347345.494341374, 634282.5457525422 3347345.494341374, 634282.5457525422 3347343.8370982357, 634280.6675225474 3347343.8370982357, 634280.6675225474 3347345.494341374))", "target_id": "4de840b1-0a49-4d94-a205-3e9438c51d86", "region_outline_version": "2024-12-14", "region_name": "Brewster_57" }, "geometry": { "type": "Point", "coordinates": [ -103.604278617764919, 30.25029555814162 ] } },
{ "type": "Feature", "properties": { "bounding_box": "POLYGON ((634799.1142431712 3347344.8314441186, 634800.992473166 3347344.8314441186, 634800.992473166 3347343.6161324843, 634799.1142431712 3347343.6161324843, 634799.1142431712 3347344.8314441186))", "target_id": "b5e9c758-ba5d-4f78-ad58-32e6ada892f4", "region_outline_version": "2024-12-14", "region_name": "Brewster_57" }, "geometry": { "type": "Point", "coordinates": [ -103.598890898220816, 30.250233364076045 ] } },
{ "type": "Feature", "properties": { "bounding_box": "POLYGON ((634277.5187252032 3347344.720961243, 634279.0102607873 3347344.720961243, 634279.0102607873 3347343.008476667, 634277.5187252032 3347343.008476667, 634277.5187252032 3347344.720961243))", "target_id": "972f94fb-ce31-490a-8684-591f23685a6c", "region_outline_version": "2024-12-14", "region_name": "Brewster_57" }, "geometry": { "type": "Point", "coordinates": [ -103.604312981209887, 30.250288492984609 ] } },
{ "type": "Feature", "properties": { "bounding_box": "POLYGON ((634567.373807048 3347344.2237883015, 634570.3016361574 3347344.2237883015, 634570.3016361574 3347341.130267777, 634567.373807048 3347341.130267777, 634567.373807048 3347344.2237883015))", "target_id": "cd530aca-e6c5-4ec0-b72a-b475024ab715", "region_outline_version": "2024-12-14", "region_name": "Brewster_57" }, "geometry": { "type": "Point", "coordinates": [ -103.601293615938076, 30.250245550265689 ] } },
{ "type": "Feature", "properties": { "bounding_box": "POLYGON ((634404.4097339696 3347343.892339674, 634405.4593330843 3347343.892339674, 634405.4593330843 3347342.5113037257, 634404.4097339696 3347342.5113037257, 634404.4097339696 3347343.892339674))", "target_id": "ac657d76-683e-476a-8900-e2d17c5102a4", "region_outline_version": "2024-12-14", "region_name": "Brewster_57" }, "geometry": { "type": "Point", "coordinates": [ -103.602997665495508, 30.25026856134879 ] } },
{ "type": "Feature", "properties": { "bounding_box": "POLYGON ((634814.5267775403 3347343.781856798, 634817.2336384152 3347343.781856798, 634817.2336384152 3347342.014130784, 634814.5267775403 3347342.014130784, 634814.5267775403 3347343.781856798))", "target_id": "675cdfbe-9f6d-47f3-88ae-024bfc628852", "region_outline_version": "2024-12-14", "region_name": "Brewster_57" }, "geometry": { "type": "Point", "coordinates": [ -103.598727959765853, 30.250219168153745 ] } },
{ "type": "Feature", "properties": { "bounding_box": "POLYGON ((634377.341125221 3347343.6161324843, 634380.4899225652 3347343.6161324843, 634380.4899225652 3347340.412129084, 634377.341125221 3347340.412129084, 634377.341125221 3347343.6161324843))", "target_id": "af96ecf6-de62-4396-9096-b81d83c51803", "region_outline_version": "2024-12-14", "region_name": "Brewster_57" }, "geometry": { "type": "Point", "coordinates": [ -103.603269879467732, 30.250261224222186 ] } },
{ "type": "Feature", "properties": { "bounding_box": "POLYGON ((634286.5231807665 3347343.560891046, 634288.4014107613 3347343.560891046, 634288.4014107613 3347341.7931650323, 634286.5231807665 3347341.7931650323, 634286.5231807665 3347343.560891046))", "target_id": "c6f75e18-121c-4610-ac3d-85cd8d8f6e21", "region_outline_version": "2024-12-14", "region_name": "Brewster_57" }, "geometry": { "type": "Point", "coordinates": [ -103.60421819674977, 30.250276512512691 ] } },
{ "type": "Feature", "properties": { "bounding_box": "POLYGON ((634416.4525027598 3347343.560891046, 634417.9992804026 3347343.560891046, 634417.9992804026 3347341.958889346, 634416.4525027598 3347341.958889346, 634416.4525027598 3347343.560891046))", "target_id": "125eb782-a18b-47c6-8b57-11ed8212b1cf", "region_outline_version": "2024-12-14", "region_name": "Brewster_57" }, "geometry": { "type": "Point", "coordinates": [ -103.602869249969046, 30.250263031899664 ] } },
{ "type": "Feature", "properties": { "bounding_box": "POLYGON ((634601.2924310717 3347343.505649608, 634602.8944507731 3347343.505649608, 634602.8944507731 3347341.9036479085, 634601.2924310717 3347341.9036479085, 634601.2924310717 3347343.505649608))", "target_id": "7ce3fba3-6367-42e8-9f4c-099707917f16", "region_outline_version": "2024-12-14", "region_name": "Brewster_57" }, "geometry": { "type": "Point", "coordinates": [ -103.600948783256243, 30.250242427844185 ] } },
{ "type": "Feature", "properties": { "bounding_box": "POLYGON ((634833.5852877817 3347343.2294424186, 634836.6236010086 3347343.2294424186, 634836.6236010086 3347340.577853398, 634833.5852877817 3347340.577853398, 634833.5852877817 3347343.2294424186))", "target_id": "aeebf1b3-1cbb-485f-8a50-d6f54481c407", "region_outline_version": "2024-12-14", "region_name": "Brewster_57" }, "geometry": { "type": "Point", "coordinates": [ -103.598531150742929, 30.250205580911071 ] } },
{ "type": "Feature", "properties": { "bounding_box": "POLYGON ((634270.668709928 3347343.118959543, 634280.0046178433 3347343.118959543, 634280.0046178433 3347337.760540063, 634270.668709928 3347337.760540063, 634270.668709928 3347343.118959543))", "target_id": "69c3464b-fd68-442e-a56b-3f7cc82383db", "region_outline_version": "2024-12-14", "region_name": "Brewster_57" }, "geometry": { "type": "Point", "coordinates": [ -103.604341086121053, 30.25025700366546 ] } },
{ "type": "Feature", "properties": { "bounding_box": "POLYGON ((634818.1175113539 3347342.8427523533, 634819.3880787033 3347342.8427523533, 634819.3880787033 3347341.8484064704, 634818.1175113539 3347341.8484064704, 634818.1175113539 3347342.8427523533))", "target_id": "129b5d64-b686-43ed-ad84-431793bae2b4", "region_outline_version": "2024-12-14", "region_name": "Brewster_57" }, "geometry": { "type": "Point", "coordinates": [ -103.59869729857796, 30.250214885751639 ] } },
{ "type": "Feature", "properties": { "bounding_box": "POLYGON ((634659.95949738 3347342.5113037257, 634661.8377273747 3347342.5113037257, 634661.8377273747 3347340.52261196, 634659.95949738 3347340.52261196, 634659.95949738 3347342.5113037257))", "target_id": "37ad5696-22ec-4202-9a1f-fb3e74fc3bc8", "region_outline_version": "2024-12-14", "region_name": "Brewster_57" }, "geometry": { "type": "Point", "coordinates": [ -103.600337267566729, 30.250224466974867 ] } },
{ "type": "Feature", "properties": { "bounding_box": "POLYGON ((634800.4400525793 3347342.4560622876, 634801.8763461048 3347342.4560622876, 634801.8763461048 3347340.7435777117, 634800.4400525793 3347340.7435777117, 634800.4400525793 3347342.4560622876))", "target_id": "aad2e312-e334-40aa-ab78-3c2f1ab848d9", "region_outline_version": "2024-12-14", "region_name": "Brewster_57" }, "geometry": { "type": "Point", "coordinates": [ -103.598879695548476, 30.250209870538107 ] } },
{ "type": "Feature", "properties": { "bounding_box": "POLYGON ((634738.9003992202 3347342.345579412, 634740.9443553911 3347342.345579412, 634740.9443553911 3347340.2464047703, 634738.9003992202 3347340.2464047703, 634738.9003992202 3347342.345579412))", "target_id": "6fde96b9-edcd-46a4-82a6-003e4dae9fa9", "region_outline_version": "2024-12-14", "region_name": "Brewster_57" }, "geometry": { "type": "Point", "coordinates": [ -103.599516330582986, 30.250214758025422 ] } },
{ "type": "Feature", "properties": { "bounding_box": "POLYGON ((634657.749815033 3347341.572199281, 634658.7994141479 3347341.572199281, 634658.7994141479 3347340.6330948356, 634657.749815033 3347340.6330948356, 634657.749815033 3347341.572199281))", "target_id": "e37e324b-3e23-400c-9ab0-732b1687e756", "region_outline_version": "2024-12-14", "region_name": "Brewster_57" }, "geometry": { "type": "Point", "coordinates": [ -103.600365130544873, 30.25022144427848 ] } },
{ "type": "Feature", "properties": { "bounding_box": "POLYGON ((634417.9992804026 3347341.5169578427, 634423.0263077416 3347341.5169578427, 634423.0263077416 3347336.8766770563, 634417.9992804026 3347336.8766770563, 634417.9992804026 3347341.5169578427))", "target_id": "f3f02492-cd71-4f92-8f6b-c7aca9acc6d5", "region_outline_version": "2024-12-14", "region_name": "Brewster_57" }, "geometry": { "type": "Point", "coordinates": [ -103.602835361191509, 30.250230547117109 ] } },
{ "type": "Feature", "properties": { "bounding_box": "POLYGON ((634301.4385366075 3347341.4617164047, 634306.7417742399 3347341.4617164047, 634306.7417742399 3347337.871022939, 634301.4385366075 3347337.871022939, 634301.4385366075 3347341.4617164047))", "target_id": "799deb63-fe9f-4394-a76e-c30868da2385", "region_outline_version": "2024-12-14", "region_name": "Brewster_57" }, "geometry": { "type": "Point", "coordinates": [ -103.604044692469898, 30.250248309709509 ] } },
{ "type": "Feature", "properties": { "bounding_box": "POLYGON ((634427.0037359659 3347341.4617164047, 634431.9202791876 3347341.4617164047, 634431.9202791876 3347337.263367122, 634427.0037359659 3347337.263367122, 634427.0037359659 3347341.4617164047))", "target_id": "b40c5076-b2b1-4f67-a90a-c01dfda51201", "region_outline_version": "2024-12-14", "region_name": "Brewster_57" }, "geometry": { "type": "Point", "coordinates": [ -103.602744270494341, 30.250232330936477 ] } },
{ "type": "Feature", "properties": { "bounding_box": "POLYGON ((634424.794053619 3347341.240750653, 634426.6170415552 3347341.240750653, 634426.6170415552 3347339.1968174493, 634424.794053619 3347339.1968174493, 634424.794053619 3347341.240750653))", "target_id": "582189c0-399c-45df-b091-643ff90dc051", "region_outline_version": "2024-12-14", "region_name": "Brewster_57" }, "geometry": { "type": "Point", "coordinates": [ -103.602782119764896, 30.250239215496617 ] } },
{ "type": "Feature", "properties": { "bounding_box": "POLYGON ((634298.4554654394 3347340.7988191494, 634300.2784533754 3347340.7988191494, 634300.2784533754 3347338.865368822, 634298.4554654394 3347338.865368822, 634298.4554654394 3347340.7988191494))", "target_id": "630e6124-591b-41fa-90f4-7075895bff60", "region_outline_version": "2024-12-14", "region_name": "Brewster_57" }, "geometry": { "type": "Point", "coordinates": [ -103.604094978204145, 30.250250311395156 ] } },
{ "type": "Feature", "properties": { "bounding_box": "POLYGON ((634317.8454280327 3347340.7435777117, 634320.1655944969 3347340.7435777117, 634320.1655944969 3347338.2577130045, 634317.8454280327 3347338.2577130045, 634317.8454280327 3347340.7435777117))", "target_id": "acc55b42-1b95-4280-83ba-deb89f28f720", "region_outline_version": "2024-12-14", "region_name": "Brewster_57" }, "geometry": { "type": "Point", "coordinates": [ -103.603891073863778, 30.250244512778224 ] } },
{ "type": "Feature", "properties": { "bounding_box": "POLYGON ((634607.8662360535 3347340.7435777117, 634610.1864025177 3347340.7435777117, 634610.1864025177 3347337.926264377, 634607.8662360535 3347337.926264377, 634607.8662360535 3347340.7435777117))", "target_id": "63e6a7f9-ac65-40f4-bd65-cb64238e2d6d", "region_outline_version": "2024-12-14", "region_name": "Brewster_57" }, "geometry": { "type": "Point", "coordinates": [ -103.600877508573518, 30.250210984200489 ] } },
{ "type": "Feature", "properties": { "bounding_box": "POLYGON ((634692.497069937 3347340.7435777117, 634693.988605521 3347340.7435777117, 634693.988605521 3347339.1968174493, 634692.497069937 3347339.1968174493, 634692.497069937 3347340.7435777117))", "target_id": "4c9ea464-d7ba-49a3-87c3-a4c858e48fca", "region_outline_version": "2024-12-14", "region_name": "Brewster_57" }, "geometry": { "type": "Point", "coordinates": [ -103.600001714737928, 30.250207329500618 ] } },
{ "type": "Feature", "properties": { "bounding_box": "POLYGON ((634830.2707642615 3347340.577853398, 634832.7566569017 3347340.577853398, 634832.7566569017 3347338.4786787564, 634830.2707642615 3347338.4786787564, 634830.2707642615 3347340.577853398))", "target_id": "668bebf2-bfeb-4cac-b559-978508535f11", "region_outline_version": "2024-12-14", "region_name": "Brewster_57" }, "geometry": { "type": "Point", "coordinates": [ -103.598563622910802, 30.250189226097813 ] } },
{ "type": "Feature", "properties": { "bounding_box": "POLYGON ((634406.7851424924 3347340.52261196, 634408.3871621939 3347340.52261196, 634408.3871621939 3347338.9206102598, 634406.7851424924 3347338.9206102598, 634406.7851424924 3347340.52261196))", "target_id": "fa1044a4-5bc6-4282-9597-eeac18a3aed5", "region_outline_version": "2024-12-14", "region_name": "Brewster_57" }, "geometry": { "type": "Point", "coordinates": [ -103.6029701431045, 30.250236170883291 ] } },
{ "type": "Feature", "properties": { "bounding_box": "POLYGON ((634810.4388651986 3347340.52261196, 634814.0848410709 3347340.52261196, 634814.0848410709 3347336.3242626768, 634810.4388651986 3347336.3242626768, 634810.4388651986 3347340.52261196))", "target_id": "0bb927d8-173a-4385-ab0d-14aae848dee2", "region_outline_version": "2024-12-14", "region_name": "Brewster_57" }, "geometry": { "type": "Point", "coordinates": [ -103.598766270770383, 30.250179747961454 ] } },
{ "type": "Feature", "properties": { "bounding_box": "POLYGON ((634591.017408159 3347340.467370522, 634591.9565231564 3347340.467370522, 634591.9565231564 3347339.528266077, 634591.017408159 3347339.528266077, 634591.017408159 3347340.467370522))", "target_id": "a3336d4b-7506-4614-a587-edd2ddfd06dd", "region_outline_version": "2024-12-14", "region_name": "Brewster_57" }, "geometry": { "type": "Point", "coordinates": [ -103.601059282291615, 30.250219080070327 ] } },
{ "type": "Feature", "properties": { "bounding_box": "POLYGON ((634730.3931221849 3347340.412129084, 634731.8294157104 3347340.412129084, 634731.8294157104 3347338.3129544426, 634730.3931221849 3347338.3129544426, 634730.3931221849 3347340.412129084))", "target_id": "5243b7c0-d3e5-454b-8a7e-c18484df7548", "region_outline_version": "2024-12-14", "region_name": "Brewster_57" }, "geometry": { "type": "Point", "coordinates": [ -103.599608186860081, 30.250197663830885 ] } },
{ "type": "Feature", "properties": { "bounding_box": "POLYGON ((634396.0129410516 3347340.2464047703, 634410.044423954 3347340.2464047703, 634410.044423954 3347329.142875746, 634396.0129410516 3347329.142875746, 634396.0129410516 3347340.2464047703))", "target_id": "bcdf8023-5ec0-4472-8fbd-7f10c7eb43e9", "region_outline_version": "2024-12-14", "region_name": "Brewster_57" }, "geometry": { "type": "Point", "coordinates": [ -103.6030216784864, 30.250193017717038 ] } },
{ "type": "Feature", "properties": { "bounding_box": "POLYGON ((634294.8647316258 3347340.191163332, 634297.2401401486 3347340.191163332, 634297.2401401486 3347337.5395743116, 634294.8647316258 3347337.5395743116, 634294.8647316258 3347340.191163332))", "target_id": "beb62567-d862-4b46-b929-2fc490da915d", "region_outline_version": "2024-12-14", "region_name": "Brewster_57" }, "geometry": { "type": "Point", "coordinates": [ -103.604129686002068, 30.25024064818723 ] } },
{ "type": "Feature", "properties": { "bounding_box": "POLYGON ((634821.0453404634 3347340.191163332, 634822.1501816369 3347340.191163332, 634822.1501816369 3347338.975851698, 634821.0453404634 3347338.975851698, 634821.0453404634 3347340.191163332))", "target_id": "587827b2-63fc-4a28-8e5f-881bfc9244cf", "region_outline_version": "2024-12-14", "region_name": "Brewster_57" }, "geometry": { "type": "Point", "coordinates": [ -103.598667972702884, 30.250189614945711 ] } },
{ "type": "Feature", "properties": { "bounding_box": "POLYGON ((634696.6402243372 3347340.0806804565, 634700.2309581508 3347340.0806804565, 634700.2309581508 3347336.269021239, 634696.6402243372 3347336.269021239, 634696.6402243372 3347340.0806804565))", "target_id": "2b30f3db-6112-4cb0-965d-2efe06b91b5d", "region_outline_version": "2024-12-14", "region_name": "Brewster_57" }, "geometry": { "type": "Point", "coordinates": [ -103.599948617921925, 30.250190754689886 ] } },
{ "type": "Feature", "properties": { "bounding_box": "POLYGON ((634822.9235704582 3347339.6939903907, 634823.9179275143 3347339.6939903907, 634823.9179275143 3347338.865368822, 634822.9235704582 3347338.865368822, 634822.9235704582 3347339.6939903907))", "target_id": "8f51cb51-aa44-4195-9375-3396470852bd", "region_outline_version": "2024-12-14", "region_name": "Brewster_57" }, "geometry": { "type": "Point", "coordinates": [ -103.598649265696494, 30.250186683086156 ] } },
{ "type": "Feature", "properties": { "bounding_box": "POLYGON ((634647.1433397683 3347339.638748953, 634649.4082641738 3347339.638748953, 634649.4082641738 3347337.4843328735, 634647.1433397683 3347337.4843328735, 634647.1433397683 3347339.638748953))", "target_id": "28911506-0006-4ce4-bcb8-d1ad6b4cc37c", "region_outline_version": "2024-12-14", "region_name": "Brewster_57" }, "geometry": { "type": "Point", "coordinates": [ -103.600469555487265, 30.250199424652457 ] } },
{ "type": "Feature", "properties": { "bounding_box": "POLYGON ((634369.9939314178 3347339.528266077, 634373.7503914074 3347339.528266077, 634373.7503914074 3347335.385158232, 634369.9939314178 3347335.385158232, 634369.9939314178 3347339.528266077))", "target_id": "86c3b48a-d448-431c-bce6-e2b3ba2d52ea", "region_outline_version": "2024-12-14", "region_name": "Brewster_57" }, "geometry": { "type": "Point", "coordinates": [ -103.603340913287269, 30.250219742701045 ] } },
{ "type": "Feature", "properties": { "bounding_box": "POLYGON ((634797.6779496458 3347339.1968174493, 634798.8380328779 3347339.1968174493, 634798.8380328779 3347338.202471567, 634797.6779496458 3347338.202471567, 634797.6779496458 3347339.1968174493))", "target_id": "20a0f164-0a9a-402e-bb76-99c8f7f57c17", "region_outline_version": "2024-12-14", "region_name": "Brewster_57" }, "geometry": { "type": "Point", "coordinates": [ -103.598910757990808, 30.250184020367772 ] } },
{ "type": "Feature", "properties": { "bounding_box": "POLYGON ((634825.6856733918 3347338.975851698, 634826.7352725065 3347338.975851698, 634826.7352725065 3347337.815781501, 634825.6856733918 3347337.815781501, 634825.6856733918 3347338.975851698))", "target_id": "00dda0e4-257f-4183-8982-f6abeb40a0a7", "region_outline_version": "2024-12-14", "region_name": "Brewster_57" }, "geometry": { "type": "Point", "coordinates": [ -103.598620417917431, 30.250178415193055 ] } },
{ "type": "Feature", "properties": { "bounding_box": "POLYGON ((634285.8602760624 3347338.3129544426, 634286.6889069425 3347338.3129544426, 634286.6889069425 3347337.4843328735, 634285.8602760624 3347337.4843328735, 634285.8602760624 3347338.3129544426))", "target_id": "d3354fb9-776d-4fab-b00b-d0783e04c66b", "region_outline_version": "2024-12-14", "region_name": "Brewster_57" }, "geometry": { "type": "Point", "coordinates": [ -103.604231132970511, 30.250233825673508 ] } },
{ "type": "Feature", "properties": { "bounding_box": "POLYGON ((634424.1863909736 3347338.036747253, 634429.1029341953 3347338.036747253, 634429.1029341953 3347332.678327773, 634424.1863909736 3347332.678327773, 634424.1863909736 3347338.036747253))", "target_id": "9c4e8897-4327-48fe-8267-2014c3b5d9d2", "region_outline_version": "2024-12-14", "region_name": "Brewster_57" }, "geometry": { "type": "Point", "coordinates": [ -103.602770945066396, 30.250193339800475 ] } },
{ "type": "Feature", "properties": { "bounding_box": "POLYGON ((634849.7159689135 3347337.981505815, 634854.3563018418 3347337.981505815, 634854.3563018418 3347334.832743853, 634849.7159689135 3347334.832743853, 634849.7159689135 3347337.981505815))", "target_id": "dd81b0af-3858-4494-ba4a-1877e684d72f", "region_outline_version": "2024-12-14", "region_name": "Brewster_57" }, "geometry": { "type": "Point", "coordinates": [ -103.598352300637984, 30.25015705962069 ] } },
{ "type": "Feature", "properties": { "bounding_box": "POLYGON ((634262.8795796555 3347337.815781501, 634269.0666902266 3347337.815781501, 634269.0666902266 3347331.352533263, 634262.8795796555 3347331.352533263, 634262.8795796555 3347337.815781501))", "target_id": "8ca4a533-fce2-4a3b-b84d-09494ca3c045", "region_outline_version": "2024-12-14", "region_name": "Brewster_57" }, "geometry": { "type": "Point", "coordinates": [ -103.60444376570733, 30.250206266454565 ] } },
{ "type": "Feature", "properties": { "bounding_box": "POLYGON ((634545.6636779904 3347337.3738499978, 634546.8237612224 3347337.3738499978, 634546.8237612224 3347336.3242626768, 634545.6636779904 3347336.3242626768, 634545.6636779904 3347337.3738499978))", "target_id": "785e2268-fc41-4b12-992f-4e11ae33f7e7", "region_outline_version": "2024-12-14", "region_name": "Brewster_57" }, "geometry": { "type": "Point", "coordinates": [ -103.601529944100363, 30.250195646678645 ] } },
{ "type": "Feature", "properties": { "bounding_box": "POLYGON ((634249.8424538092 3347337.263367122, 634263.4320002422 3347337.263367122, 634263.4320002422 3347325.773148032, 634249.8424538092 3347325.773148032, 634249.8424538092 3347337.263367122))", "target_id": "ec3709b8-f52c-4802-8b87-a2e1978fe30e", "region_outline_version": "2024-12-14", "region_name": "Brewster_57" }, "geometry": { "type": "Point", "coordinates": [ -103.604543435652801, 30.250181097573982 ] } },
{ "type": "Feature", "properties": { "bounding_box": "POLYGON ((634817.7860590019 3347337.152884246, 634819.3328366446 3347337.152884246, 634819.3328366446 3347335.7718482977, 634817.7860590019 3347335.7718482977, 634817.7860590019 3347337.152884246))", "target_id": "b3f2ba14-9e88-4249-a635-d9a41964236b", "region_outline_version": "2024-12-14", "region_name": "Brewster_57" }, "geometry": { "type": "Point", "coordinates": [ -103.598699988057348, 30.250161718720662 ] } },
{ "type": "Feature", "properties": { "bounding_box": "POLYGON ((634358.9455196836 3347336.8766770563, 634361.7628646758 3347336.8766770563, 634361.7628646758 3347334.3355709114, 634358.9455196836 3347334.3355709114, 634358.9455196836 3347336.8766770563))", "target_id": "bf1a1cc0-2c88-4727-b459-3c7680f2a42e", "region_outline_version": "2024-12-14", "region_name": "Brewster_57" }, "geometry": { "type": "Point", "coordinates": [ -103.603461836271393, 30.25020503528707 ] } },
{ "type": "Feature", "properties": { "bounding_box": "POLYGON ((634325.0821377186 3347336.5452284287, 634327.4575462415 3347336.5452284287, 634327.4575462415 3347334.2803294733, 634325.0821377186 3347334.2803294733, 634325.0821377186 3347336.5452284287))", "target_id": "ba3b2bdf-1d4f-4bca-bc94-58b7df7cd675", "region_outline_version": "2024-12-14", "region_name": "Brewster_57" }, "geometry": { "type": "Point", "coordinates": [ -103.60381585278482, 30.250207410900916 ] } },
{ "type": "Feature", "properties": { "bounding_box": "POLYGON ((634329.888196823 3347336.5452284287, 634331.876910935 3347336.5452284287, 634331.876910935 3347334.446053787, 634329.888196823 3347334.446053787, 634329.888196823 3347336.5452284287))", "target_id": "c6e46b00-353b-4e1e-8383-acab3b6d0b79", "region_outline_version": "2024-12-14", "region_name": "Brewster_57" }, "geometry": { "type": "Point", "coordinates": [ -103.603767763813195, 30.250207555249339 ] } },
{ "type": "Feature", "properties": { "bounding_box": "POLYGON ((634413.0274951222 3347336.4899869906, 634414.6847568824 3347336.4899869906, 634414.6847568824 3347335.1641924805, 634413.0274951222 3347335.1641924805, 634413.0274951222 3347336.4899869906))", "target_id": "a5fcc385-4538-4699-8621-7e70ba47a59e", "region_outline_version": "2024-12-14", "region_name": "Brewster_57" }, "geometry": { "type": "Point", "coordinates": [ -103.602905484692698, 30.250200601505149 ] } },
{ "type": "Feature", "properties": { "bounding_box": "POLYGON ((634792.1537437787 3347336.4899869906, 634794.2529420082 3347336.4899869906, 634794.2529420082 3347334.611778101, 634792.1537437787 3347334.611778101, 634792.1537437787 3347336.4899869906))", "target_id": "aff61048-ffcf-4420-99cf-a73d5103d209", "region_outline_version": "2024-12-14", "region_name": "Brewster_57" }, "geometry": { "type": "Point", "coordinates": [ -103.598963610712431, 30.250155894322848 ] } },
{ "type": "Feature", "properties": { "bounding_box": "POLYGON ((634416.7839551119 3347336.269021239, 634418.772669224 3347336.269021239, 634418.772669224 3347334.1698465976, 634416.7839551119 3347334.1698465976, 634416.7839551119 3347336.269021239))", "target_id": "f1f81028-3d07-447f-b93e-93b2af30a3bc", "region_outline_version": "2024-12-14", "region_name": "Brewster_57" }, "geometry": { "type": "Point", "coordinates": [ -103.602864544985081, 30.250195305939524 ] } },
{ "type": "Feature", "properties": { "bounding_box": "POLYGON ((634814.8029878336 3347336.048055487, 634815.7973448897 3347336.048055487, 634815.7973448897 3347335.1089510424, 634814.8029878336 3347335.1089510424, 634814.8029878336 3347336.048055487))", "target_id": "eae8d0af-1fd3-4eed-ac74-8662c15a73f1", "region_outline_version": "2024-12-14", "region_name": "Brewster_57" }, "geometry": { "type": "Point", "coordinates": [ -103.598734237680546, 30.25015432616155 ] } },
{ "type": "Feature", "properties": { "bounding_box": "POLYGON ((634830.4917324961 3347335.9375726115, 634832.4804466083 3347335.9375726115, 634832.4804466083 3347331.7392233284, 634830.4917324961 3347331.7392233284, 634830.4917324961 3347335.9375726115))", "target_id": "784ef803-23f0-4a9d-97df-56cb6abad263", "region_outline_version": "2024-12-14", "region_name": "Brewster_57" }, "geometry": { "type": "Point", "coordinates": [ -103.598566691040517, 30.250133730084922 ] } },
{ "type": "Feature", "properties": { "bounding_box": "POLYGON ((634781.8234788073 3347335.8823311734, 634783.038804098 3347335.8823311734, 634783.038804098 3347334.611778101, 634781.8234788073 3347334.611778101, 634781.8234788073 3347335.8823311734))", "target_id": "ebc0799a-eac5-4edb-9ab7-f4d8d69281f9", "region_outline_version": "2024-12-14", "region_name": "Brewster_57" }, "geometry": { "type": "Point", "coordinates": [ -103.599075200924958, 30.25015457414419 ] } },
{ "type": "Feature", "properties": { "bounding_box": "POLYGON ((634296.3010251512 3347335.827089736, 634299.173612202 3347335.827089736, 634299.173612202 3347332.7888106494, 634296.3010251512 3347332.7888106494, 634296.3010251512 3347335.827089736))", "target_id": "8e173e88-1f48-4bcf-8529-3255f1413e6e", "region_outline_version": "2024-12-14", "region_name": "Brewster_57" }, "geometry": { "type": "Point", "coordinates": [ -103.60411228183122, 30.250200395970456 ] } },
{ "type": "Feature", "properties": { "bounding_box": "POLYGON ((634812.4828213695 3347335.7718482977, 634813.5324204842 3347335.7718482977, 634813.5324204842 3347334.832743853, 634812.4828213695 3347334.832743853, 634812.4828213695 3347335.7718482977))", "target_id": "d581fb15-5449-42be-a868-d9ce964ed380", "region_outline_version": "2024-12-14", "region_name": "Brewster_57" }, "geometry": { "type": "Point", "coordinates": [ -103.598757993710691, 30.250152036456839 ] } },
{ "type": "Feature", "properties": { "bounding_box": "POLYGON ((634802.8707031608 3347335.661365422, 634804.1412705103 3347335.661365422, 634804.1412705103 3347334.5565366633, 634802.8707031608 3347334.5565366633, 634802.8707031608 3347335.661365422))", "target_id": "dd575241-d594-45b8-87a1-cc4f32591f59", "region_outline_version": "2024-12-14", "region_name": "Brewster_57" }, "geometry": { "type": "Point", "coordinates": [ -103.598856654214671, 30.250151150412929 ] } },
{ "type": "Feature", "properties": { "bounding_box": "POLYGON ((634819.6642889967 3347335.3299167943, 634820.6586460527 3347335.3299167943, 634820.6586460527 3347334.2250880357, 634819.6642889967 3347334.2250880357, 634819.6642889967 3347335.3299167943))", "target_id": "53124e8c-3c73-49db-8809-4d6ea0d3e817", "region_outline_version": "2024-12-14", "region_name": "Brewster_57" }, "geometry": { "type": "Point", "coordinates": [ -103.598683776633635, 30.250146522836484 ] } },
{ "type": "Feature", "properties": { "bounding_box": "POLYGON ((634322.3752768437 3347335.274675356, 634324.1982647799 3347335.274675356, 634324.1982647799 3347333.617432218, 634322.3752768437 3347333.617432218, 634322.3752768437 3347335.274675356))", "target_id": "895418d1-59a6-4c06-a428-630cf2bbd544", "region_outline_version": "2024-12-14", "region_name": "Brewster_57" }, "geometry": { "type": "Point", "coordinates": [ -103.603846811854041, 30.250198760724757 ] } },
{ "type": "Feature", "properties": { "bounding_box": "POLYGON ((634734.3153083506 3347335.1641924805, 634737.2983795188 3347335.1641924805, 634737.2983795188 3347333.783156532, 634734.3153083506 3347333.783156532, 634734.3153083506 3347335.1641924805))", "target_id": "0658988b-53e9-471c-9a61-5d009388ff28", "region_outline_version": "2024-12-14", "region_name": "Brewster_57" }, "geometry": { "type": "Point", "coordinates": [ -103.599559309035541, 30.250152619342394 ] } },
{ "type": "Feature", "properties": { "bounding_box": "POLYGON ((634468.4352799689 3347335.1089510424, 634469.2639108489 3347335.1089510424, 634469.2639108489 3347334.2803294733, 634468.4352799689 3347334.2803294733, 634468.4352799689 3347335.1089510424))", "target_id": "e10475b3-fa78-48a9-a219-1450974dd2c1", "region_outline_version": "2024-12-14", "region_name": "Brewster_57" }, "geometry": { "type": "Point", "coordinates": [ -103.602334333892657, 30.250184688691245 ] } },
{ "type": "Feature", "properties": { "bounding_box": "POLYGON ((634225.6464321115 3347334.9432267286, 634243.2686488273 3347334.9432267286, 634243.2686488273 3347314.669619007, 634225.6464321115 3347314.669619007, 634225.6464321115 3347334.9432267286))", "target_id": "cd74c958-0e31-4c94-b99e-0eafa1fe1ac4", "region_outline_version": "2024-12-14", "region_name": "Brewster_57" }, "geometry": { "type": "Point", "coordinates": [ -103.604768813078636, 30.250127772075128 ] } },
{ "type": "Feature", "properties": { "bounding_box": "POLYGON ((634800.4400525793 3347334.832743853, 634802.4287666915 3347334.832743853, 634802.4287666915 3347333.120259277, 634800.4400525793 3347333.120259277, 634800.4400525793 3347334.832743853))", "target_id": "ee7c981a-da50-4faa-81cc-d10c067ae704", "region_outline_version": "2024-12-14", "region_name": "Brewster_57" }, "geometry": { "type": "Point", "coordinates": [ -103.598877863809093, 30.250140643932824 ] } },
{ "type": "Feature", "properties": { "bounding_box": "POLYGON ((634408.5528883699 3347334.611778101, 634410.5416024821 3347334.611778101, 634410.5416024821 3347330.579153132, 634408.5528883699 3347330.579153132, 634408.5528883699 3347334.611778101))", "target_id": "f5f21383-1638-4a69-873c-aac6f5b300df", "region_outline_version": "2024-12-14", "region_name": "Brewster_57" }, "geometry": { "type": "Point", "coordinates": [ -103.602951193631085, 30.250172953586056 ] } },
{ "type": "Feature", "properties": { "bounding_box": "POLYGON ((634489.4825043223 3347334.5565366633, 634493.901869016 3347334.5565366633, 634493.901869016 3347330.3581873802, 634489.4825043223 3347330.3581873802, 634489.4825043223 3347334.5565366633))", "target_id": "5f2e830e-cc53-4974-8ac4-e5217183d417", "region_outline_version": "2024-12-14", "region_name": "Brewster_57" }, "geometry": { "type": "Point", "coordinates": [ -103.602095953017411, 30.250161054991892 ] } },
{ "type": "Feature", "properties": { "bounding_box": "POLYGON ((634384.7435610829 3347334.501295225, 634390.2125248912 3347334.501295225, 634390.2125248912 3347330.8553603217, 634384.7435610829 3347330.8553603217, 634384.7435610829 3347334.501295225))", "target_id": "a4c76024-60c8-4ebe-975d-6c3def9814b8", "region_outline_version": "2024-12-14", "region_name": "Brewster_57" }, "geometry": { "type": "Point", "coordinates": [ -103.603181935705294, 30.250174061277143 ] } },
{ "type": "Feature", "properties": { "bounding_box": "POLYGON ((634815.8525869484 3347334.501295225, 634817.5098487085 3347334.501295225, 634817.5098487085 3347332.678327773, 634815.8525869484 3347332.678327773, 634815.8525869484 3347334.501295225))", "target_id": "24bfbcba-9951-4a72-a0c6-6277b2aa4379", "region_outline_version": "2024-12-14", "region_name": "Brewster_57" }, "geometry": { "type": "Point", "coordinates": [ -103.598720209057817, 30.250136514301442 ] } },
{ "type": "Feature", "properties": { "bounding_box": "POLYGON ((634808.8368454973 3347334.3355709114, 634810.549349316 3347334.3355709114, 634810.549349316 3347332.3468791456, 634808.8368454973 3347332.3468791456, 634808.8368454973 3347334.3355709114))", "target_id": "ae64d2ec-1907-4466-ba67-6fb2977c6880", "region_outline_version": "2024-12-14", "region_name": "Brewster_57" }, "geometry": { "type": "Point", "coordinates": [ -103.59879244099217, 30.250134508552531 ] } },
{ "type": "Feature", "properties": { "bounding_box": "POLYGON ((634852.0361353777 3347334.2803294733, 634852.9752503751 3347334.2803294733, 634852.9752503751 3347333.3412250285, 634852.0361353777 3347333.3412250285, 634852.0361353777 3347334.2803294733))", "target_id": "de3d705d-3c15-4f49-b89e-fe163cfcd164", "region_outline_version": "2024-12-14", "region_name": "Brewster_57" }, "geometry": { "type": "Point", "coordinates": [ -103.598347919869255, 30.250133953515718 ] } },
{ "type": "Feature", "properties": { "bounding_box": "POLYGON ((634375.7943475782 3347333.4517079047, 634376.9544308103 3347333.4517079047, 634376.9544308103 3347331.463016139, 634375.7943475782 3347331.463016139, 634375.7943475782 3347333.4517079047))", "target_id": "d226dbcc-a5c5-467d-b708-b7dae6ce1095", "region_outline_version": "2024-12-14", "region_name": "Brewster_57" }, "geometry": { "type": "Point", "coordinates": [ -103.603295337232865, 30.250174859390942 ] } },
{ "type": "Feature", "properties": { "bounding_box": "POLYGON ((634798.8380328779 3347333.120259277, 634799.6666637579 3347333.120259277, 634799.6666637579 3347332.181154832, 634798.8380328779 3347332.181154832, 634798.8380328779 3347333.120259277))", "target_id": "6f4924ad-dce9-4134-aab8-ec109d45df72", "region_outline_version": "2024-12-14", "region_name": "Brewster_57" }, "geometry": { "type": "Point", "coordinates": [ -103.598901257201348, 30.25012956625368 ] } },
{ "type": "Feature", "properties": { "bounding_box": "POLYGON ((634242.1085655954 3347332.899293525, 634249.8424538092 3347332.899293525, 634249.8424538092 3347325.773148032, 634242.1085655954 3347325.773148032, 634242.1085655954 3347332.899293525))", "target_id": "454fde2e-63cc-444d-b046-3a0adfd568ff", "region_outline_version": "2024-12-14", "region_name": "Brewster_57" }, "geometry": { "type": "Point", "coordinates": [ -103.604653731314386, 30.250159621739694 ] } },
{ "type": "Feature", "properties": { "bounding_box": "POLYGON ((634276.7453363818 3347332.678327773, 634277.6844513792 3347332.678327773, 634277.6844513792 3347331.6287404527, 634276.7453363818 3347331.6287404527, 634276.7453363818 3347332.678327773))", "target_id": "e1ccbeb1-8664-4b53-a84c-6297336a6d64", "region_outline_version": "2024-12-14", "region_name": "Brewster_57" }, "geometry": { "type": "Point", "coordinates": [ -103.604325928077245, 30.250183102195866 ] } },
{ "type": "Feature", "properties": { "bounding_box": "POLYGON ((634840.0486086461 3347332.678327773, 634843.8603106944 3347332.678327773, 634843.8603106944 3347324.944526463, 634840.0486086461 3347324.944526463, 634840.0486086461 3347332.678327773))", "target_id": "179681a0-76f0-4ad7-a161-38a2b1b47315", "region_outline_version": "2024-12-14", "region_name": "Brewster_57" }, "geometry": { "type": "Point", "coordinates": [ -103.598459055054477, 30.250087542045296 ] } },
{ "type": "Feature", "properties": { "bounding_box": "POLYGON ((634330.882553879 3347332.5126034594, 634333.0369941671 3347332.5126034594, 634333.0369941671 3347330.63439457, 634330.882553879 3347330.63439457, 634330.882553879 3347332.5126034594))", "target_id": "88949752-3dce-44a0-a02f-6abf6098ebc1", "region_outline_version": "2024-12-14", "region_name": "Brewster_57" }, "geometry": { "type": "Point", "coordinates": [ -103.603756876808603, 30.250172269645081 ] } },
{ "type": "Feature", "properties": { "bounding_box": "POLYGON ((634785.3037285035 3347332.5126034594, 634789.8888193732 3347332.5126034594, 634789.8888193732 3347327.15418398, 634785.3037285035 3347327.15418398, 634785.3037285035 3347332.5126034594))", "target_id": "4bb0283e-f02f-4284-8952-282bdcc71d5f", "region_outline_version": "2024-12-14", "region_name": "Brewster_57" }, "geometry": { "type": "Point", "coordinates": [ -103.599021737410524, 30.250109929186131 ] } },
{ "type": "Feature", "properties": { "bounding_box": "POLYGON ((634540.5814085926 3347332.3468791456, 634541.4100394727 3347332.3468791456, 634541.4100394727 3347331.518257577, 634540.5814085926 3347331.518257577, 634540.5814085926 3347332.3468791456))", "target_id": "32f5c737-66e4-4c83-b308-a0ca32715565", "region_outline_version": "2024-12-14", "region_name": "Brewster_57" }, "geometry": { "type": "Point", "coordinates": [ -103.60158498896493, 30.250151768118911 ] } },
{ "type": "Feature", "properties": { "bounding_box": "POLYGON ((634288.8985892893 3347332.181154832, 634290.0034304628 3347332.181154832, 634290.0034304628 3347331.0210846355, 634288.8985892893 3347331.0210846355, 634288.8985892893 3347332.181154832))", "target_id": "ab897df6-0268-49d7-be15-d1f19cf1df4a", "region_outline_version": "2024-12-14", "region_name": "Brewster_57" }, "geometry": { "type": "Point", "coordinates": [ -103.604199202613216, 30.250176828846232 ] } },
{ "type": "Feature", "properties": { "bounding_box": "POLYGON ((634738.5689468682 3347332.181154832, 634740.8891133324 3347332.181154832, 634740.8891133324 3347329.916255877, 634738.5689468682 3347329.916255877, 634738.5689468682 3347332.181154832))", "target_id": "a664fc48-4a60-40a5-b3f1-d00a21c28bb6", "region_outline_version": "2024-12-14", "region_name": "Brewster_57" }, "geometry": { "type": "Point", "coordinates": [ -103.599519252551872, 30.250121863145623 ] } },
{ "type": "Feature", "properties": { "bounding_box": "POLYGON ((634340.7156403224 3347331.9049476422, 634341.9862076718 3347331.9049476422, 634341.9862076718 3347330.63439457, 634340.7156403224 3347330.63439457, 634340.7156403224 3347331.9049476422))", "target_id": "5ed74755-3880-48f6-8170-e84e8efe7b0a", "region_outline_version": "2024-12-14", "region_name": "Brewster_57" }, "geometry": { "type": "Point", "coordinates": [ -103.603659591848313, 30.250167814684719 ] } },
{ "type": "Feature", "properties": { "bounding_box": "POLYGON ((634854.5220280178 3347331.7392233284, 634859.2728450635 3347331.7392233284, 634859.2728450635 3347325.2207336524, 634854.5220280178 3347325.2207336524, 634854.5220280178 3347331.7392233284))", "target_id": "a9a2e22d-ab46-41e4-a1c6-d799145d2de9", "region_outline_version": "2024-12-14", "region_name": "Brewster_57" }, "geometry": { "type": "Point", "coordinates": [ -103.598303475879334, 30.250083925253335 ] } },
{ "type": "Feature", "properties": { "bounding_box": "POLYGON ((634617.6440804382 3347331.463016139, 634619.5775524917 3347331.463016139, 634619.5775524917 3347329.4190829354, 634617.6440804382 3347329.4190829354, 634617.6440804382 3347331.463016139))", "target_id": "d94dec80-dbc3-4849-ba9e-9d2225272593", "region_outline_version": "2024-12-14", "region_name": "Brewster_57" }, "geometry": { "type": "Point", "coordinates": [ -103.60077863875722, 30.250129351637142 ] } },
{ "type": "Feature", "properties": { "bounding_box": "POLYGON ((634800.329568462 3347331.1868089493, 634802.0420722808 3347331.1868089493, 634802.0420722808 3347329.8057730007, 634800.329568462 3347329.8057730007, 634800.329568462 3347331.1868089493))", "target_id": "7a923c81-e761-4561-b0e3-edaae19c1ff0", "region_outline_version": "2024-12-14", "region_name": "Brewster_57" }, "geometry": { "type": "Point", "coordinates": [ -103.598881866311459, 30.250110027687331 ] } },
{ "type": "Feature", "properties": { "bounding_box": "POLYGON ((634283.3191413636 3347331.1315675112, 634286.0260022385 3347331.1315675112, 634286.0260022385 3347328.5352199282, 634283.3191413636 3347328.5352199282, 634283.3191413636 3347331.1315675112))", "target_id": "c7f3eec5-ff3d-4bb1-b211-89c385278c9a", "region_outline_version": "2024-12-14", "region_name": "Brewster_57" }, "geometry": { "type": "Point", "coordinates": [ -103.604249144707879, 30.250160895934268 ] } },
{ "type": "Feature", "properties": { "bounding_box": "POLYGON ((634261.3328020127 3347331.076326073, 634262.5481273035 3347331.076326073, 634262.5481273035 3347329.640048687, 634261.3328020127 3347329.640048687, 634261.3328020127 3347331.076326073))", "target_id": "c386e37f-b171-4188-807f-7f83a9850cfe", "region_outline_version": "2024-12-14", "region_name": "Brewster_57" }, "geometry": { "type": "Point", "coordinates": [ -103.604485313264718, 30.250168348098629 ] } },
{ "type": "Feature", "properties": { "bounding_box": "POLYGON ((634411.1492651274 3347330.523911694, 634411.9778960075 3347330.523911694, 634411.9778960075 3347329.695290125, 634411.1492651274 3347329.695290125, 634411.1492651274 3347330.523911694))", "target_id": "669ffaff-ca7e-4d60-b657-49fdbb0be061", "region_outline_version": "2024-12-14", "region_name": "Brewster_57" }, "geometry": { "type": "Point", "coordinates": [ -103.602930200287915, 30.250149675450903 ] } },
{ "type": "Feature", "properties": { "bounding_box": "POLYGON ((634818.8909001753 3347330.468670256, 634820.3824357594 3347330.468670256, 634820.3824357594 3347329.142875746, 634818.8909001753 3347329.142875746, 634818.8909001753 3347330.468670256))", "target_id": "f65cfefc-e71e-4faf-a66c-dfe56bf9ee31", "region_outline_version": "2024-12-14", "region_name": "Brewster_57" }, "geometry": { "type": "Point", "coordinates": [ -103.598689619267603, 30.250101866216873 ] } },
{ "type": "Feature", "properties": { "bounding_box": "POLYGON ((634290.2796407561 3347330.1924630664, 634291.4397239882 3347330.1924630664, 634291.4397239882 3347328.75618568, 634290.2796407561 3347328.75618568, 634290.2796407561 3347330.1924630664))", "target_id": "d69e1f81-e065-43dd-ac23-c1183e4acb98", "region_outline_version": "2024-12-14", "region_name": "Brewster_57" }, "geometry": { "type": "Point", "coordinates": [ -103.604184179844111, 30.250156931898083 ] } },
{ "type": "Feature", "properties": { "bounding_box": "POLYGON ((634339.0583785622 3347329.5848072493, 634341.7099973784 3347329.5848072493, 634341.7099973784 3347325.2207336524, 634339.0583785622 3347325.2207336524, 634339.0583785622 3347329.5848072493))", "target_id": "f0452510-3e14-4dd6-8fa6-9b8c88a46c29", "region_outline_version": "2024-12-14", "region_name": "Brewster_57" }, "geometry": { "type": "Point", "coordinates": [ -103.60366960525559, 30.250135277705343 ] } },
{ "type": "Feature", "properties": { "bounding_box": "POLYGON ((634383.8596881442 3347329.474324373, 634385.737918139 3347329.474324373, 634385.737918139 3347327.6513569215, 634383.8596881442 3347327.6513569215, 634383.8596881442 3347329.474324373))", "target_id": "2fbfadad-866f-4ab3-8204-ac4e615cebb7", "region_outline_version": "2024-12-14", "region_name": "Brewster_57" }, "geometry": { "type": "Point", "coordinates": [ -103.60320861397858, 30.250138598402376 ] } },
{ "type": "Feature", "properties": { "bounding_box": "POLYGON ((634279.5074393153 3347329.4190829354, 634281.1647010754 3347329.4190829354, 634281.1647010754 3347327.6513569215, 634279.5074393153 3347327.6513569215, 634279.5074393153 3347329.4190829354))", "target_id": "83f88baf-12b0-4a6a-91f8-267db03bde79", "region_outline_version": "2024-12-14", "region_name": "Brewster_57" }, "geometry": { "type": "Point", "coordinates": [ -103.604293776252007, 30.250150197289713 ] } },
{ "type": "Feature", "properties": { "bounding_box": "POLYGON ((634373.1979708207 3347329.4190829354, 634374.6895064048 3347329.4190829354, 634374.6895064048 3347327.4303911696, 634373.1979708207 3347327.4303911696, 634373.1979708207 3347329.4190829354))", "target_id": "8418d1fb-3e77-4887-a10a-c782ab19b406", "region_outline_version": "2024-12-14", "region_name": "Brewster_57" }, "geometry": { "type": "Point", "coordinates": [ -103.603321391558978, 30.250138397376752 ] } },
{ "type": "Feature", "properties": { "bounding_box": "POLYGON ((634368.944332303 3347329.142875746, 634371.9826455299 3347329.142875746, 634371.9826455299 3347324.3921120833, 634368.944332303 3347324.3921120833, 634368.944332303 3347329.142875746))", "target_id": "378afa39-1bfb-4413-b6a0-8ffd570ae462", "region_outline_version": "2024-12-14", "region_name": "Brewster_57" }, "geometry": { "type": "Point", "coordinates": [ -103.603356635777473, 30.250124365066544 ] } },
{ "type": "Feature", "properties": { "bounding_box": "POLYGON ((634823.7522013383 3347329.142875746, 634825.0227686877 3347329.142875746, 634825.0227686877 3347328.038046987, 634823.7522013383 3347328.038046987, 634823.7522013383 3347329.142875746))", "target_id": "56390bf2-05e5-4201-8770-b039e9832604", "region_outline_version": "2024-12-14", "region_name": "Brewster_57" }, "geometry": { "type": "Point", "coordinates": [ -103.59864062963338, 30.250090333682717 ] } },
{ "type": "Feature", "properties": { "bounding_box": "POLYGON ((634799.8323899339 3347328.977151432, 634800.661020814 3347328.977151432, 634800.661020814 3347328.148529863, 634799.8323899339 3347328.148529863, 634799.8323899339 3347328.977151432))", "target_id": "876c65c2-99d6-4655-b514-496f75107735", "region_outline_version": "2024-12-14", "region_name": "Brewster_57" }, "geometry": { "type": "Point", "coordinates": [ -103.598891447888562, 30.250092576792984 ] } },
{ "type": "Feature", "properties": { "bounding_box": "POLYGON ((634308.5095201174 3347328.5352199282, 634312.9841268697 3347328.5352199282, 634312.9841268697 3347323.232041887, 634308.5095201174 3347323.232041887, 634308.5095201174 3347328.5352199282))", "target_id": "3bccfb6a-32df-4ce7-bee9-3530254ea1de", "region_outline_version": "2024-12-14", "region_name": "Brewster_57" }, "geometry": { "type": "Point", "coordinates": [ -103.603980147342398, 30.25012319109635 ] } },
{ "type": "Feature", "properties": { "bounding_box": "POLYGON ((634397.6702028118 3347328.4799784906, 634398.8855281025 3347328.4799784906, 634398.8855281025 3347326.8227353524, 634397.6702028118 3347326.8227353524, 634397.6702028118 3347328.4799784906))", "target_id": "ec4f0f65-2114-4909-82d4-0c45f06b7b14", "region_outline_version": "2024-12-14", "region_name": "Brewster_57" }, "geometry": { "type": "Point", "coordinates": [ -103.603068392672995, 30.250128980255127 ] } },
{ "type": "Feature", "properties": { "bounding_box": "POLYGON ((634848.9978221508 3347328.4799784906, 634851.8704092016 3347328.4799784906, 634851.8704092016 3347325.8283894695, 634848.9978221508 3347325.8283894695, 634848.9978221508 3347328.4799784906))", "target_id": "02164972-5b4c-41d9-a8bb-162623cf2c62", "region_outline_version": "2024-12-14", "region_name": "Brewster_57" }, "geometry": { "type": "Point", "coordinates": [ -103.59836937112469, 30.250074587509211 ] } },
{ "type": "Feature", "properties": { "bounding_box": "POLYGON ((634787.3476846743 3347328.4247370525, 634793.7005214215 3347328.4247370525, 634793.7005214215 3347316.6030693348, 634787.3476846743 3347316.6030693348, 634787.3476846743 3347328.4247370525))", "target_id": "4d9a3d47-4a06-4cc0-937e-ae24783e9b27", "region_outline_version": "2024-12-14", "region_name": "Brewster_57" }, "geometry": { "type": "Point", "coordinates": [ -103.598995873579199, 30.250039331648647 ] } },
{ "type": "Feature", "properties": { "bounding_box": "POLYGON ((634400.1008533933 3347328.3694956144, 634409.215793074 3347328.3694956144, 634409.215793074 3347318.4812782244, 634400.1008533933 3347318.4812782244, 634400.1008533933 3347328.3694956144))", "target_id": "9da1f08c-b627-4b0f-9b34-e229dff51b69", "region_outline_version": "2024-12-14", "region_name": "Brewster_57" }, "geometry": { "type": "Point", "coordinates": [ -103.603004666686559, 30.2500884275915 ] } },
{ "type": "Feature", "properties": { "bounding_box": "POLYGON ((634812.8142737215 3347328.2590127387, 634813.8086307776 3347328.2590127387, 634813.8086307776 3347327.264666856, 634812.8142737215 3347327.264666856, 634812.8142737215 3347328.2590127387))", "target_id": "c7aa997c-523b-4817-be50-8339dedccfbd", "region_outline_version": "2024-12-14", "region_name": "Brewster_57" }, "geometry": { "type": "Point", "coordinates": [ -103.5987558377619, 30.250083765513462 ] } },
{ "type": "Feature", "properties": { "bounding_box": "POLYGON ((634207.8584892196 3347328.148529863, 634217.7468177215 3347328.148529863, 634217.7468177215 3347317.873622407, 634207.8584892196 3347317.873622407, 634207.8584892196 3347328.148529863))", "target_id": "5467e123-3a63-4868-ac73-aca5d01db0e1", "region_outline_version": "2024-12-14", "region_name": "Brewster_57" }, "geometry": { "type": "Point", "coordinates": [ -103.604996117899319, 30.250111577458927 ] } },
{ "type": "Feature", "properties": { "bounding_box": "POLYGON ((634343.0910488452 3347328.093288425, 634345.5769414854 3347328.093288425, 634345.5769414854 3347325.55218228, 634343.0910488452 3347325.55218228, 634343.0910488452 3347328.093288425))", "target_id": "da399e36-5ce9-4b16-80b8-53e55fdbe6ea", "region_outline_version": "2024-12-14", "region_name": "Brewster_57" }, "geometry": { "type": "Point", "coordinates": [ -103.603628832295911, 30.250127497544952 ] } },
{ "type": "Feature", "properties": { "bounding_box": "POLYGON ((634388.6105051897 3347328.093288425, 634395.7367307583 3347328.093288425, 634395.7367307583 3347323.4530076385, 634388.6105051897 3347323.4530076385, 634388.6105051897 3347328.093288425))", "target_id": "ff78d133-64d4-4d45-b514-b96581a87193", "region_outline_version": "2024-12-14", "region_name": "Brewster_57" }, "geometry": { "type": "Point", "coordinates": [ -103.603130489093189, 30.25011454260817 ] } },
{ "type": "Feature", "properties": { "bounding_box": "POLYGON ((634360.1056029157 3347327.872322673, 634362.42576938 3347327.872322673, 634362.42576938 3347325.55218228, 634360.1056029157 3347325.55218228, 634360.1056029157 3347327.872322673))", "target_id": "d5d5041e-b52d-410c-afa2-413b4e677e79", "region_outline_version": "2024-12-14", "region_name": "Brewster_57" }, "geometry": { "type": "Point", "coordinates": [ -103.603454024820778, 30.250123982851125 ] } },
{ "type": "Feature", "properties": { "bounding_box": "POLYGON ((634247.0803508756 3347327.5961154834, 634248.4614023424 3347327.5961154834, 634248.4614023424 3347326.1045966595, 634247.0803508756 3347326.1045966595, 634247.0803508756 3347327.5961154834))", "target_id": "1a73ded0-dd67-4016-a965-9c7a62b58a54", "region_outline_version": "2024-12-14", "region_name": "Brewster_57" }, "geometry": { "type": "Point", "coordinates": [ -103.604632932978319, 30.250138906840636 ] } },
{ "type": "Feature", "properties": { "bounding_box": "POLYGON ((634385.572191963 3347327.540874046, 634386.6217910777 3347327.540874046, 634386.6217910777 3347326.325562411, 634385.572191963 3347326.325562411, 634385.572191963 3347327.540874046))", "target_id": "6f31e060-eb73-47ec-99a0-95c98b198677", "region_outline_version": "2024-12-14", "region_name": "Brewster_57" }, "geometry": { "type": "Point", "coordinates": [ -103.603195054117279, 30.250123708263924 ] } },
{ "type": "Feature", "properties": { "bounding_box": "POLYGON ((634818.5594478233 3347327.4856326077, 634822.1501816369 3347327.4856326077, 634822.1501816369 3347323.2872833246, 634818.5594478233 3347323.2872833246, 634818.5594478233 3347327.4856326077))", "target_id": "7476d03b-f16a-40f5-97f8-7b18ef297169", "region_outline_version": "2024-12-14", "region_name": "Brewster_57" }, "geometry": { "type": "Point", "coordinates": [ -103.598686100560656, 30.250059819626159 ] } },
{ "type": "Feature", "properties": { "bounding_box": "POLYGON ((634827.9505977973 3347327.375149732, 634830.6574586722 3347327.375149732, 634830.6574586722 3347324.171146332, 634827.9505977973 3347324.171146332, 634827.9505977973 3347327.375149732))", "target_id": "3fda50dd-ab7c-4569-898f-b76151f7a1c5", "region_outline_version": "2024-12-14", "region_name": "Brewster_57" }, "geometry": { "type": "Point", "coordinates": [ -103.598589827023062, 30.250064250194161 ] } },
{ "type": "Feature", "properties": { "bounding_box": "POLYGON ((634618.7489216116 3347327.098942542, 634619.9642469024 3347327.098942542, 634619.9642469024 3347325.9388723457, 634618.7489216116 3347325.9388723457, 634618.7489216116 3347327.098942542))", "target_id": "818e800a-d6e1-424f-99e0-16ccad64bfb0", "region_outline_version": "2024-12-14", "region_name": "Brewster_57" }, "geometry": { "type": "Point", "coordinates": [ -103.600771895567959, 30.250094186838673 ] } },
{ "type": "Feature", "properties": { "bounding_box": "POLYGON ((634256.3057746737 3347327.0437011044, 634262.4376431861 3347327.0437011044, 634262.4376431861 3347320.635694304, 634256.3057746737 3347320.635694304, 634256.3057746737 3347327.0437011044))", "target_id": "0252764f-281f-453f-841c-a6e00817d7be", "region_outline_version": "2024-12-14", "region_name": "Brewster_57" }, "geometry": { "type": "Point", "coordinates": [ -103.604509662239735, 30.250109486677047 ] } },
{ "type": "Feature", "properties": { "bounding_box": "POLYGON ((634329.9434388815 3347326.8227353524, 634330.9377959376 3347326.8227353524, 634330.9377959376 3347325.496940842, 634329.9434388815 3347325.496940842, 634329.9434388815 3347326.8227353524))", "target_id": "c67efc15-9c2b-4503-b510-af99c541194a", "region_outline_version": "2024-12-14", "region_name": "Brewster_57" }, "geometry": { "type": "Point", "coordinates": [ -103.603773850606927, 30.250122896701555 ] } },
{ "type": "Feature", "properties": { "bounding_box": "POLYGON ((634781.8787208659 3347326.8227353524, 634784.6408237995 3347326.8227353524, 634784.6408237995 3347323.011076135, 634781.8787208659 3347323.011076135, 634781.8787208659 3347326.8227353524))", "target_id": "52358a81-4107-4849-81b4-e19de9b8bbcc", "region_outline_version": "2024-12-14", "region_name": "Brewster_57" }, "geometry": { "type": "Point", "coordinates": [ -103.599070417535003, 30.250061474049023 ] } },
{ "type": "Feature", "properties": { "bounding_box": "POLYGON ((634823.0892966343 3347326.6570110386, 634824.9675266291 3347326.6570110386, 634824.9675266291 3347324.557836397, 634823.0892966343 3347324.557836397, 634823.0892966343 3347326.6570110386))", "target_id": "7f60a733-f972-4539-aab8-4aa12da3d0f5", "region_outline_version": "2024-12-14", "region_name": "Brewster_57" }, "geometry": { "type": "Point", "coordinates": [ -103.598644894026663, 30.250062719692618 ] } },
{ "type": "Feature", "properties": { "bounding_box": "POLYGON ((634836.5683589499 3347326.491286725, 634838.9990095315 3347326.491286725, 634838.9990095315 3347323.397766201, 634836.5683589499 3347323.397766201, 634836.5683589499 3347326.491286725))", "target_id": "a325cac4-bfc5-49ab-8404-18cef251067d", "region_outline_version": "2024-12-14", "region_name": "Brewster_57" }, "geometry": { "type": "Point", "coordinates": [ -103.598501695555314, 30.250055799428853 ] } },
{ "type": "Feature", "properties": { "bounding_box": "POLYGON ((634413.5246736503 3347326.2150795353, 634415.4581457038 3347326.2150795353, 634415.4581457038 3347323.6739733904, 634413.5246736503 3347323.6739733904, 634413.5246736503 3347326.2150795353))", "target_id": "5e6baac1-7552-4aa8-a525-6b42eacb9366", "region_outline_version": "2024-12-14", "region_name": "Brewster_57" }, "geometry": { "type": "Point", "coordinates": [ -103.602899701433813, 30.250103091529216 ] } },
{ "type": "Feature", "properties": { "bounding_box": "POLYGON ((634800.5505366967 3347326.159838097, 634801.3791675767 3347326.159838097, 634801.3791675767 3347325.1654922143, 634800.5505366967 3347325.1654922143, 634800.5505366967 3347326.159838097))", "target_id": "9096c88b-6c68-469e-a42c-25d8ba80cba8", "region_outline_version": "2024-12-14", "region_name": "Brewster_57" }, "geometry": { "type": "Point", "coordinates": [ -103.598884356708894, 30.250066332859024 ] } },
{ "type": "Feature", "properties": { "bounding_box": "POLYGON ((634283.2638993049 3347325.8283894695, 634284.6449507717 3347325.8283894695, 634284.6449507717 3347324.2263877694, 634283.2638993049 3347324.2263877694, 634283.2638993049 3347325.8283894695))", "target_id": "75f9f6fe-5465-4786-b02a-1e3789b8a9da", "region_outline_version": "2024-12-14", "region_name": "Brewster_57" }, "geometry": { "type": "Point", "coordinates": [ -103.604256664683703, 30.250117868746901 ] } },
{ "type": "Feature", "properties": { "bounding_box": "POLYGON ((634306.0236274772 3347325.607423718, 634307.901857472 3347325.607423718, 634307.901857472 3347322.790110383, 634306.0236274772 3347322.790110383, 634306.0236274772 3347325.607423718))", "target_id": "93f815ea-03d2-4e4c-8145-03e24946e523", "region_outline_version": "2024-12-14", "region_name": "Brewster_57" }, "geometry": { "type": "Point", "coordinates": [ -103.604018137144266, 30.250106804773289 ] } },
{ "type": "Feature", "properties": { "bounding_box": "POLYGON ((634316.1881662726 3347325.4416994043, 634318.3426065608 3347325.4416994043, 634318.3426065608 3347323.232041887, 634316.1881662726 3347323.232041887, 634316.1881662726 3347325.4416994043))", "target_id": "ca552206-415c-429f-89f8-abd008c40c60", "region_outline_version": "2024-12-14", "region_name": "Brewster_57" }, "geometry": { "type": "Point", "coordinates": [ -103.603910865834123, 30.250107983828752 ] } },
{ "type": "Feature", "properties": { "bounding_box": "POLYGON ((634409.2710351326 3347325.2759750905, 634410.4863604234 3347325.2759750905, 634410.4863604234 3347323.6739733904, 634409.2710351326 3347323.6739733904, 634409.2710351326 3347325.2759750905))", "target_id": "bba3cd66-f962-4222-a6f7-ed55974f83c5", "region_outline_version": "2024-12-14", "region_name": "Brewster_57" }, "geometry": { "type": "Point", "coordinates": [ -103.60294831226193, 30.25009891873427 ] } },
{ "type": "Feature", "properties": { "bounding_box": "POLYGON ((634243.2134067687 3347325.1654922143, 634245.0363947048 3347325.1654922143, 634245.0363947048 3347323.232041887, 634243.2134067687 3347323.232041887, 634243.2134067687 3347325.1654922143))", "target_id": "9c1f7aa9-41bf-4a82-875e-ad63bedb7fc0", "region_outline_version": "2024-12-14", "region_name": "Brewster_57" }, "geometry": { "type": "Point", "coordinates": [ -103.604670324467065, 30.250114874532528 ] } },
{ "type": "Feature", "properties": { "bounding_box": "POLYGON ((634774.3658008868 3347325.1654922143, 634776.851693527 3347325.1654922143, 634776.851693527 3347321.630040187, 634774.3658008868 3347321.630040187, 634774.3658008868 3347325.1654922143))", "target_id": "bf63a579-31b2-49a6-9326-a3dcc6909f7c", "region_outline_version": "2024-12-14", "region_name": "Brewster_57" }, "geometry": { "type": "Point", "coordinates": [ -103.59915015411282, 30.250051481369344 ] } },
{ "type": "Feature", "properties": { "bounding_box": "POLYGON ((634249.1795491051 3347324.834043587, 634252.052136156 3347324.834043587, 634252.052136156 3347322.016730252, 634249.1795491051 3347322.016730252, 634249.1795491051 3347324.834043587))", "target_id": "eabd843c-6b45-488a-b7ac-dc1aae343766", "region_outline_version": "2024-12-14", "region_name": "Brewster_57" }, "geometry": { "type": "Point", "coordinates": [ -103.604604459284928, 30.250106084550644 ] } },
{ "type": "Feature", "properties": { "bounding_box": "POLYGON ((634385.0197713762 3347324.723560711, 634389.2181678351 3347324.723560711, 634389.2181678351 3347317.8183809696, 634385.0197713762 3347317.8183809696, 634385.0197713762 3347324.723560711))", "target_id": "daca2cad-5a2d-4fe3-8248-f7c995278a10", "region_outline_version": "2024-12-14", "region_name": "Brewster_57" }, "geometry": { "type": "Point", "coordinates": [ -103.603187484090185, 30.250074647548956 ] } },
{ "type": "Feature", "properties": { "bounding_box": "POLYGON ((634391.6488184166 3347324.557836397, 634392.5326913554 3347324.557836397, 634392.5326913554 3347323.5634905146, 634391.6488184166 3347323.5634905146, 634391.6488184166 3347324.557836397))", "target_id": "25514d1f-3a4f-4211-88f8-802ebe3f0f3a", "region_outline_version": "2024-12-14", "region_name": "Brewster_57" }, "geometry": { "type": "Point", "coordinates": [ -103.603133332530277, 30.250097286372956 ] } },
{ "type": "Feature", "properties": { "bounding_box": "POLYGON ((634331.2692482896 3347324.3921120833, 634333.8103829885 3347324.3921120833, 634333.8103829885 3347321.9614888146, 634331.2692482896 3347321.9614888146, 634331.2692482896 3347324.3921120833))", "target_id": "22db26e2-d771-4ace-b153-ea31a26df3f6", "region_outline_version": "2024-12-14", "region_name": "Brewster_57" }, "geometry": { "type": "Point", "coordinates": [ -103.603752366322695, 30.25009604321485 ] } },
{ "type": "Feature", "properties": { "bounding_box": "POLYGON ((634651.3417362273 3347324.3368706456, 634652.1703671074 3347324.3368706456, 634652.1703671074 3347323.5082490765, 634651.3417362273 3347323.5082490765, 634651.3417362273 3347324.3368706456))", "target_id": "73cd9a05-4483-4a50-bbad-da274e41565f", "region_outline_version": "2024-12-14", "region_name": "Brewster_57" }, "geometry": { "type": "Point", "coordinates": [ -103.600435061558528, 30.250067211591681 ] } },
{ "type": "Feature", "properties": { "bounding_box": "POLYGON ((634841.1534498195 3347324.3368706456, 634842.2030489343 3347324.3368706456, 634842.2030489343 3347323.2872833246, 634841.1534498195 3347323.2872833246, 634841.1534498195 3347324.3368706456))", "target_id": "381b4e04-4927-44f6-899f-09d86d4f6fa7", "region_outline_version": "2024-12-14", "region_name": "Brewster_57" }, "geometry": { "type": "Point", "coordinates": [ -103.598461411820608, 30.250045162551 ] } },
{ "type": "Feature", "properties": { "bounding_box": "POLYGON ((634367.6737649536 3347324.171146332, 634369.9939314178 3347324.171146332, 634369.9939314178 3347320.7461771797, 634367.6737649536 3347320.7461771797, 634367.6737649536 3347324.171146332))", "target_id": "17020cc5-4e3a-44e7-a62b-28b5e3158d44", "region_outline_version": "2024-12-14", "region_name": "Brewster_57" }, "geometry": { "type": "Point", "coordinates": [ -103.603374066052098, 30.25008586683602 ] } },
{ "type": "Feature", "properties": { "bounding_box": "POLYGON ((634848.113949212 3347324.171146332, 634848.9425800921 3347324.171146332, 634848.9425800921 3347323.3425247627, 634848.113949212 3347323.3425247627, 634848.113949212 3347324.171146332))", "target_id": "d19c5161-e556-43a1-b7e7-fa23cb785c5c", "region_outline_version": "2024-12-14", "region_name": "Brewster_57" }, "geometry": { "type": "Point", "coordinates": [ -103.598390352569254, 30.250043851124115 ] } },
{ "type": "Feature", "properties": { "bounding_box": "POLYGON ((634675.4272738077 3347324.0606634556, 634679.8466385014 3347324.0606634556, 634679.8466385014 3347321.243350121, 634675.4272738077 3347321.243350121, 634675.4272738077 3347324.0606634556))", "target_id": "4f610482-cfd1-4b87-af87-0f56a3a43d96", "region_outline_version": "2024-12-14", "region_name": "Brewster_57" }, "geometry": { "type": "Point", "coordinates": [ -103.600168744659754, 30.250053153988929 ] } },
{ "type": "Feature", "properties": { "bounding_box": "POLYGON ((634652.8332718114 3347324.005422018, 634655.1534382756 3347324.005422018, 634655.1534382756 3347321.7405230626, 634652.8332718114 3347321.7405230626, 634652.8332718114 3347324.005422018))", "target_id": "86a415f2-a9b1-410a-820c-2f343da4c208", "region_outline_version": "2024-12-14", "region_name": "Brewster_57" }, "geometry": { "type": "Point", "coordinates": [ -103.60041204767181, 30.25005713172753 ] } },
{ "type": "Feature", "properties": { "bounding_box": "POLYGON ((634280.059859902 3347323.839697704, 634283.4296254809 3347323.839697704, 634283.4296254809 3347319.254658356, 634280.059859902 3347319.254658356, 634280.059859902 3347323.839697704))", "target_id": "be4ca9b1-d198-4414-ae1a-265e29252ba8", "region_outline_version": "2024-12-14", "region_name": "Brewster_57" }, "geometry": { "type": "Point", "coordinates": [ -103.604279984249914, 30.250084437331616 ] } },
{ "type": "Feature", "properties": { "bounding_box": "POLYGON ((634221.1718253591 3347323.6739733904, 634223.3262656473 3347323.6739733904, 634223.3262656473 3347321.574798749, 634221.1718253591 3347321.574798749, 634221.1718253591 3347323.6739733904))", "target_id": "ab2ed462-81ce-44ea-86d9-9209b58bc53e", "region_outline_version": "2024-12-14", "region_name": "Brewster_57" }, "geometry": { "type": "Point", "coordinates": [ -103.604897869581961, 30.250103623873372 ] } },
{ "type": "Feature", "properties": { "bounding_box": "POLYGON ((634816.2945234177 3347323.6739733904, 634819.774773114 3347323.6739733904, 634819.774773114 3347319.1994169177, 634816.2945234177 3347319.1994169177, 634816.2945234177 3347323.6739733904))", "target_id": "371cc8fa-ce6b-463f-b984-5f36e24b893f", "region_outline_version": "2024-12-14", "region_name": "Brewster_57" }, "geometry": { "type": "Point", "coordinates": [ -103.598707662510407, 30.25002854400595 ] } },
{ "type": "Feature", "properties": { "bounding_box": "POLYGON ((634793.8110055388 3347323.3425247627, 634797.2912552351 3347323.3425247627, 634797.2912552351 3347321.630040187, 634793.8110055388 3347321.630040187, 634793.8110055388 3347323.3425247627))", "target_id": "68d84f92-e75a-4299-8afb-032119e49994", "region_outline_version": "2024-12-14", "region_name": "Brewster_57" }, "geometry": { "type": "Point", "coordinates": [ -103.598940418313887, 30.25003775922308 ] } },
{ "type": "Feature", "properties": { "bounding_box": "POLYGON ((634415.5133877624 3347323.232041887, 634418.3307327545 3347323.232041887, 634418.3307327545 3347320.0832799245, 634415.5133877624 3347320.0832799245, 634415.5133877624 3347323.232041887))", "target_id": "6d6987e1-c5fd-4e48-93e3-2634cc60a955", "region_outline_version": "2024-12-14", "region_name": "Brewster_57" }, "geometry": { "type": "Point", "coordinates": [ -103.602876026082996, 30.250072801639565 ] } },
{ "type": "Feature", "properties": { "bounding_box": "POLYGON ((634691.4474708221 3347323.232041887, 634694.651510225 3347323.232041887, 634694.651510225 3347319.5308655454, 634691.4474708221 3347319.5308655454, 634691.4474708221 3347323.232041887))", "target_id": "e53f786e-f98f-41f2-96f9-4c81719bdeb8", "region_outline_version": "2024-12-14", "region_name": "Brewster_57" }, "geometry": { "type": "Point", "coordinates": [ -103.60000597564202, 30.250039335260013 ] } },
{ "type": "Feature", "properties": { "bounding_box": "POLYGON ((634832.1489942563 3347322.6796275075, 634833.530045723 3347322.6796275075, 634833.530045723 3347321.464315873, 634832.1489942563 3347321.464315873, 634832.1489942563 3347322.6796275075))", "target_id": "7ff96471-4290-4299-be6b-82dca50461cf", "region_outline_version": "2024-12-14", "region_name": "Brewster_57" }, "geometry": { "type": "Point", "coordinates": [ -103.598553493097597, 30.250030433932427 ] } },
{ "type": "Feature", "properties": { "bounding_box": "POLYGON ((634375.5733793435 3347322.5139031936, 634378.1697561011 3347322.5139031936, 634378.1697561011 3347319.9727970487, 634375.5733793435 3347319.9727970487, 634375.5733793435 3347322.5139031936))", "target_id": "d281275e-ec92-4867-a3c2-e9f2c5135bcd", "region_outline_version": "2024-12-14", "region_name": "Brewster_57" }, "geometry": { "type": "Point", "coordinates": [ -103.603292329825962, 30.250073239120002 ] } },
{ "type": "Feature", "properties": { "bounding_box": "POLYGON ((634445.1783732686 3347322.2929374417, 634448.6586229648 3347322.2929374417, 634448.6586229648 3347320.9119014936, 634445.1783732686 3347320.9119014936, 634445.1783732686 3347322.2929374417))", "target_id": "6084779d-e3cb-4772-acc0-4638f9f2801c", "region_outline_version": "2024-12-14", "region_name": "Brewster_57" }, "geometry": { "type": "Point", "coordinates": [ -103.602564853116846, 30.250070003058706 ] } },
{ "type": "Feature", "properties": { "bounding_box": "POLYGON ((634831.3756054349 3347322.182454566, 634839.6066721767 3347322.182454566, 634839.6066721767 3347310.4712697244, 634831.3756054349 3347310.4712697244, 634831.3756054349 3347322.182454566))", "target_id": "d2548615-685b-479d-9c7c-71a98f4418ff", "region_outline_version": "2024-12-14", "region_name": "Brewster_57" }, "geometry": { "type": "Point", "coordinates": [ -103.598527537215119, 30.249980122402075 ] } },
{ "type": "Feature", "properties": { "bounding_box": "POLYGON ((634390.433493126 3347322.016730252, 634393.3613222354 3347322.016730252, 634393.3613222354 3347319.254658356, 634390.433493126 3347319.254658356, 634390.433493126 3347322.016730252))", "target_id": "0a5ef7d7-3292-4f5e-a810-dc634446614d", "region_outline_version": "2024-12-14", "region_name": "Brewster_57" }, "geometry": { "type": "Point", "coordinates": [ -103.603135036507027, 30.250066021892636 ] } },
{ "type": "Feature", "properties": { "bounding_box": "POLYGON ((634200.400811299 3347321.630040187, 634201.8923468831 3347321.630040187, 634201.8923468831 3347319.807072735, 634200.400811299 3347319.807072735, 634200.400811299 3347321.630040187))", "target_id": "b5b006e1-bf9e-41fe-9215-e2b50ab5e601", "region_outline_version": "2024-12-14", "region_name": "Brewster_57" }, "geometry": { "type": "Point", "coordinates": [ -103.605117806456704, 30.250088271287154 ] } },
{ "type": "Feature", "properties": { "bounding_box": "POLYGON ((634348.1733182429 3347321.464315873, 634350.3277585311 3347321.464315873, 634350.3277585311 3347319.033692604, 634348.1733182429 3347319.033692604, 634348.1733182429 3347321.464315873))", "target_id": "5493cc0a-063a-47c9-927f-5bcc903db743", "region_outline_version": "2024-12-14", "region_name": "Brewster_57" }, "geometry": { "type": "Point", "coordinates": [ -103.603579186694063, 30.250067455985583 ] } },
{ "type": "Feature", "properties": { "bounding_box": "POLYGON ((634240.4513038351 3347321.2985915593, 634242.3847758886 3347321.2985915593, 634242.3847758886 3347319.1994169177, 634240.4513038351 3347319.1994169177, 634240.4513038351 3347321.2985915593))", "target_id": "ab87f077-5d40-4232-8767-f7977307ddb7", "region_outline_version": "2024-12-14", "region_name": "Brewster_57" }, "geometry": { "type": "Point", "coordinates": [ -103.604699550829423, 30.250079814748606 ] } },
{ "type": "Feature", "properties": { "bounding_box": "POLYGON ((634223.381507706 3347321.0776258074, 634224.7625591727 3347321.0776258074, 634224.7625591727 3347319.862314173, 634223.381507706 3347319.862314173, 634223.381507706 3347321.0776258074))", "target_id": "3f6e194e-9e9b-4d79-86f4-fe5acbe0f6bd", "region_outline_version": "2024-12-14", "region_name": "Brewster_57" }, "geometry": { "type": "Point", "coordinates": [ -103.604879407838268, 30.250083290500733 ] } },
{ "type": "Feature", "properties": { "bounding_box": "POLYGON ((634396.454877521 3347320.801418618, 634397.5044766357 3347320.801418618, 634397.5044766357 3347319.807072735, 634396.454877521 3347319.807072735, 634396.454877521 3347320.801418618))", "target_id": "de72816d-edd3-4c54-b702-f43d81d2ac90", "region_outline_version": "2024-12-14", "region_name": "Brewster_57" }, "geometry": { "type": "Point", "coordinates": [ -103.603082998930546, 30.250062832119589 ] } },
{ "type": "Feature", "properties": { "bounding_box": "POLYGON ((634435.6214971185 3347320.0832799245, 634436.7815803506 3347320.0832799245, 634436.7815803506 3347318.7574854144, 634435.6214971185 3347318.7574854144, 634435.6214971185 3347320.0832799245))", "target_id": "c740713e-537e-4a4b-a464-73a21c48c936", "region_outline_version": "2024-12-14", "region_name": "Brewster_57" }, "geometry": { "type": "Point", "coordinates": [ -103.602675267859794, 30.250050495995353 ] } },
{ "type": "Feature", "properties": { "bounding_box": "POLYGON ((634650.0711688779 3347320.028038487, 634651.8389147554 3347320.028038487, 634651.8389147554 3347318.3155539106, 634650.0711688779 3347318.3155539106, 634650.0711688779 3347320.028038487))", "target_id": "8f05e95e-a83a-4e42-8eb8-6a2b082eb78c", "region_outline_version": "2024-12-14", "region_name": "Brewster_57" }, "geometry": { "type": "Point", "coordinates": [ -103.60044436710136, 30.250024841252287 ] } },
{ "type": "Feature", "properties": { "bounding_box": "POLYGON ((634819.5538048793 3347320.028038487, 634820.6586460527 3347320.028038487, 634820.6586460527 3347318.86796829, 634819.5538048793 3347318.86796829, 634819.5538048793 3347320.028038487))", "target_id": "700183cc-4dff-48b1-ac56-1851e1b5c0e2", "region_outline_version": "2024-12-14", "region_name": "Brewster_57" }, "geometry": { "type": "Point", "coordinates": [ -103.598686351881426, 30.250008253773171 ] } },
{ "type": "Feature", "properties": { "bounding_box": "POLYGON ((634555.3310382577 3347319.9727970487, 634556.8225738419 3347319.9727970487, 634556.8225738419 3347318.4260367868, 634555.3310382577 3347318.4260367868, 634555.3310382577 3347319.9727970487))", "target_id": "c076d493-9149-4325-8451-5b6d323e6df2", "region_outline_version": "2024-12-14", "region_name": "Brewster_57" }, "geometry": { "type": "Point", "coordinates": [ -103.601430163663181, 30.250035346635482 ] } },
{ "type": "Feature", "properties": { "bounding_box": "POLYGON ((634375.3524111089 3347319.807072735, 634376.7887046343 3347319.807072735, 634376.7887046343 3347318.205071035, 634375.3524111089 3347318.205071035, 634375.3524111089 3347319.807072735))", "target_id": "466f9a47-c01a-4008-9e46-8fb96f866759", "region_outline_version": "2024-12-14", "region_name": "Brewster_57" }, "geometry": { "type": "Point", "coordinates": [ -103.603300488342356, 30.250053419939405 ] } },
{ "type": "Feature", "properties": { "bounding_box": "POLYGON ((634832.9776251363 3347319.420382669, 634834.0272242511 3347319.420382669, 634834.0272242511 3347318.4260367868, 634832.9776251363 3347318.4260367868, 634832.9776251363 3347319.420382669))", "target_id": "e941a907-6fac-489c-bf2b-38d625354fbf", "region_outline_version": "2024-12-14", "region_name": "Brewster_57" }, "geometry": { "type": "Point", "coordinates": [ -103.598547207005936, 30.250001993542 ] } },
{ "type": "Feature", "properties": { "bounding_box": "POLYGON ((634196.6995933681 3347319.3651412316, 634207.6375209849 3347319.3651412316, 634207.6375209849 3347311.299891293, 634196.6995933681 3347311.299891293, 634196.6995933681 3347319.3651412316))", "target_id": "5b763a1d-2099-4c97-83a1-338237a312b7", "region_outline_version": "2024-12-14", "region_name": "Brewster_57" }, "geometry": { "type": "Point", "coordinates": [ -103.605105685928621, 30.250040488082828 ] } },
{ "type": "Feature", "properties": { "bounding_box": "POLYGON ((634360.9342337959 3347319.3651412316, 634363.6410946706 3347319.3651412316, 634363.6410946706 3347316.1611378314, 634360.9342337959 3347316.1611378314, 634360.9342337959 3347319.3651412316))", "target_id": "1cb4a8f0-dd04-4499-a8e7-5ad01829a918", "region_outline_version": "2024-12-14", "region_name": "Brewster_57" }, "geometry": { "type": "Point", "coordinates": [ -103.603442175779321, 30.250043027929411 ] } },
{ "type": "Feature", "properties": { "bounding_box": "POLYGON ((634763.096420918 3347319.3098997935, 634766.1899762035 3347319.3098997935, 634766.1899762035 3347316.271620707, 634763.096420918 3347316.271620707, 634763.096420918 3347319.3098997935))", "target_id": "ea80f255-e139-4b0c-9476-991119268d05", "region_outline_version": "2024-12-14", "region_name": "Brewster_57" }, "geometry": { "type": "Point", "coordinates": [ -103.599261604134412, 30.249999511002262 ] } },
{ "type": "Feature", "properties": { "bounding_box": "POLYGON ((634246.7488985236 3347319.254658356, 634251.4444735106 3347319.254658356, 634251.4444735106 3347314.4486532556, 634246.7488985236 3347314.4486532556, 634246.7488985236 3347319.254658356))", "target_id": "64088d3d-6954-4b6b-9291-e6d1ea25f93c", "region_outline_version": "2024-12-14", "region_name": "Brewster_57" }, "geometry": { "type": "Point", "coordinates": [ -103.604621319390574, 30.250047642723988 ] } },
{ "type": "Feature", "properties": { "bounding_box": "POLYGON ((634550.1382847427 3347318.978451166, 634551.5193362095 3347318.978451166, 634551.5193362095 3347317.9288638453, 634550.1382847427 3347317.9288638453, 634550.1382847427 3347318.978451166))", "target_id": "e7480392-b4b3-4e6a-bb57-409e7cfa4005", "region_outline_version": "2024-12-14", "region_name": "Brewster_57" }, "geometry": { "type": "Point", "coordinates": [ -103.601484671485025, 30.250029195325485 ] } },
{ "type": "Feature", "properties": { "bounding_box": "POLYGON ((634393.3613222354 3347318.86796829, 634394.466163409 3347318.86796829, 634394.466163409 3347317.5421737796, 634393.3613222354 3347317.5421737796, 634393.3613222354 3347318.86796829))", "target_id": "b6d52ef9-a3fd-4f5b-bc6d-ba91b9590717", "region_outline_version": "2024-12-14", "region_name": "Brewster_57" }, "geometry": { "type": "Point", "coordinates": [ -103.603115236464234, 30.250044260747895 ] } },
{ "type": "Feature", "properties": { "bounding_box": "POLYGON ((634283.761077833 3347318.647002538, 634284.6449507717 3347318.647002538, 634284.6449507717 3347317.7631395315, 634283.761077833 3347317.7631395315, 634283.761077833 3347318.647002538))", "target_id": "6b575126-4737-4723-a337-920a59659bed", "region_outline_version": "2024-12-14", "region_name": "Brewster_57" }, "geometry": { "type": "Point", "coordinates": [ -103.604255080233415, 30.250056306767405 ] } },
{ "type": "Feature", "properties": { "bounding_box": "POLYGON ((634276.1929157951 3347318.5917611006, 634279.562681374 3347318.5917611006, 634279.562681374 3347315.3325162623, 634276.1929157951 3347315.3325162623, 634276.1929157951 3347318.5917611006))", "target_id": "fe4b6127-c0bb-434f-9d02-020db91044f1", "region_outline_version": "2024-12-14", "region_name": "Brewster_57" }, "geometry": { "type": "Point", "coordinates": [ -103.604321760376976, 30.250045816885436 ] } },
{ "type": "Feature", "properties": { "bounding_box": "POLYGON ((634756.0254374081 3347318.5365196625, 634758.8427824003 3347318.5365196625, 634758.8427824003 3347315.719206328, 634756.0254374081 3347315.719206328, 634756.0254374081 3347318.5365196625))", "target_id": "b45fb651-1a1d-41fd-a447-c0afda4f39db", "region_outline_version": "2024-12-14", "region_name": "Brewster_57" }, "geometry": { "type": "Point", "coordinates": [ -103.599337069597084, 30.249995007432275 ] } },
{ "type": "Feature", "properties": { "bounding_box": "POLYGON ((634214.7085044946 3347318.4812782244, 634215.8685877267 3347318.4812782244, 634215.8685877267 3347317.321208028, 634214.7085044946 3347317.321208028, 634214.7085044946 3347318.4812782244))", "target_id": "bff7d824-3e05-4ea4-86c6-31b9937c8cc4", "region_outline_version": "2024-12-14", "region_name": "Brewster_57" }, "geometry": { "type": "Point", "coordinates": [ -103.604971312700854, 30.250061259233998 ] } },
{ "type": "Feature", "properties": { "bounding_box": "POLYGON ((634397.6702028118 3347318.4260367868, 634398.5540757505 3347318.4260367868, 634398.5540757505 3347317.431690904, 634397.6702028118 3347317.431690904, 634397.6702028118 3347318.4260367868))", "target_id": "a2585676-7bdd-42ac-b08d-36cc7a4b9e42", "region_outline_version": "2024-12-14", "region_name": "Brewster_57" }, "geometry": { "type": "Point", "coordinates": [ -103.603071457468218, 30.250041193837681 ] } },
{ "type": "Feature", "properties": { "bounding_box": "POLYGON ((634445.3440994446 3347318.260312473, 634448.0509603193 3347318.260312473, 634448.0509603193 3347314.835343321, 634445.3440994446 3347314.835343321, 634445.3440994446 3347318.260312473))", "target_id": "390bab29-4a39-4c10-874d-44d783e75a0e", "region_outline_version": "2024-12-14", "region_name": "Brewster_57" }, "geometry": { "type": "Point", "coordinates": [ -103.602565890510732, 30.250023103851237 ] } },
{ "type": "Feature", "properties": { "bounding_box": "POLYGON ((634218.5202065429 3347318.205071035, 634221.3375515351 3347318.205071035, 634221.3375515351 3347315.0010676347, 634218.5202065429 3347315.0010676347, 634218.5202065429 3347318.205071035))", "target_id": "8f77d76d-515f-4102-95de-722831eb0801", "region_outline_version": "2024-12-14", "region_name": "Brewster_57" }, "geometry": { "type": "Point", "coordinates": [ -103.604922532591601, 30.250048365084048 ] } },
{ "type": "Feature", "properties": { "bounding_box": "POLYGON ((634320.5522889076 3347317.984105283, 634323.2591497825 3347317.984105283, 634323.2591497825 3347315.2220333866, 634320.5522889076 3347315.2220333866, 634320.5522889076 3347317.984105283))", "target_id": "0f7ad1c9-e302-4f7b-ad34-d6ccde6aa81a", "region_outline_version": "2024-12-14", "region_name": "Brewster_57" }, "geometry": { "type": "Point", "coordinates": [ -103.603863839181471, 30.250037277487461 ] } },
{ "type": "Feature", "properties": { "bounding_box": "POLYGON ((634663.0530526654 3347317.5974152177, 634665.0417667776 3347317.5974152177, 634665.0417667776 3347315.498240576, 634663.0530526654 3347315.498240576, 634663.0530526654 3347317.5974152177))", "target_id": "22e15cab-6375-40f3-87a7-ae08e826e922", "region_outline_version": "2024-12-14", "region_name": "Brewster_57" }, "geometry": { "type": "Point", "coordinates": [ -103.600308097537621, 30.249998716573593 ] } },
{ "type": "Feature", "properties": { "bounding_box": "POLYGON ((634551.7403044441 3347317.5421737796, 634552.6241773829 3347317.5421737796, 634552.6241773829 3347316.7135522105, 634551.7403044441 3347316.7135522105, 634551.7403044441 3347317.5421737796))", "target_id": "becfd8e8-fc53-4062-b0ab-81c5f9790e62", "region_outline_version": "2024-12-14", "region_name": "Brewster_57" }, "geometry": { "type": "Point", "coordinates": [ -103.601470637770618, 30.250016965277265 ] } },
{ "type": "Feature", "properties": { "bounding_box": "POLYGON ((634429.2134183127 3347317.321208028, 634430.4287436034 3347317.321208028, 634430.4287436034 3347316.271620707, 634429.2134183127 3347316.271620707, 634429.2134183127 3347317.321208028))", "target_id": "a336e25b-ea18-4f5b-aadb-46f9d8939d5e", "region_outline_version": "2024-12-14", "region_name": "Brewster_57" }, "geometry": { "type": "Point", "coordinates": [ -103.602742146037457, 30.250027431784986 ] } },
{ "type": "Feature", "properties": { "bounding_box": "POLYGON ((634681.3381740855 3347317.26596659, 634683.603098491 3347317.26596659, 634683.603098491 3347315.1667919485, 634681.3381740855 3347315.1667919485, 634681.3381740855 3347317.26596659))", "target_id": "a6d8d316-86c7-427d-b9a8-3af3a0191f7a", "region_outline_version": "2024-12-14", "region_name": "Brewster_57" }, "geometry": { "type": "Point", "coordinates": [ -103.600116962242538, 30.249994438186739 ] } },
{ "type": "Feature", "properties": { "bounding_box": "POLYGON ((634433.025120361 3347317.1554837143, 634435.1243185905 3347317.1554837143, 634435.1243185905 3347314.669619007, 634433.025120361 3347314.669619007, 634433.025120361 3347317.1554837143))", "target_id": "926e2c35-5084-42cf-8853-c4cc0d8175f6", "region_outline_version": "2024-12-14", "region_name": "Brewster_57" }, "geometry": { "type": "Point", "coordinates": [ -103.602697799473987, 30.250019119891672 ] } },
{ "type": "Feature", "properties": { "bounding_box": "POLYGON ((634452.4150829543 3347317.045000838, 634454.8457335358 3347317.045000838, 634454.8457335358 3347314.06196319, 634452.4150829543 3347314.06196319, 634452.4150829543 3347317.045000838))", "target_id": "21763e56-6545-41c1-8273-e5911b801605", "region_outline_version": "2024-12-14", "region_name": "Brewster_57" }, "geometry": { "type": "Point", "coordinates": [ -103.602494653323816, 30.250014033425181 ] } },
{ "type": "Feature", "properties": { "bounding_box": "POLYGON ((634381.6500057973 3347316.7687936486, 634383.5834778508 3347316.7687936486, 634383.5834778508 3347314.724860445, 634381.6500057973 3347314.724860445, 634381.6500057973 3347316.7687936486))", "target_id": "89b7b6da-eafc-48c6-9f3e-e68a3498db86", "region_outline_version": "2024-12-14", "region_name": "Brewster_57" }, "geometry": { "type": "Point", "coordinates": [ -103.603233126061028, 30.250023323371952 ] } },
{ "type": "Feature", "properties": { "bounding_box": "POLYGON ((634546.9894873985 3347316.7687936486, 634549.0886856279 3347316.7687936486, 634549.0886856279 3347315.277274824, 634546.9894873985 3347315.277274824, 634546.9894873985 3347316.7687936486))", "target_id": "678a1282-7790-48ed-a5e2-89f3174c83b7", "region_outline_version": "2024-12-14", "region_name": "Brewster_57" }, "geometry": { "type": "Point", "coordinates": [ -103.60151368897715, 30.250007273765853 ] } },
{ "type": "Feature", "properties": { "bounding_box": "POLYGON ((634553.8947447323 3347316.6030693348, 634554.7233756124 3347316.6030693348, 634554.7233756124 3347315.7744477657, 634553.8947447323 3347315.7744477657, 634553.8947447323 3347316.6030693348))", "target_id": "7c058a02-b6cf-494a-b12e-cb6e879f3f1d", "region_outline_version": "2024-12-14", "region_name": "Brewster_57" }, "geometry": { "type": "Point", "coordinates": [ -103.601448657246152, 30.250008257094979 ] } },
{ "type": "Feature", "properties": { "bounding_box": "POLYGON ((634694.154331697 3347316.492586459, 634696.2535299265 3347316.492586459, 634696.2535299265 3347314.3934118175, 634694.154331697 3347314.3934118175, 634694.154331697 3347316.492586459))", "target_id": "c2c7466d-75fd-49fc-8ff5-f74bc43e60b6", "region_outline_version": "2024-12-14", "region_name": "Brewster_57" }, "geometry": { "type": "Point", "coordinates": [ -103.599985289405467, 30.249985309288963 ] } },
{ "type": "Feature", "properties": { "bounding_box": "POLYGON ((634775.9678205883 3347316.492586459, 634780.3871852818 3347316.492586459, 634780.3871852818 3347313.233341621, 634775.9678205883 3347313.233341621, 634775.9678205883 3347316.492586459))", "target_id": "aa7d8581-fbe4-4201-94f1-881d067ccc4b", "region_outline_version": "2024-12-14", "region_name": "Brewster_57" }, "geometry": { "type": "Point", "coordinates": [ -103.599126079093708, 30.249971936692852 ] } },
{ "type": "Feature", "properties": { "bounding_box": "POLYGON ((634233.5460465014 3347316.2163792695, 634241.8875973606 3347316.2163792695, 634241.8875973606 3347309.697889593, 634233.5460465014 3347309.697889593, 634233.5460465014 3347316.2163792695))", "target_id": "2bd76ac0-28fb-4481-b59b-1627b915cc6d", "region_outline_version": "2024-12-14", "region_name": "Brewster_57" }, "geometry": { "type": "Point", "coordinates": [ -103.604737795461048, 30.250014868177036 ] } },
{ "type": "Feature", "properties": { "bounding_box": "POLYGON ((634359.718908505 3347316.1611378314, 634361.2104440891 3347316.1611378314, 634361.2104440891 3347314.3934118175, 634359.718908505 3347314.3934118175, 634359.718908505 3347316.1611378314))", "target_id": "ead8c3fa-3ddb-4a6e-a418-8b896035dde6", "region_outline_version": "2024-12-14", "region_name": "Brewster_57" }, "geometry": { "type": "Point", "coordinates": [ -103.603463082239529, 30.250021610921856 ] } },
{ "type": "Feature", "properties": { "bounding_box": "POLYGON ((634387.5056640164 3347316.1611378314, 634391.1516398886 3347316.1611378314, 634391.1516398886 3347313.4543073727, 634387.5056640164 3347313.4543073727, 634387.5056640164 3347316.1611378314))", "target_id": "3ac3ba56-2c6d-4b62-904c-d6ddc7eec340", "region_outline_version": "2024-12-14", "region_name": "Brewster_57" }, "geometry": { "type": "Point", "coordinates": [ -103.603165440736134, 30.250013829053501 ] } },
{ "type": "Feature", "properties": { "bounding_box": "POLYGON ((634339.5003150316 3347315.9954135176, 634342.2624179651 3347315.9954135176, 634342.2624179651 3347313.122858745, 634339.5003150316 3347313.122858745, 634339.5003150316 3347315.9954135176))", "target_id": "9b0576e5-c62a-475a-a61c-10a8cb28135a", "region_outline_version": "2024-12-14", "region_name": "Brewster_57" }, "geometry": { "type": "Point", "coordinates": [ -103.603665690069462, 30.250018971685208 ] } },
{ "type": "Feature", "properties": { "bounding_box": "POLYGON ((634268.4037855226 3347315.8296892038, 634269.2876584613 3347315.8296892038, 634269.2876584613 3347315.0010676347, 634268.4037855226 3347315.0010676347, 634268.4037855226 3347315.8296892038))", "target_id": "7ea196ab-286f-4098-9fce-12c61d41758e", "region_outline_version": "2024-12-14", "region_name": "Brewster_57" }, "geometry": { "type": "Point", "coordinates": [ -103.604415110694788, 30.250032921023131 ] } },
{ "type": "Feature", "properties": { "bounding_box": "POLYGON ((634847.616770684 3347315.7744477657, 634848.8320959748 3347315.7744477657, 634848.8320959748 3347314.4486532556, 634847.616770684 3347314.4486532556, 634847.616770684 3347315.7744477657))", "target_id": "36d1ef1c-1343-4f2e-884d-97d436f827f1", "region_outline_version": "2024-12-14", "region_name": "Brewster_57" }, "geometry": { "type": "Point", "coordinates": [ -103.598394517059432, 30.249965979736317 ] } },
{ "type": "Feature", "properties": { "bounding_box": "POLYGON ((634210.8968024465 3347315.553482014, 634212.6093062651 3347315.553482014, 634212.6093062651 3347313.233341621, 634210.8968024465 3347313.233341621, 634210.8968024465 3347315.553482014))", "target_id": "e69f57fa-2d49-4535-9817-c1773cd1a961", "region_outline_version": "2024-12-14", "region_name": "Brewster_57" }, "geometry": { "type": "Point", "coordinates": [ -103.605007795967012, 30.250030782131848 ] } },
{ "type": "Feature", "properties": { "bounding_box": "POLYGON ((634304.5320918931 3347315.553482014, 634305.8579013012 3347315.553482014, 634305.8579013012 3347313.896238876, 634304.5320918931 3347313.896238876, 634304.5320918931 3347315.553482014))", "target_id": "2819de32-fe4a-487d-9235-d5f840720493", "region_outline_version": "2024-12-14", "region_name": "Brewster_57" }, "geometry": { "type": "Point", "coordinates": [ -103.604037320800899, 30.250022764868071 ] } },
{ "type": "Feature", "properties": { "bounding_box": "POLYGON ((634407.0613527858 3347315.2220333866, 634408.8843407219 3347315.2220333866, 634408.8843407219 3347313.3990659346, 634407.0613527858 3347313.3990659346, 634407.0613527858 3347315.2220333866))", "target_id": "40bb0c2c-10a6-413d-a7e8-e44d86ef84b2", "region_outline_version": "2024-12-14", "region_name": "Brewster_57" }, "geometry": { "type": "Point", "coordinates": [ -103.602968985578926, 30.250007184275827 ] } },
{ "type": "Feature", "properties": { "bounding_box": "POLYGON ((634439.8751356362 3347315.0563090728, 634441.587639455 3347315.0563090728, 634441.587639455 3347313.067617307, 634439.8751356362 3347313.067617307, 634439.8751356362 3347315.0563090728))", "target_id": "611669b1-c7a0-4d34-988c-6e3386a681f0", "region_outline_version": "2024-12-14", "region_name": "Brewster_57" }, "geometry": { "type": "Point", "coordinates": [ -103.602629364263763, 30.250001737889463 ] } },
{ "type": "Feature", "properties": { "bounding_box": "POLYGON ((634820.1614675247 3347314.945826197, 634821.1558245808 3347314.945826197, 634821.1558245808 3347313.951480314, 634820.1614675247 3347313.951480314, 634820.1614675247 3347314.945826197))", "target_id": "191a01cf-20ea-4ce4-bfbb-7f51c431fbd6", "region_outline_version": "2024-12-14", "region_name": "Brewster_57" }, "geometry": { "type": "Point", "coordinates": [ -103.598681157200716, 30.249962863939256 ] } },
{ "type": "Feature", "properties": { "bounding_box": "POLYGON ((634779.1718599912 3347314.890584759, 634782.873077922 3347314.890584759, 634782.873077922 3347309.532165279, 634779.1718599912 3347309.532165279, 634779.1718599912 3347314.890584759))", "target_id": "48cabe7e-286e-4115-859f-32d8ede93bd5", "region_outline_version": "2024-12-14", "region_name": "Brewster_57" }, "geometry": { "type": "Point", "coordinates": [ -103.599091749094868, 30.249946173529128 ] } },
{ "type": "Feature", "properties": { "bounding_box": "POLYGON ((634393.6927745875 3347314.835343321, 634395.2395522302 3347314.835343321, 634395.2395522302 3347312.7914101174, 634393.6927745875 3347312.7914101174, 634393.6927745875 3347314.835343321))", "target_id": "61457347-6b20-429b-9d4b-7693d649c049", "region_outline_version": "2024-12-14", "region_name": "Brewster_57" }, "geometry": { "type": "Point", "coordinates": [ -103.603109820868525, 30.250003906598749 ] } },
{ "type": "Feature", "properties": { "bounding_box": "POLYGON ((634401.7581151534 3347314.4486532556, 634405.348848967 3347314.4486532556, 634405.348848967 3347310.802718352, 634401.7581151534 3347310.802718352, 634401.7581151534 3347314.4486532556))", "target_id": "203b31d7-6662-4b50-a665-4f5325d2b1c9", "region_outline_version": "2024-12-14", "region_name": "Brewster_57" }, "geometry": { "type": "Point", "coordinates": [ -103.603015520422474, 30.249993372417528 ] } },
{ "type": "Feature", "properties": { "bounding_box": "POLYGON ((634351.0459052938 3347314.3934118175, 634353.531797934 3347314.3934118175, 634353.531797934 3347311.9075471107, 634351.0459052938 3347311.9075471107, 634351.0459052938 3347314.3934118175))", "target_id": "90893453-2b09-4896-b880-b0e1c9678429", "region_outline_version": "2024-12-14", "region_name": "Brewster_57" }, "geometry": { "type": "Point", "coordinates": [ -103.603548369055531, 30.250003307593815 ] } },
{ "type": "Feature", "properties": { "bounding_box": "POLYGON ((634837.5074739472 3347314.3934118175, 634839.3304618835 3347314.3934118175, 634839.3304618835 3347311.7970642345, 634837.5074739472 3347311.7970642345, 634837.5074739472 3347314.3934118175))", "target_id": "febdb36c-9e71-48a4-a322-af101e19fc14", "region_outline_version": "2024-12-14", "region_name": "Brewster_57" }, "geometry": { "type": "Point", "coordinates": [ -103.598496323487453, 30.249948094632302 ] } },
{ "type": "Feature", "properties": { "bounding_box": "POLYGON ((634801.1029572834 3347314.2276875037, 634801.9315881634 3347314.2276875037, 634801.9315881634 3347313.3990659346, 634801.1029572834 3347313.3990659346, 634801.1029572834 3347314.2276875037))", "target_id": "12a50d48-c894-4db0-8de6-a0300cc7ccdd", "region_outline_version": "2024-12-14", "region_name": "Brewster_57" }, "geometry": { "type": "Point", "coordinates": [ -103.598880133502476, 30.249959372399033 ] } },
{ "type": "Feature", "properties": { "bounding_box": "POLYGON ((634447.4432976741 3347313.7857560003, 634450.5368529595 3347313.7857560003, 634450.5368529595 3347310.5817526, 634447.4432976741 3347310.5817526, 634447.4432976741 3347313.7857560003))", "target_id": "3690a956-58e8-466a-b775-3cb436ee03b6", "region_outline_version": "2024-12-14", "region_name": "Brewster_57" }, "geometry": { "type": "Point", "coordinates": [ -103.602543733204215, 30.249984305098092 ] } },
{ "type": "Feature", "properties": { "bounding_box": "POLYGON ((634258.4049729032 3347313.6752731246, 634262.4928852448 3347313.6752731246, 634262.4928852448 3347308.095887893, 634258.4049729032 3347308.095887893, 634258.4049729032 3347313.6752731246))", "target_id": "49c0c1e6-0f9b-469f-b495-71ae60f871cc", "region_outline_version": "2024-12-14", "region_name": "Brewster_57" }, "geometry": { "type": "Point", "coordinates": [ -103.604503170489153, 30.24999634751013 ] } },
{ "type": "Feature", "properties": { "bounding_box": "POLYGON ((634283.7058357743 3347313.6752731246, 634286.1917284145 3347313.6752731246, 634286.1917284145 3347310.802718352, 634283.7058357743 3347310.802718352, 634283.7058357743 3347313.6752731246))", "target_id": "60c06aa8-da6f-479c-b8c0-f349a916d73b", "region_outline_version": "2024-12-14", "region_name": "Brewster_57" }, "geometry": { "type": "Point", "coordinates": [ -103.604249161608777, 30.250002958462517 ] } },
{ "type": "Feature", "properties": { "bounding_box": "POLYGON ((634430.4287436034 3347313.5647902484, 634431.3126165422 3347313.5647902484, 634431.3126165422 3347312.6256858036, 634430.4287436034 3347312.6256858036, 634430.4287436034 3347313.5647902484))", "target_id": "a2725df9-b7fd-4927-8f33-844ad5a68178", "region_outline_version": "2024-12-14", "region_name": "Brewster_57" }, "geometry": { "type": "Point", "coordinates": [ -103.602731570695269, 30.249994037079354 ] } },
{ "type": "Feature", "properties": { "bounding_box": "POLYGON ((634215.9790718441 3347313.233341621, 634222.4976347672 3347313.233341621, 634222.4976347672 3347303.455607107, 634215.9790718441 3347303.455607107, 634215.9790718441 3347313.233341621))", "target_id": "0b9d70b7-3525-40cb-a7f4-6f19c698ca2b", "region_outline_version": "2024-12-14", "region_name": "Brewster_57" }, "geometry": { "type": "Point", "coordinates": [ -103.604933426194307, 30.249967839317712 ] } },
{ "type": "Feature", "properties": { "bounding_box": "POLYGON ((634274.0937175656 3347312.901892993, 634276.5796102057 3347312.901892993, 634276.5796102057 3347310.3607868482, 634274.0937175656 3347310.3607868482, 634274.0937175656 3347312.901892993))", "target_id": "139349f0-20d0-43ab-a593-ec13f2aaebf9", "region_outline_version": "2024-12-14", "region_name": "Brewster_57" }, "geometry": { "type": "Point", "coordinates": [ -103.604348238600139, 30.249998733202641 ] } },
{ "type": "Feature", "properties": { "bounding_box": "POLYGON ((634288.8985892893 3347312.7361686793, 634290.6110931081 3347312.7361686793, 634290.6110931081 3347310.9684426654, 634288.8985892893 3347310.9684426654, 634288.8985892893 3347312.7361686793))", "target_id": "85f9eda2-79c6-4305-99a3-c477750d081e", "region_outline_version": "2024-12-14", "region_name": "Brewster_57" }, "geometry": { "type": "Point", "coordinates": [ -103.604197691742385, 30.249997840893293 ] } },
{ "type": "Feature", "properties": { "bounding_box": "POLYGON ((634822.3711498715 3347312.7361686793, 634823.475991045 3347312.7361686793, 634823.475991045 3347311.741822797, 634822.3711498715 3347311.741822797, 634822.3711498715 3347312.7361686793))", "target_id": "f7e50c5d-7d42-4295-a4aa-56335468dd6a", "region_outline_version": "2024-12-14", "region_name": "Brewster_57" }, "geometry": { "type": "Point", "coordinates": [ -103.598657933422771, 30.249942666069384 ] } },
{ "type": "Feature", "properties": { "bounding_box": "POLYGON ((634395.6262466409 3347312.6256858036, 634396.8415719317 3347312.6256858036, 634396.8415719317 3347311.4103741692, 634395.6262466409 3347311.4103741692, 634395.6262466409 3347312.6256858036))", "target_id": "2e336c17-366e-4150-bda9-ed26e6a7ecfc", "region_outline_version": "2024-12-14", "region_name": "Brewster_57" }, "geometry": { "type": "Point", "coordinates": [ -103.603092093527067, 30.24998802212377 ] } },
{ "type": "Feature", "properties": { "bounding_box": "POLYGON ((634826.5143042718 3347312.6256858036, 634828.2820501493 3347312.6256858036, 634828.2820501493 3347311.299891293, 634826.5143042718 3347311.299891293, 634826.5143042718 3347312.6256858036))", "target_id": "3d2c9b81-4bc3-4b86-989b-6ca1c65c0e01", "region_outline_version": "2024-12-14", "region_name": "Brewster_57" }, "geometry": { "type": "Point", "coordinates": [ -103.598611906390488, 30.249939836426922 ] } },
{ "type": "Feature", "properties": { "bounding_box": "POLYGON ((634433.522298889 3347312.349478614, 634434.4061718277 3347312.349478614, 634434.4061718277 3347311.4103741692, 634433.522298889 3347311.4103741692, 634433.522298889 3347312.349478614))", "target_id": "e74c7f33-f6f2-463f-9bc2-2c16d1dc1487", "region_outline_version": "2024-12-14", "region_name": "Brewster_57" }, "geometry": { "type": "Point", "coordinates": [ -103.602699754327347, 30.249982731974452 ] } },
{ "type": "Feature", "properties": { "bounding_box": "POLYGON ((634224.1548965273 3347312.2389957383, 634224.9835274074 3347312.2389957383, 634224.9835274074 3347311.355132731, 634224.1548965273 3347311.355132731, 634224.1548965273 3347312.2389957383))", "target_id": "81b29061-58a7-4623-a980-9893939dad4d", "region_outline_version": "2024-12-14", "region_name": "Brewster_57" }, "geometry": { "type": "Point", "coordinates": [ -103.60487566593693, 30.250005179741965 ] } },
{ "type": "Feature", "properties": { "bounding_box": "POLYGON ((634227.6903882823 3347312.2389957383, 634228.6295032797 3347312.2389957383, 634228.6295032797 3347311.355132731, 634227.6903882823 3347311.355132731, 634227.6903882823 3347312.2389957383))", "target_id": "4b8a6ab8-26d7-4a05-a0f9-d4c54902b48e", "region_outline_version": "2024-12-14", "region_name": "Brewster_57" }, "geometry": { "type": "Point", "coordinates": [ -103.604838447971517, 30.250004709844422 ] } },
{ "type": "Feature", "properties": { "bounding_box": "POLYGON ((634439.9856197535 3347311.9075471107, 634441.0352188682 3347311.9075471107, 634441.0352188682 3347310.8579597897, 634439.9856197535 3347310.8579597897, 634439.9856197535 3347311.9075471107))", "target_id": "46b5e4f0-751c-4994-b5f8-e266a751267d", "region_outline_version": "2024-12-14", "region_name": "Brewster_57" }, "geometry": { "type": "Point", "coordinates": [ -103.602631780059227, 30.249977335450161 ] } },
{ "type": "Feature", "properties": { "bounding_box": "POLYGON ((634353.8080082273 3347311.4103741692, 634355.1338176354 3347311.4103741692, 634355.1338176354 3347309.974096783, 634353.8080082273 3347309.974096783, 634353.8080082273 3347311.4103741692))", "target_id": "06b1f6a6-f500-4d66-9875-391ea3ba4771", "region_outline_version": "2024-12-14", "region_name": "Brewster_57" }, "geometry": { "type": "Point", "coordinates": [ -103.603526105368488, 30.249980769570392 ] } },
{ "type": "Feature", "properties": { "bounding_box": "POLYGON ((634786.1876014423 3347311.4103741692, 634788.0658314371 3347311.4103741692, 634788.0658314371 3347309.532165279, 634786.1876014423 3347309.532165279, 634786.1876014423 3347311.4103741692))", "target_id": "8bfb90ac-d8db-4c6a-89df-f19bc61001a7", "region_outline_version": "2024-12-14", "region_name": "Brewster_57" }, "geometry": { "type": "Point", "coordinates": [ -103.599029278928029, 30.249930025204876 ] } },
{ "type": "Feature", "properties": { "bounding_box": "POLYGON ((634302.4328936636 3347311.355132731, 634309.1171827628 3347311.355132731, 634309.1171827628 3347303.842297172, 634302.4328936636 3347303.842297172, 634302.4328936636 3347311.355132731))", "target_id": "7b7a078f-7835-4a79-ac3a-ed7ec35cca54", "region_outline_version": "2024-12-14", "region_name": "Brewster_57" }, "geometry": { "type": "Point", "coordinates": [ -103.604030850942053, 30.249957055848274 ] } },
{ "type": "Feature", "properties": { "bounding_box": "POLYGON ((634371.2092567085 3347311.355132731, 634372.7560343513 3347311.355132731, 634372.7560343513 3347309.974096783, 634371.2092567085 3347309.974096783, 634371.2092567085 3347311.355132731))", "target_id": "5d7112cc-6e4a-4a50-a9de-5598ca8d2fc4", "region_outline_version": "2024-12-14", "region_name": "Brewster_57" }, "geometry": { "type": "Point", "coordinates": [ -103.60334405031287, 30.249978427132657 ] } },
{ "type": "Feature", "properties": { "bounding_box": "POLYGON ((634695.2039308117 3347311.299891293, 634701.6120096175 3347311.299891293, 634701.6120096175 3347307.3777492, 634695.2039308117 3347307.3777492, 634695.2039308117 3347311.299891293))", "target_id": "33fe2c94-974b-4dc9-9c81-6d7be1a409f5", "region_outline_version": "2024-12-14", "region_name": "Brewster_57" }, "geometry": { "type": "Point", "coordinates": [ -103.599949627918718, 30.249929724289196 ] } },
{ "type": "Feature", "properties": { "bounding_box": "POLYGON ((634190.0153042689 3347311.1894084173, 634191.9487763224 3347311.1894084173, 634191.9487763224 3347309.090233776, 634190.0153042689 3347309.090233776, 634190.0153042689 3347311.1894084173))", "target_id": "243ffde9-ad2e-4aac-aa91-5aaf1b3f655a", "region_outline_version": "2024-12-14", "region_name": "Brewster_57" }, "geometry": { "type": "Point", "coordinates": [ -103.605223842471872, 30.249993193581055 ] } },
{ "type": "Feature", "properties": { "bounding_box": "POLYGON ((634393.1403540008 3347311.1894084173, 634393.9689848808 3347311.1894084173, 634393.9689848808 3347310.1950625344, 634393.1403540008 3347310.1950625344, 634393.1403540008 3347311.1894084173))", "target_id": "a2b4bd7d-294f-4ad4-825c-313acb52850e", "region_outline_version": "2024-12-14", "region_name": "Brewster_57" }, "geometry": { "type": "Point", "coordinates": [ -103.603119845318489, 30.249976830292002 ] } },
{ "type": "Feature", "properties": { "bounding_box": "POLYGON ((634859.6042974156 3347311.1894084173, 634862.1454321144 3347311.1894084173, 634862.1454321144 3347307.7644392657, 634859.6042974156 3347307.7644392657, 634859.6042974156 3347311.1894084173))", "target_id": "96c9ff5e-21aa-41be-aa70-a54a437bff37", "region_outline_version": "2024-12-14", "region_name": "Brewster_57" }, "geometry": { "type": "Point", "coordinates": [ -103.598263094114657, 30.24991341652672 ] } },
{ "type": "Feature", "properties": { "bounding_box": "POLYGON ((634797.2912552351 3347311.134166979, 634799.5009375819 3347311.134166979, 634799.5009375819 3347308.095887893, 634797.2912552351 3347308.095887893, 634797.2912552351 3347311.134166979))", "target_id": "5a81cc2d-b391-41c2-af58-3bd1e42d649c", "region_outline_version": "2024-12-14", "region_name": "Brewster_57" }, "geometry": { "type": "Point", "coordinates": [ -103.598913025589994, 30.249923990329986 ] } },
{ "type": "Feature", "properties": { "bounding_box": "POLYGON ((634548.1495706305 3347311.0236841035, 634548.9782015106 3347311.0236841035, 634548.9782015106 3347310.1950625344, 634548.1495706305 3347310.1950625344, 634548.1495706305 3347311.0236841035))", "target_id": "b321d81b-134c-42e8-b08d-17edebbdf645", "region_outline_version": "2024-12-14", "region_name": "Brewster_57" }, "geometry": { "type": "Point", "coordinates": [ -103.60150907047003, 30.249958559749349 ] } },
{ "type": "Feature", "properties": { "bounding_box": "POLYGON ((634378.6669346291 3347310.913201228, 634381.2633113866 3347310.913201228, 634381.2633113866 3347306.2729204413, 634378.6669346291 3347306.2729204413, 634378.6669346291 3347310.913201228))", "target_id": "5fbce06e-a99c-4ccd-b7ca-bf7830e1c359", "region_outline_version": "2024-12-14", "region_name": "Brewster_57" }, "geometry": { "type": "Point", "coordinates": [ -103.60326045004301, 30.249959122786169 ] } },
{ "type": "Feature", "properties": { "bounding_box": "POLYGON ((634450.5368529595 3347310.8579597897, 634451.7521782503 3347310.8579597897, 634451.7521782503 3347309.697889593, 634450.5368529595 3347309.697889593, 634450.5368529595 3347310.8579597897))", "target_id": "38bf2fa6-5591-47a0-8a4e-18cfc11a278e", "region_outline_version": "2024-12-14", "region_name": "Brewster_57" }, "geometry": { "type": "Point", "coordinates": [ -103.602521290903042, 30.249966361846816 ] } },
{ "type": "Feature", "properties": { "bounding_box": "POLYGON ((634325.0821377186 3347310.692235476, 634327.7337565348 3347310.692235476, 634327.7337565348 3347308.095887893, 634325.0821377186 3347308.095887893, 634325.0821377186 3347310.692235476))", "target_id": "db61bf91-9d4d-44be-9e37-873b35b23c5e", "region_outline_version": "2024-12-14", "region_name": "Brewster_57" }, "geometry": { "type": "Point", "coordinates": [ -103.60381909443322, 30.249972444231393 ] } },
{ "type": "Feature", "properties": { "bounding_box": "POLYGON ((634437.4997271133 3347310.5817526, 634439.9303776948 3347310.5817526, 634439.9303776948 3347308.095887893, 634437.4997271133 3347308.095887893, 634437.4997271133 3347310.5817526))", "target_id": "2231ceb6-be56-445a-a06e-8aced3fbd8e2", "region_outline_version": "2024-12-14", "region_name": "Brewster_57" }, "geometry": { "type": "Point", "coordinates": [ -103.602651035363408, 30.249959398177207 ] } },
{ "type": "Feature", "properties": { "bounding_box": "POLYGON ((634367.6737649536 3347310.3055454106, 634370.3253837698 3347310.3055454106, 634370.3253837698 3347307.7091978276, 634367.6737649536 3347307.7091978276, 634367.6737649536 3347310.3055454106))", "target_id": "8e3d2f12-2d37-4103-a1f9-1cd8d28441af", "region_outline_version": "2024-12-14", "region_name": "Brewster_57" }, "geometry": { "type": "Point", "coordinates": [ -103.60337364254633, 30.249964249201071 ] } },
{ "type": "Feature", "properties": { "bounding_box": "POLYGON ((634407.1718369031 3347310.3055454106, 634409.1053089566 3347310.3055454106, 634409.1053089566 3347308.4825779586, 634407.1718369031 3347308.4825779586, 634407.1718369031 3347310.3055454106))", "target_id": "9cdd0bfb-155f-42db-bbc3-9674b6d74c50", "region_outline_version": "2024-12-14", "region_name": "Brewster_57" }, "geometry": { "type": "Point", "coordinates": [ -103.602968332645077, 30.249962649498748 ] } },
{ "type": "Feature", "properties": { "bounding_box": "POLYGON ((634277.1320307925 3347310.2503039725, 634278.8997766699 3347310.2503039725, 634278.8997766699 3347308.7035437105, 634277.1320307925 3347308.7035437105, 634277.1320307925 3347310.2503039725))", "target_id": "00bb5f99-a35d-4e0a-8491-b952d70df59f", "region_outline_version": "2024-12-14", "region_name": "Brewster_57" }, "geometry": { "type": "Point", "coordinates": [ -103.604320620021383, 30.249978787600423 ] } },
{ "type": "Feature", "properties": { "bounding_box": "POLYGON ((634818.2832375299 3347310.2503039725, 634821.2110666395 3347310.2503039725, 634821.2110666395 3347308.316853645, 634818.2832375299 3347308.316853645, 634818.2832375299 3347310.2503039725))", "target_id": "1938b18d-695b-4f99-853e-4cbe6590320c", "region_outline_version": "2024-12-14", "region_name": "Brewster_57" }, "geometry": { "type": "Point", "coordinates": [ -103.598690614317221, 30.249916009187459 ] } },
{ "type": "Feature", "properties": { "bounding_box": "POLYGON ((634783.5912246847 3347310.0293382206, 634786.1876014423 3347310.0293382206, 634786.1876014423 3347307.9301635795, 634783.5912246847 3347307.9301635795, 634783.5912246847 3347310.0293382206))", "target_id": "dff7ccc2-b11f-4ffc-b4da-61200531f288", "region_outline_version": "2024-12-14", "region_name": "Brewster_57" }, "geometry": { "type": "Point", "coordinates": [ -103.599054327942468, 30.249917363200826 ] } },
{ "type": "Feature", "properties": { "bounding_box": "POLYGON ((634293.317953983 3347309.918855345, 634294.4227951564 3347309.918855345, 634294.4227951564 3347308.6483022724, 634293.317953983 3347308.6483022724, 634293.317953983 3347309.918855345))", "target_id": "8694d964-2584-476a-9b65-906393ece970", "region_outline_version": "2024-12-14", "region_name": "Brewster_57" }, "geometry": { "type": "Point", "coordinates": [ -103.604155677429887, 30.249975066069769 ] } },
{ "type": "Feature", "properties": { "bounding_box": "POLYGON ((634391.3726081233 3347309.918855345, 634394.3556792915 3347309.918855345, 634394.3556792915 3347306.9358176966, 634391.3726081233 3347306.9358176966, 634391.3726081233 3347309.918855345))", "target_id": "6ed5ee5c-ed1f-4a50-8abe-18c6b26f924b", "region_outline_version": "2024-12-14", "region_name": "Brewster_57" }, "geometry": { "type": "Point", "coordinates": [ -103.603127015446489, 30.249955431673197 ] } },
{ "type": "Feature", "properties": { "bounding_box": "POLYGON ((634320.3865627316 3347309.6426481553, 634331.876910935 3347309.6426481553, 634331.876910935 3347302.7374684135, 634320.3865627316 3347302.7374684135, 634320.3865627316 3347309.6426481553))", "target_id": "88a7dc39-fc49-4143-bd74-5af64a8ba132", "region_outline_version": "2024-12-14", "region_name": "Brewster_57" }, "geometry": { "type": "Point", "coordinates": [ -103.603828038500481, 30.249943048353515 ] } },
{ "type": "Feature", "properties": { "bounding_box": "POLYGON ((634374.5790222875 3347309.6426481553, 634378.5564505118 3347309.6426481553, 634378.5564505118 3347306.2176790033, 634374.5790222875 3347306.2176790033, 634374.5790222875 3347309.6426481553))", "target_id": "932399a2-3989-429c-b495-60e1d2719350", "region_outline_version": "2024-12-14", "region_name": "Brewster_57" }, "geometry": { "type": "Point", "coordinates": [ -103.603294140853052, 30.249951934845679 ] } },
{ "type": "Feature", "properties": { "bounding_box": "POLYGON ((634213.8246315559 3347309.3111995277, 634215.0399568467 3347309.3111995277, 634215.0399568467 3347307.598714952, 634213.8246315559 3347307.598714952, 634213.8246315559 3347309.3111995277))", "target_id": "41c8efcb-d438-43be-83c9-dd5da216e974", "region_outline_version": "2024-12-14", "region_name": "Brewster_57" }, "geometry": { "type": "Point", "coordinates": [ -103.604981098264204, 30.24997615566804 ] } },
{ "type": "Feature", "properties": { "bounding_box": "POLYGON ((634827.8401136799 3347309.2559580896, 634832.4252045496 3347309.2559580896, 634832.4252045496 3347304.3394701136, 634827.8401136799 3347304.3394701136, 634827.8401136799 3347309.2559580896))", "target_id": "5cf39e80-8d0d-49ce-8e8d-0e996dc6cd3c", "region_outline_version": "2024-12-14", "region_name": "Brewster_57" }, "geometry": { "type": "Point", "coordinates": [ -103.598584729624363, 30.249892557428844 ] } },
{ "type": "Feature", "properties": { "bounding_box": "POLYGON ((634210.952044505 3347309.200716652, 634212.1673697958 3347309.200716652, 634212.1673697958 3347307.7091978276, 634210.952044505 3347307.7091978276, 634210.952044505 3347309.200716652))", "target_id": "29eafd7b-2ca4-4b7a-b0b2-05af8978b316", "region_outline_version": "2024-12-14", "region_name": "Brewster_57" }, "geometry": { "type": "Point", "coordinates": [ -103.605011656540341, 30.249976504301998 ] } },
{ "type": "Feature", "properties": { "bounding_box": "POLYGON ((634558.2036253086 3347309.200716652, 634559.0322561887 3347309.200716652, 634559.0322561887 3347308.372095083, 634558.2036253086 3347308.372095083, 634558.2036253086 3347309.200716652))", "target_id": "8ad571c5-e04f-4794-a8ec-6033e6cf76b3", "region_outline_version": "2024-12-14", "region_name": "Brewster_57" }, "geometry": { "type": "Point", "coordinates": [ -103.601404828209041, 30.249940998147949 ] } },
{ "type": "Feature", "properties": { "bounding_box": "POLYGON ((634318.2873645021 3347309.145475214, 634319.1712374408 3347309.145475214, 634319.1712374408 3347308.2616122067, 634318.2873645021 3347308.2616122067, 634318.2873645021 3347309.145475214))", "target_id": "1a8c937e-70e7-439e-b1c2-0541a22bd60e", "region_outline_version": "2024-12-14", "region_name": "Brewster_57" }, "geometry": { "type": "Point", "coordinates": [ -103.603897608038324, 30.249966845379369 ] } },
{ "type": "Feature", "properties": { "bounding_box": "POLYGON ((634401.2609366254 3347309.034992338, 634402.8629563268 3347309.034992338, 634402.8629563268 3347307.4882320757, 634401.2609366254 3347307.4882320757, 634401.2609366254 3347309.034992338))", "target_id": "5c1bdacc-f62d-435b-af40-f39cbf8a7ac4", "region_outline_version": "2024-12-14", "region_name": "Brewster_57" }, "geometry": { "type": "Point", "coordinates": [ -103.603032100618023, 30.249954071314402 ] } },
{ "type": "Feature", "properties": { "bounding_box": "POLYGON ((634440.3170721055 3347309.034992338, 634443.4106273911 3347309.034992338, 634443.4106273911 3347305.4995403104, 634440.3170721055 3347305.4995403104, 634440.3170721055 3347309.034992338))", "target_id": "4c5bc5f3-ee64-400a-bd5f-06a6f044e1bd", "region_outline_version": "2024-12-14", "region_name": "Brewster_57" }, "geometry": { "type": "Point", "coordinates": [ -103.602618792231667, 30.249940482898744 ] } },
{ "type": "Feature", "properties": { "bounding_box": "POLYGON ((634444.0182900365 3347308.9797509, 634446.2279723833 3347308.9797509, 634446.2279723833 3347306.549127631, 634444.0182900365 3347306.549127631, 634444.0182900365 3347308.9797509))", "target_id": "1a5e4f4d-b9e3-4486-9a75-b52e22945243", "region_outline_version": "2024-12-14", "region_name": "Brewster_57" }, "geometry": { "type": "Point", "coordinates": [ -103.602583366908931, 30.249944569949822 ] } },
{ "type": "Feature", "properties": { "bounding_box": "POLYGON ((634243.323890886 3347308.8692680243, 634244.7049423528 3347308.8692680243, 634244.7049423528 3347307.3777492, 634243.323890886 3347307.3777492, 634243.323890886 3347308.8692680243))", "target_id": "04437cda-127e-48bb-92a7-1472ffd0e2fe", "region_outline_version": "2024-12-14", "region_name": "Brewster_57" }, "geometry": { "type": "Point", "coordinates": [ -103.604673720580593, 30.249969825155592 ] } },
{ "type": "Feature", "properties": { "bounding_box": "POLYGON ((634811.3227381374 3347308.8692680243, 634812.7037896041 3347308.8692680243, 634812.7037896041 3347307.3777492, 634811.3227381374 3347307.3777492, 634811.3227381374 3347308.8692680243))", "target_id": "2f2b7aef-239c-4c85-893d-9bc3e5bd4bef", "region_outline_version": "2024-12-14", "region_name": "Brewster_57" }, "geometry": { "type": "Point", "coordinates": [ -103.598771511077842, 30.249906722019283 ] } },
{ "type": "Feature", "properties": { "bounding_box": "POLYGON ((634266.3045872931 3347308.4825779586, 634271.00016228 3347308.4825779586, 634271.00016228 3347303.8975386103, 634266.3045872931 3347303.8975386103, 634266.3045872931 3347308.4825779586))", "target_id": "7926921f-e130-476e-9451-533dca183331", "region_outline_version": "2024-12-14", "region_name": "Brewster_57" }, "geometry": { "type": "Point", "coordinates": [ -103.604415299384812, 30.249947611166927 ] } },
{ "type": "Feature", "properties": { "bounding_box": "POLYGON ((634309.4486351148 3347308.316853645, 634310.8849286402 3347308.316853645, 634310.8849286402 3347306.8805762585, 634309.4486351148 3347306.8805762585, 634309.4486351148 3347308.316853645))", "target_id": "da14dfae-9b58-4588-9366-b82b2827dfda", "region_outline_version": "2024-12-14", "region_name": "Brewster_57" }, "geometry": { "type": "Point", "coordinates": [ -103.603986475255965, 30.249957944358492 ] } },
{ "type": "Feature", "properties": { "bounding_box": "POLYGON ((634350.2172744137 3347308.151129331, 634351.4878417632 3347308.151129331, 634351.4878417632 3347306.9910591342, 634350.2172744137 3347306.9910591342, 634350.2172744137 3347308.151129331))", "target_id": "c5dcf485-2422-4aa0-971a-eef42da0a9fb", "region_outline_version": "2024-12-14", "region_name": "Brewster_57" }, "geometry": { "type": "Point", "coordinates": [ -103.603563511351666, 30.249953353217823 ] } },
{ "type": "Feature", "properties": { "bounding_box": "POLYGON ((634208.5213939236 3347307.985405017, 634211.4492230332 3347307.985405017, 634211.4492230332 3347305.002367369, 634208.5213939236 3347305.002367369, 634208.5213939236 3347307.985405017))", "target_id": "b06cb6c7-d95d-4eb8-9590-b04026ad7d45", "region_outline_version": "2024-12-14", "region_name": "Brewster_57" }, "geometry": { "type": "Point", "coordinates": [ -103.605028625933627, 30.249958762854934 ] } },
{ "type": "Feature", "properties": { "bounding_box": "POLYGON ((634505.8341536889 3347307.985405017, 634510.9716651452 3347307.985405017, 634510.9716651452 3347305.7757475, 634505.8341536889 3347305.7757475, 634505.8341536889 3347307.985405017))", "target_id": "d8fd8389-55ec-4346-b586-45b7f9310ecc", "region_outline_version": "2024-12-14", "region_name": "Brewster_57" }, "geometry": { "type": "Point", "coordinates": [ -103.60192947683494, 30.249932204942336 ] } },
{ "type": "Feature", "properties": { "bounding_box": "POLYGON ((634233.9327409121 3347307.6539563895, 634235.5900026722 3347307.6539563895, 634235.5900026722 3347305.665264624, 634233.9327409121 3347305.665264624, 634233.9327409121 3347307.6539563895))", "target_id": "651853ba-569d-4b7c-b66a-92acb144f1a6", "region_outline_version": "2024-12-14", "region_name": "Brewster_57" }, "geometry": { "type": "Point", "coordinates": [ -103.604770937305361, 30.24995792552167 ] } },
{ "type": "Feature", "properties": { "bounding_box": "POLYGON ((634409.9339398367 3347307.543473514, 634411.9226539488 3347307.543473514, 634411.9226539488 3347305.4442988723, 634409.9339398367 3347305.4442988723, 634409.9339398367 3347307.543473514))", "target_id": "5ea91ba1-783e-41b5-836e-7b13bde8bf98", "region_outline_version": "2024-12-14", "region_name": "Brewster_57" }, "geometry": { "type": "Point", "coordinates": [ -103.602940480615445, 30.249936166726371 ] } },
{ "type": "Feature", "properties": { "bounding_box": "POLYGON ((634707.578151954 3347307.4882320757, 634708.8487193034 3347307.4882320757, 634708.8487193034 3347306.1071961275, 634707.578151954 3347306.1071961275, 634707.578151954 3347307.4882320757))", "target_id": "4980dab1-ac91-4bd2-a20e-a256d04004ca", "region_outline_version": "2024-12-14", "region_name": "Brewster_57" }, "geometry": { "type": "Point", "coordinates": [ -103.599850448686126, 30.249906518017688 ] } },
{ "type": "Feature", "properties": { "bounding_box": "POLYGON ((634763.7040835633 3347307.3777492, 634766.3557023795 3347307.3777492, 634766.3557023795 3347304.947125931, 634763.7040835633 3347304.947125931, 634763.7040835633 3347307.3777492))", "target_id": "b21deaa7-e4ab-4ddc-a822-2200818e299f", "region_outline_version": "2024-12-14", "region_name": "Brewster_57" }, "geometry": { "type": "Point", "coordinates": [ -103.599259734926775, 30.249894371664659 ] } },
{ "type": "Feature", "properties": { "bounding_box": "POLYGON ((634400.0456113346 3347307.2672663243, 634400.9294842733 3347307.2672663243, 634400.9294842733 3347306.383403317, 634400.0456113346 3347306.383403317, 634400.0456113346 3347307.2672663243))", "target_id": "7693bd6f-61ae-4550-b8f6-6ec908d6bf60", "region_outline_version": "2024-12-14", "region_name": "Brewster_57" }, "geometry": { "type": "Point", "coordinates": [ -103.60304826805239, 30.24994084233726 ] } },
{ "type": "Feature", "properties": { "bounding_box": "POLYGON ((634401.9238413294 3347307.212024886, 634403.9125554416 3347307.212024886, 634403.9125554416 3347305.1128502446, 634401.9238413294 3347305.1128502446, 634401.9238413294 3347307.212024886))", "target_id": "c2459191-78d9-4183-99c2-16a58d70fb23", "region_outline_version": "2024-12-14", "region_name": "Brewster_57" }, "geometry": { "type": "Point", "coordinates": [ -103.603022478990468, 30.249934739948873 ] } },
{ "type": "Feature", "properties": { "bounding_box": "POLYGON ((634838.722799238 3347307.212024886, 634840.0486086461 3347307.212024886, 634840.0486086461 3347305.720506062, 634838.722799238 3347305.720506062, 634838.722799238 3347307.212024886))", "target_id": "962bc488-36fa-4ee2-bdc0-ead42fb188a9", "region_outline_version": "2024-12-14", "region_name": "Brewster_57" }, "geometry": { "type": "Point", "coordinates": [ -103.598487603562333, 30.249889148356235 ] } },
{ "type": "Feature", "properties": { "bounding_box": "POLYGON ((634264.4815993569 3347306.9910591342, 634265.641682589 3347306.9910591342, 634265.641682589 3347305.610023186, 634264.4815993569 3347305.610023186, 634264.4815993569 3347306.9910591342))", "target_id": "4f54c81d-1e67-4e24-9bac-447b339cfe8a", "region_outline_version": "2024-12-14", "region_name": "Brewster_57" }, "geometry": { "type": "Point", "coordinates": [ -103.604455422578866, 30.249951095674259 ] } },
{ "type": "Feature", "properties": { "bounding_box": "POLYGON ((634373.3636969967 3347306.8253348204, 634374.7447484635 3347306.8253348204, 634374.7447484635 3347305.223333121, 634373.3636969967 3347305.223333121, 634373.3636969967 3347306.8253348204))", "target_id": "dbefb0fc-5e66-4b1a-84f0-a9a74eb9a004", "region_outline_version": "2024-12-14", "region_name": "Brewster_57" }, "geometry": { "type": "Point", "coordinates": [ -103.603322991122823, 30.249936767172802 ] } },
{ "type": "Feature", "properties": { "bounding_box": "POLYGON ((634702.1644302043 3347306.8253348204, 634704.2636284337 3347306.8253348204, 634704.2636284337 3347304.836643055, 634702.1644302043 3347304.836643055, 634702.1644302043 3347306.8253348204))", "target_id": "df52bb35-1438-49d0-868a-89eca559ae2f", "region_outline_version": "2024-12-14", "region_name": "Brewster_57" }, "geometry": { "type": "Point", "coordinates": [ -103.599902685936939, 30.249898205655747 ] } },
{ "type": "Feature", "properties": { "bounding_box": "POLYGON ((634337.0144223914 3347306.604369069, 634339.8317673836 3347306.604369069, 634339.8317673836 3347303.234641355, 634337.0144223914 3347303.234641355, 634337.0144223914 3347306.604369069))", "target_id": "e81a4519-c033-4770-9d26-62538a07a14b", "region_outline_version": "2024-12-14", "region_name": "Brewster_57" }, "geometry": { "type": "Point", "coordinates": [ -103.603694536841502, 30.249930131930284 ] } },
{ "type": "Feature", "properties": { "bounding_box": "POLYGON ((634276.4691260884 3347306.438644755, 634277.4082410858 3347306.438644755, 634277.4082410858 3347305.4995403104, 634276.4691260884 3347305.4995403104, 634276.4691260884 3347306.438644755))", "target_id": "d589c437-ca66-4c83-bd3d-20cc4b72d11a", "region_outline_version": "2024-12-14", "region_name": "Brewster_57" }, "geometry": { "type": "Point", "coordinates": [ -103.604332218490512, 30.249946804494289 ] } },
{ "type": "Feature", "properties": { "bounding_box": "POLYGON ((634836.2369065979 3347306.438644755, 634838.1151365926 3347306.438644755, 634838.1151365926 3347305.002367369, 634836.2369065979 3347305.002367369, 634836.2369065979 3347306.438644755))", "target_id": "7645cc17-550b-4958-9b2a-e058f7551db3", "region_outline_version": "2024-12-14", "region_name": "Brewster_57" }, "geometry": { "type": "Point", "coordinates": [ -103.598511296752747, 30.249882482534368 ] } },
{ "type": "Feature", "properties": { "bounding_box": "POLYGON ((634309.5591192321 3347306.1624375656, 634312.763158635 3347306.1624375656, 634312.763158635 3347302.626985538, 634309.5591192321 3347302.626985538, 634309.5591192321 3347306.1624375656))", "target_id": "ca682a3f-f91f-446b-b9c8-49f4e9e03bf5", "region_outline_version": "2024-12-14", "region_name": "Brewster_57" }, "geometry": { "type": "Point", "coordinates": [ -103.603976579991098, 30.249927738167315 ] } },
{ "type": "Feature", "properties": { "bounding_box": "POLYGON ((634538.5374524218 3347305.996713252, 634539.531809478 3347305.996713252, 634539.531809478 3347304.947125931, 634538.5374524218 3347304.947125931, 634538.5374524218 3347305.996713252))", "target_id": "648a7608-c23c-4fa7-a011-c3a4b5314d49", "region_outline_version": "2024-12-14", "region_name": "Brewster_57" }, "geometry": { "type": "Point", "coordinates": [ -103.601608858503184, 30.249913365550057 ] } },
{ "type": "Feature", "properties": { "bounding_box": "POLYGON ((634260.5594131913 3347305.9414718137, 634262.8795796555 3347305.9414718137, 634262.8795796555 3347302.29553691, 634260.5594131913 3347302.29553691, 634260.5594131913 3347305.9414718137))", "target_id": "27cd3dfc-3002-4d20-91ba-6a7ee57d8ef7", "region_outline_version": "2024-12-14", "region_name": "Brewster_57" }, "geometry": { "type": "Point", "coordinates": [ -103.604490131106886, 30.249932315582797 ] } },
{ "type": "Feature", "properties": { "bounding_box": "POLYGON ((634392.3117231207 3347305.610023186, 634394.1347110568 3347305.610023186, 634394.1347110568 3347301.7983639687, 634392.3117231207 3347301.7983639687, 634392.3117231207 3347305.610023186))", "target_id": "fcc2781f-6e09-4290-84b8-e3ae92b6b722", "region_outline_version": "2024-12-14", "region_name": "Brewster_57" }, "geometry": { "type": "Point", "coordinates": [ -103.60312327841865, 30.249912900258842 ] } },
{ "type": "Feature", "properties": { "bounding_box": "POLYGON ((634811.377980196 3347305.554781748, 634813.0904840148 3347305.554781748, 634813.0904840148 3347303.7318142965, 634811.377980196 3347303.7318142965, 634811.377980196 3347305.554781748))", "target_id": "4ce64808-042d-4093-ab0b-3b7b33e09b36", "region_outline_version": "2024-12-14", "region_name": "Brewster_57" }, "geometry": { "type": "Point", "coordinates": [ -103.598770620138325, 30.249875556707419 ] } },
{ "type": "Feature", "properties": { "bounding_box": "POLYGON ((634236.5291176696 3347305.4995403104, 634238.6835579578 3347305.4995403104, 634238.6835579578 3347303.068917041, 634236.5291176696 3347303.068917041, 634236.5291176696 3347305.4995403104))", "target_id": "7c3a352c-99e1-4d38-9294-02a77a3d4b4b", "region_outline_version": "2024-12-14", "region_name": "Brewster_57" }, "geometry": { "type": "Point", "coordinates": [ -103.604740951313545, 30.249936218235952 ] } },
{ "type": "Feature", "properties": { "bounding_box": "POLYGON ((634484.2897508073 3347305.2785745584, 634485.505076098 3347305.2785745584, 634485.505076098 3347303.8975386103, 634484.2897508073 3347303.8975386103, 634484.2897508073 3347305.2785745584))", "target_id": "bd46e0e0-df59-456f-8ff5-c90a61fa0289", "region_outline_version": "2024-12-14", "region_name": "Brewster_57" }, "geometry": { "type": "Point", "coordinates": [ -103.602171172539897, 30.249911026682657 ] } },
{ "type": "Feature", "properties": { "bounding_box": "POLYGON ((634793.6452793628 3347305.223333121, 634795.2472990643 3347305.223333121, 634795.2472990643 3347303.289882793, 634793.6452793628 3347303.289882793, 634793.6452793628 3347305.223333121))", "target_id": "fb949ed8-cd1c-4fbc-88bc-22d7f70578a9", "region_outline_version": "2024-12-14", "region_name": "Brewster_57" }, "geometry": { "type": "Point", "coordinates": [ -103.598955329029636, 30.249874262319217 ] } },
{ "type": "Feature", "properties": { "bounding_box": "POLYGON ((634814.582019599 3347305.057608807, 634816.3497654764 3347305.057608807, 634816.3497654764 3347302.6822269754, 634814.582019599 3347302.6822269754, 634814.582019599 3347305.057608807))", "target_id": "6e764a82-99fd-41d2-bb99-08d4eb78790a", "region_outline_version": "2024-12-14", "region_name": "Brewster_57" }, "geometry": { "type": "Point", "coordinates": [ -103.598736573757151, 30.24986837000586 ] } },
{ "type": "Feature", "properties": { "bounding_box": "POLYGON ((634227.1379676956 3347305.002367369, 634228.9609556317 3347305.002367369, 634228.9609556317 3347302.9031927274, 634227.1379676956 3347302.9031927274, 634227.1379676956 3347305.002367369))", "target_id": "61a3c0ae-f282-4606-8080-f58d60e005a5", "region_outline_version": "2024-12-14", "region_name": "Brewster_57" }, "geometry": { "type": "Point", "coordinates": [ -103.604839798946486, 30.249933979916968 ] } },
{ "type": "Feature", "properties": { "bounding_box": "POLYGON ((634798.3960964085 3347304.891884493, 634799.8323899339 3347304.891884493, 634799.8323899339 3347302.6822269754, 634798.3960964085 3347302.6822269754, 634798.3960964085 3347304.891884493))", "target_id": "a47d72dc-d219-4dfe-ad47-2a614c96ef2e", "region_outline_version": "2024-12-14", "region_name": "Brewster_57" }, "geometry": { "type": "Point", "coordinates": [ -103.598905933946654, 30.249869616112619 ] } },
{ "type": "Feature", "properties": { "bounding_box": "POLYGON ((634796.6835925897 3347304.836643055, 634797.6779496458 3347304.836643055, 634797.6779496458 3347303.6213314207, 634796.6835925897 3347303.6213314207, 634796.6835925897 3347304.836643055))", "target_id": "b17dd483-fdba-4f89-990a-e97b4250be3f", "region_outline_version": "2024-12-14", "region_name": "Brewster_57" }, "geometry": { "type": "Point", "coordinates": [ -103.598926386533449, 30.249873457408459 ] } },
{ "type": "Feature", "properties": { "bounding_box": "POLYGON ((634256.581984967 3347304.6709187413, 634259.0678776072 3347304.6709187413, 634259.0678776072 3347302.1298125964, 634256.581984967 3347302.1298125964, 634256.581984967 3347304.6709187413))", "target_id": "1f932c62-ab6e-434f-bec3-941c0fb01095", "region_outline_version": "2024-12-14", "region_name": "Brewster_57" }, "geometry": { "type": "Point", "coordinates": [ -103.604530932385359, 30.249925365634571 ] } },
{ "type": "Feature", "properties": { "bounding_box": "POLYGON ((634212.3330959718 3347304.5051944274, 634214.7085044946 3347304.5051944274, 634214.7085044946 3347302.6822269754, 634212.3330959718 3347302.6822269754, 634212.3330959718 3347304.5051944274))", "target_id": "9df3d38d-3630-46e2-8f2d-1fbb65716afc", "region_outline_version": "2024-12-14", "region_name": "Brewster_57" }, "geometry": { "type": "Point", "coordinates": [ -103.604992226301476, 30.249932870421706 ] } },
{ "type": "Feature", "properties": { "bounding_box": "POLYGON ((634365.6298087828 3347304.2842286755, 634366.9556181909 3347304.2842286755, 634366.9556181909 3347302.7374684135, 634365.6298087828 3347302.7374684135, 634365.6298087828 3347304.2842286755))", "target_id": "79058603-7f73-469d-bc8c-aa7e70e7a88c", "region_outline_version": "2024-12-14", "region_name": "Brewster_57" }, "geometry": { "type": "Point", "coordinates": [ -103.603403408288443, 30.249915270184719 ] } },
{ "type": "Feature", "properties": { "bounding_box": "POLYGON ((634415.5133877624 3347304.2842286755, 634419.104121576 3347304.2842286755, 634419.104121576 3347301.1907081516, 634415.5133877624 3347301.1907081516, 634415.5133877624 3347304.2842286755))", "target_id": "fcfc7e02-f01e-4d2a-9503-bffe1b1d6cd1", "region_outline_version": "2024-12-14", "region_name": "Brewster_57" }, "geometry": { "type": "Point", "coordinates": [ -103.602873789447784, 30.249902719669404 ] } },
{ "type": "Feature", "properties": { "bounding_box": "POLYGON ((634242.1638076539 3347304.1185043617, 634251.0025370413 3347304.1185043617, 634251.0025370413 3347299.036292072, 634242.1638076539 3347299.036292072, 634242.1638076539 3347304.1185043617))", "target_id": "9984c356-91c2-4d9e-96e9-028d3d7a19d5", "region_outline_version": "2024-12-14", "region_name": "Brewster_57" }, "geometry": { "type": "Point", "coordinates": [ -103.604653429946893, 30.249912081927175 ] } },
{ "type": "Feature", "properties": { "bounding_box": "POLYGON ((634299.3945804368 3347304.063262924, 634301.0518421968 3347304.063262924, 634301.0518421968 3347302.3507783483, 634299.3945804368 3347302.3507783483, 634299.3945804368 3347304.063262924))", "target_id": "eacf6689-e192-40e5-b741-aaf23fdfcc86", "region_outline_version": "2024-12-14", "region_name": "Brewster_57" }, "geometry": { "type": "Point", "coordinates": [ -103.60409070306676, 30.249919070868732 ] } },
{ "type": "Feature", "properties": { "bounding_box": "POLYGON ((634207.4165527502 3347304.008021486, 634208.5213939236 3347304.008021486, 634208.5213939236 3347303.013675603, 634207.4165527502 3347303.013675603, 634207.4165527502 3347304.008021486))", "target_id": "cffda975-2116-4e18-9d2d-4dcbc56b81a6", "region_outline_version": "2024-12-14", "region_name": "Brewster_57" }, "geometry": { "type": "Point", "coordinates": [ -103.605049123874466, 30.249932189325779 ] } },
{ "type": "Feature", "properties": { "bounding_box": "POLYGON ((634380.2137122719 3347303.952780048, 634381.7604899147 3347303.952780048, 634381.7604899147 3347302.406019786, 634380.2137122719 3347302.406019786, 634380.2137122719 3347303.952780048))", "target_id": "86587874-89b5-4d23-b8dd-c4d9267b6eb2", "region_outline_version": "2024-12-14", "region_name": "Brewster_57" }, "geometry": { "type": "Point", "coordinates": [ -103.603251216067591, 30.24990970688 ] } },
{ "type": "Feature", "properties": { "bounding_box": "POLYGON ((634287.7937481159 3347303.842297172, 634290.1691566388 3347303.842297172, 634290.1691566388 3347301.7983639687, 634287.7937481159 3347301.7983639687, 634287.7937481159 3347303.842297172))", "target_id": "65ea8257-33bf-4ed4-84c6-df6e9ae9003e", "region_outline_version": "2024-12-14", "region_name": "Brewster_57" }, "geometry": { "type": "Point", "coordinates": [ -103.604207406726374, 30.249916731618828 ] } },
{ "type": "Feature", "properties": { "bounding_box": "POLYGON ((634697.7450655106 3347303.842297172, 634699.5128113881 3347303.842297172, 634699.5128113881 3347302.1298125964, 634697.7450655106 3347302.1298125964, 634697.7450655106 3347303.842297172))", "target_id": "1311cc66-44f6-45f2-9cf3-73f2d095ef55", "region_outline_version": "2024-12-14", "region_name": "Brewster_57" }, "geometry": { "type": "Point", "coordinates": [ -103.59995071306281, 30.249872991853362 ] } },
{ "type": "Feature", "properties": { "bounding_box": "POLYGON ((634293.483680159 3347303.179399917, 634295.2514260365 3347303.179399917, 634295.2514260365 3347301.245949589, 634293.483680159 3347301.245949589, 634293.483680159 3347303.179399917))", "target_id": "42dcb9ff-4952-45ab-99fe-47aad937571d", "region_outline_version": "2024-12-14", "region_name": "Brewster_57" }, "geometry": { "type": "Point", "coordinates": [ -103.604152023846936, 30.249911036823246 ] } },
{ "type": "Feature", "properties": { "bounding_box": "POLYGON ((634529.3120286239 3347303.1241584793, 634530.5273539147 3347303.1241584793, 634530.5273539147 3347301.9640882825, 634529.3120286239 3347301.9640882825, 634529.3120286239 3347303.1241584793))", "target_id": "23d88a9b-0159-4455-8f8a-accc398cab79", "region_outline_version": "2024-12-14", "region_name": "Brewster_57" }, "geometry": { "type": "Point", "coordinates": [ -103.601703771179501, 30.249887756070645 ] } },
{ "type": "Feature", "properties": { "bounding_box": "POLYGON ((634361.7076226173 3347303.013675603, 634363.1439161426 3347303.013675603, 634363.1439161426 3347301.3564324654, 634361.7076226173 3347301.3564324654, 634361.7076226173 3347303.013675603))", "target_id": "d21f7676-45b7-481b-868b-d5795825fe2c", "region_outline_version": "2024-12-14", "region_name": "Brewster_57" }, "geometry": { "type": "Point", "coordinates": [ -103.603444112377318, 30.249903372884624 ] } },
{ "type": "Feature", "properties": { "bounding_box": "POLYGON ((634193.3298277891 3347302.9031927274, 634204.433481582 3347302.9031927274, 634204.433481582 3347291.633939389, 634193.3298277891 3347291.633939389, 634193.3298277891 3347302.9031927274))", "target_id": "433850e0-d5aa-487e-aa6c-de94809b5e60", "region_outline_version": "2024-12-14", "region_name": "Brewster_57" }, "geometry": { "type": "Point", "coordinates": [ -103.605138518017554, 30.249881455018787 ] } },
{ "type": "Feature", "properties": { "bounding_box": "POLYGON ((634543.0673012328 3347302.9031927274, 634544.1721424062 3347302.9031927274, 634544.1721424062 3347301.7983639687, 634543.0673012328 3347301.7983639687, 634543.0673012328 3347302.9031927274))", "target_id": "e54b562b-3b89-4c25-ac2b-62b4059829bb", "region_outline_version": "2024-12-14", "region_name": "Brewster_57" }, "geometry": { "type": "Point", "coordinates": [ -103.60156116408217, 30.249884652436567 ] } },
{ "type": "Feature", "properties": { "bounding_box": "POLYGON ((634805.7985322704 3347302.7374684135, 634806.682405209 3347302.7374684135, 634806.682405209 3347301.7983639687, 634805.7985322704 3347301.7983639687, 634805.7985322704 3347302.7374684135))", "target_id": "403111b0-c846-464d-97f9-031e1fbfa201", "region_outline_version": "2024-12-14", "region_name": "Brewster_57" }, "geometry": { "type": "Point", "coordinates": [ -103.598832356775091, 30.249854687430314 ] } },
{ "type": "Feature", "properties": { "bounding_box": "POLYGON ((634395.4605204649 3347302.626985538, 634396.620603697 3347302.626985538, 634396.620603697 3347301.3011910273, 634395.4605204649 3347301.3011910273, 634395.4605204649 3347302.626985538))", "target_id": "329dd0b1-ed4f-4ea7-a4cf-857d6de670e4", "region_outline_version": "2024-12-14", "region_name": "Brewster_57" }, "geometry": { "type": "Point", "coordinates": [ -103.60309488814454, 30.249897329320223 ] } },
{ "type": "Feature", "properties": { "bounding_box": "POLYGON ((634336.0200653353 3347302.29553691, 634337.5668429781 3347302.29553691, 634337.5668429781 3347300.638293772, 634336.0200653353 3347300.638293772, 634336.0200653353 3347302.29553691))", "target_id": "015c0405-02f0-4b5a-8273-da92fcec7cff", "region_outline_version": "2024-12-14", "region_name": "Brewster_57" }, "geometry": { "type": "Point", "coordinates": [ -103.603711037276625, 30.249899676496369 ] } },
{ "type": "Feature", "properties": { "bounding_box": "POLYGON ((634354.6366391074 3347302.29553691, 634362.6467376146 3347302.29553691, 634362.6467376146 3347292.462560958, 634354.6366391074 3347292.462560958, 634354.6366391074 3347302.29553691))", "target_id": "b99b9251-33bb-4f2a-80ed-f9948ef03abb", "region_outline_version": "2024-12-14", "region_name": "Brewster_57" }, "geometry": { "type": "Point", "coordinates": [ -103.603486086509321, 30.249856772764325 ] } },
{ "type": "Feature", "properties": { "bounding_box": "POLYGON ((634842.7002274623 3347302.1850540345, 634843.749826577 3347302.1850540345, 634843.749826577 3347301.1354667135, 634842.7002274623 3347301.1354667135, 634842.7002274623 3347302.1850540345))", "target_id": "be18cf69-93c7-4173-8804-a12a28dd92d6", "region_outline_version": "2024-12-14", "region_name": "Brewster_57" }, "geometry": { "type": "Point", "coordinates": [ -103.598448579281339, 30.249845303057636 ] } },
{ "type": "Feature", "properties": { "bounding_box": "POLYGON ((634835.6292439525 3347302.1298125964, 634836.6236010086 3347302.1298125964, 634836.6236010086 3347301.1907081516, 634835.6292439525 3347301.1907081516, 634835.6292439525 3347302.1298125964))", "target_id": "579d060d-e0b0-4034-be1c-542ae06ab3f9", "region_outline_version": "2024-12-14", "region_name": "Brewster_57" }, "geometry": { "type": "Point", "coordinates": [ -103.598522037997014, 30.249845936539348 ] } },
{ "type": "Feature", "properties": { "bounding_box": "POLYGON ((634351.8192941152 3347302.0193297206, 634352.6479249953 3347302.0193297206, 634352.6479249953 3347301.1907081516, 634351.8192941152 3347301.1907081516, 634351.8192941152 3347302.0193297206))", "target_id": "b998218b-1236-4a04-9788-4da303b8e9bd", "region_outline_version": "2024-12-14", "region_name": "Brewster_57" }, "geometry": { "type": "Point", "coordinates": [ -103.603550358371763, 30.249899093952305 ] } },
{ "type": "Feature", "properties": { "bounding_box": "POLYGON ((634783.204530274 3347301.9088468445, 634785.0275182102 3347301.9088468445, 634785.0275182102 3347300.030637955, 634783.204530274 3347300.030637955, 634783.204530274 3347301.9088468445))", "target_id": "cf39059a-56a5-4b93-be3c-a94672a47726", "region_outline_version": "2024-12-14", "region_name": "Brewster_57" }, "geometry": { "type": "Point", "coordinates": [ -103.599063154086977, 30.249846054475285 ] } },
{ "type": "Feature", "properties": { "bounding_box": "POLYGON ((634218.2992383082 3347301.411673903, 634219.348837423 3347301.411673903, 634219.348837423 3347300.3068451444, 634218.2992383082 3347300.3068451444, 634218.2992383082 3347301.411673903))", "target_id": "abfab27d-2899-4c84-b149-ab67bb3cf7b3", "region_outline_version": "2024-12-14", "region_name": "Brewster_57" }, "geometry": { "type": "Point", "coordinates": [ -103.604936923497519, 30.249906989729165 ] } },
{ "type": "Feature", "properties": { "bounding_box": "POLYGON ((634222.9395712366 3347301.3011910273, 634224.9835274074 3347301.3011910273, 634224.9835274074 3347299.036292072, 634222.9395712366 3347299.036292072, 634222.9395712366 3347301.3011910273))", "target_id": "8f56fb67-1adb-4814-935e-7b0ff71533b2", "region_outline_version": "2024-12-14", "region_name": "Brewster_57" }, "geometry": { "type": "Point", "coordinates": [ -103.604883103199668, 30.249900725662346 ] } },
{ "type": "Feature", "properties": { "bounding_box": "POLYGON ((634260.0622346633 3347301.245949589, 634264.7025675916 3347301.245949589, 634264.7025675916 3347297.102841744, 634260.0622346633 3347297.102841744, 634260.0622346633 3347301.245949589))", "target_id": "5f7fd85f-9a0b-42f3-b192-b3e1defe91bd", "region_outline_version": "2024-12-14", "region_name": "Brewster_57" }, "geometry": { "type": "Point", "coordinates": [ -103.604483219641935, 30.249887582756546 ] } },
{ "type": "Feature", "properties": { "bounding_box": "POLYGON ((634389.6048622458 3347301.245949589, 634391.3173660646 3347301.245949589, 634391.3173660646 3347299.864913641, 634389.6048622458 3347299.864913641, 634389.6048622458 3347301.245949589))", "target_id": "ef4452aa-f64f-430a-8da5-4aa24605acf4", "region_outline_version": "2024-12-14", "region_name": "Brewster_57" }, "geometry": { "type": "Point", "coordinates": [ -103.603153664877837, 30.249885155313702 ] } },
{ "type": "Feature", "properties": { "bounding_box": "POLYGON ((634289.7272201694 3347301.1907081516, 634291.7711763402 3347301.1907081516, 634291.7711763402 3347298.152429065, 634289.7272201694 3347298.152429065, 634289.7272201694 3347301.1907081516))", "target_id": "02d2b308-5239-4957-b843-113dde016e43", "region_outline_version": "2024-12-14", "region_name": "Brewster_57" }, "geometry": { "type": "Point", "coordinates": [ -103.604189694137759, 30.249888246273869 ] } },
{ "type": "Feature", "properties": { "bounding_box": "POLYGON ((634312.431706283 3347301.0802252754, 634313.5365474564 3347301.0802252754, 634313.5365474564 3347299.9753965167, 634312.431706283 3347299.9753965167, 634312.431706283 3347301.0802252754))", "target_id": "8e276fd1-3d18-46e5-907d-d153214bd8c1", "region_outline_version": "2024-12-14", "region_name": "Brewster_57" }, "geometry": { "type": "Point", "coordinates": [ -103.603958285243948, 30.249893709064157 ] } },
{ "type": "Feature", "properties": { "bounding_box": "POLYGON ((634252.217862332 3347300.804018086, 634256.8581952604 3347300.804018086, 634256.8581952604 3347296.1637372994, 634252.217862332 3347296.1637372994, 634252.217862332 3347300.804018086))", "target_id": "fd4159df-4635-4f23-85cb-03f9b33ada7f", "region_outline_version": "2024-12-14", "region_name": "Brewster_57" }, "geometry": { "type": "Point", "coordinates": [ -103.604568305886104, 30.249878412120776 ] } },
{ "type": "Feature", "properties": { "bounding_box": "POLYGON ((634620.6271516064 3347300.748776648, 634622.1186871906 3347300.748776648, 634622.1186871906 3347299.5334650134, 634620.6271516064 3347299.5334650134, 634620.6271516064 3347300.748776648))", "target_id": "9321b5c0-d65f-4e03-9858-44496d4b571e", "region_outline_version": "2024-12-14", "region_name": "Brewster_57" }, "geometry": { "type": "Point", "coordinates": [ -103.600753687455168, 30.24985642110147 ] } },
{ "type": "Feature", "properties": { "bounding_box": "POLYGON ((634842.0925648169 3347300.638293772, 634844.1917630464 3347300.638293772, 634844.1917630464 3347299.4229821377, 634842.0925648169 3347299.4229821377, 634842.0925648169 3347300.638293772))", "target_id": "34f71a2f-5e2d-4dd2-ad48-8f716f8d8be0", "region_outline_version": "2024-12-14", "region_name": "Brewster_57" }, "geometry": { "type": "Point", "coordinates": [ -103.598449517762134, 30.24983034229308 ] } },
{ "type": "Feature", "properties": { "bounding_box": "POLYGON ((634652.3360932834 3347300.4173280206, 634655.8163429796 3347300.4173280206, 634655.8163429796 3347296.8818759928, 634652.3360932834 3347296.8818759928, 634652.3360932834 3347300.4173280206))", "target_id": "50624777-181c-4c0e-9c10-71ebf94fe74b", "region_outline_version": "2024-12-14", "region_name": "Brewster_57" }, "geometry": { "type": "Point", "coordinates": [ -103.600413318611942, 30.249838846328192 ] } },
{ "type": "Feature", "properties": { "bounding_box": "POLYGON ((634329.8329547642 3347300.3068451444, 634331.3244903483 3347300.3068451444, 634331.3244903483 3347298.925809196, 634329.8329547642 3347298.925809196, 634329.8329547642 3347300.3068451444))", "target_id": "e95d382e-d386-4547-ba3e-5a6c977fb457", "region_outline_version": "2024-12-14", "region_name": "Brewster_57" }, "geometry": { "type": "Point", "coordinates": [ -103.60377574188901, 30.249883230780434 ] } },
{ "type": "Feature", "properties": { "bounding_box": "POLYGON ((634274.3146858002 3347299.809672203, 634276.1376737364 3347299.809672203, 634276.1376737364 3347297.8762218757, 634274.3146858002 3347297.8762218757, 634274.3146858002 3347299.809672203))", "target_id": "ff4ec1da-e293-4285-812d-2464dda3fe5b", "region_outline_version": "2024-12-14", "region_name": "Brewster_57" }, "geometry": { "type": "Point", "coordinates": [ -103.604351108102307, 30.249882714179527 ] } },
{ "type": "Feature", "properties": { "bounding_box": "POLYGON ((634331.7664268177 3347299.4229821377, 634333.3132044605 3347299.4229821377, 634333.3132044605 3347297.9867047514, 634331.7664268177 3347297.9867047514, 634331.7664268177 3347299.4229821377))", "target_id": "b478f191-a91f-423b-90e5-7b3b27aaa7f5", "region_outline_version": "2024-12-14", "region_name": "Brewster_57" }, "geometry": { "type": "Point", "coordinates": [ -103.603755220093987, 30.249874441759275 ] } },
{ "type": "Feature", "properties": { "bounding_box": "POLYGON ((634543.1225432915 3347299.257257824, 634545.1112574036 3347299.257257824, 634545.1112574036 3347297.434290372, 634543.1225432915 3347297.434290372, 634543.1225432915 3347299.257257824))", "target_id": "59e8a161-0e0e-4f1a-a3a6-43181a757b49", "region_outline_version": "2024-12-14", "region_name": "Brewster_57" }, "geometry": { "type": "Point", "coordinates": [ -103.601557392788678, 30.249848817929525 ] } },
{ "type": "Feature", "properties": { "bounding_box": "POLYGON ((634380.5451646239 3347299.2020163857, 634382.9758152054 3347299.2020163857, 634382.9758152054 3347296.716151679, 634380.5451646239 3347296.716151679, 634380.5451646239 3347299.2020163857))", "target_id": "7333447d-7527-423b-8805-917f326ef761", "region_outline_version": "2024-12-14", "region_name": "Brewster_57" }, "geometry": { "type": "Point", "coordinates": [ -103.603243319496343, 30.249863183924298 ] } },
{ "type": "Feature", "properties": { "bounding_box": "POLYGON ((634218.3544803669 3347299.09153351, 634219.6250477163 3347299.09153351, 634219.6250477163 3347298.0419461895, 634218.3544803669 3347298.0419461895, 634218.3544803669 3347299.09153351))", "target_id": "2fd3b152-2567-4b28-8a0a-4d361960901f", "region_outline_version": "2024-12-14", "region_name": "Brewster_57" }, "geometry": { "type": "Point", "coordinates": [ -103.604935351708676, 30.24988645282491 ] } },
{ "type": "Feature", "properties": { "bounding_box": "POLYGON ((634239.5121888377 3347299.036292072, 634245.2021208808 3347299.036292072, 634245.2021208808 3347295.169391417, 634239.5121888377 3347295.169391417, 634239.5121888377 3347299.036292072))", "target_id": "67e1e3f6-8ee6-4b5e-88d3-3cf63c966e99", "region_outline_version": "2024-12-14", "region_name": "Brewster_57" }, "geometry": { "type": "Point", "coordinates": [ -103.604690198463132, 30.249872445886194 ] } },
{ "type": "Feature", "properties": { "bounding_box": "POLYGON ((634614.495283094 3347298.9810506343, 634623.1130442466 3347298.9810506343, 634623.1130442466 3347290.2529034405, 634614.495283094 3347290.2529034405, 634614.495283094 3347298.9810506343))", "target_id": "fdbd60d7-7c3b-4b09-9fdd-2232d5de4097", "region_outline_version": "2024-12-14", "region_name": "Brewster_57" }, "geometry": { "type": "Point", "coordinates": [ -103.600778523160329, 30.249806238811093 ] } },
{ "type": "Feature", "properties": { "bounding_box": "POLYGON ((634300.0022430822 3347298.7600848824, 634301.9909571942 3347298.7600848824, 634301.9909571942 3347296.660910241, 634300.0022430822 3347296.660910241, 634300.0022430822 3347298.7600848824))", "target_id": "0a3af138-8493-4c2e-ad18-08a67bc6cf3f", "region_outline_version": "2024-12-14", "region_name": "Brewster_57" }, "geometry": { "type": "Point", "coordinates": [ -103.604082907830147, 30.249869318884592 ] } },
{ "type": "Feature", "properties": { "bounding_box": "POLYGON ((634221.5585197698 3347298.6496020067, 634225.2597377008 3347298.6496020067, 634225.2597377008 3347293.0149753373, 634221.5585197698 3347293.0149753373, 634221.5585197698 3347298.6496020067))", "target_id": "7fa460e9-f2e4-4499-8c25-26763790900d", "region_outline_version": "2024-12-14", "region_name": "Brewster_57" }, "geometry": { "type": "Point", "coordinates": [ -103.604889443729462, 30.249859252104756 ] } },
{ "type": "Feature", "properties": { "bounding_box": "POLYGON ((634336.1305494527 3347298.483877693, 634339.1136206209 3347298.483877693, 634339.1136206209 3347296.0532544237, 634336.1305494527 3347296.0532544237, 634336.1305494527 3347298.483877693))", "target_id": "939cba2d-f469-4158-9f17-3dfe948e5a7a", "region_outline_version": "2024-12-14", "region_name": "Brewster_57" }, "geometry": { "type": "Point", "coordinates": [ -103.603702616937142, 30.249861342454146 ] } },
{ "type": "Feature", "properties": { "bounding_box": "POLYGON ((634837.562716006 3347298.4286362547, 634838.5018310033 3347298.4286362547, 634838.5018310033 3347297.0476003066, 634837.562716006 3347297.0476003066, 634837.562716006 3347298.4286362547))", "target_id": "6231002d-5fc5-430d-80ab-9d3738978d73", "region_outline_version": "2024-12-14", "region_name": "Brewster_57" }, "geometry": { "type": "Point", "coordinates": [ -103.598502750413829, 30.249810301695479 ] } },
{ "type": "Feature", "properties": { "bounding_box": "POLYGON ((634213.9351156732 3347298.152429065, 634216.8629447828 3347298.152429065, 634216.8629447828 3347295.556081482, 634213.9351156732 3347295.556081482, 634213.9351156732 3347298.152429065))", "target_id": "0b4583f7-0f7c-4ec6-b5f3-5126475a7b4a", "region_outline_version": "2024-12-14", "region_name": "Brewster_57" }, "geometry": { "type": "Point", "coordinates": [ -103.60497224806619, 30.249871061349527 ] } },
{ "type": "Feature", "properties": { "bounding_box": "POLYGON ((634424.628327443 3347297.434290372, 634426.7275256725 3347297.434290372, 634426.7275256725 3347295.3903571684, 634424.628327443 3347295.3903571684, 634424.628327443 3347297.434290372))", "target_id": "5f929f6e-6683-4ed2-bc1f-78b531579b3c", "region_outline_version": "2024-12-14", "region_name": "Brewster_57" }, "geometry": { "type": "Point", "coordinates": [ -103.602788235591575, 30.249844543792399 ] } },
{ "type": "Feature", "properties": { "bounding_box": "POLYGON ((634321.2704356703 3347297.102841744, 634322.1543086091 3347297.102841744, 634322.1543086091 3347296.1637372994, 634321.2704356703 3347296.1637372994, 634321.2704356703 3347297.102841744))", "target_id": "c810837e-04db-4be7-aa9e-74af59ab4bde", "region_outline_version": "2024-12-14", "region_name": "Brewster_57" }, "geometry": { "type": "Point", "coordinates": [ -103.603868233274284, 30.249857704431054 ] } },
{ "type": "Feature", "properties": { "bounding_box": "POLYGON ((634843.1974059903 3347296.605668803, 634844.4127312811 3347296.605668803, 634844.4127312811 3347295.114149979, 634843.1974059903 3347295.114149979, 634843.1974059903 3347296.605668803))", "target_id": "6bdaa19b-f2cf-43b8-ad87-1343e9bfafd3", "region_outline_version": "2024-12-14", "region_name": "Brewster_57" }, "geometry": { "type": "Point", "coordinates": [ -103.598443134647894, 30.249792794512381 ] } },
{ "type": "Feature", "properties": { "bounding_box": "POLYGON ((634246.0859938196 3347296.4399444894, 634251.2235052759 3347296.4399444894, 634251.2235052759 3347292.517802396, 634246.0859938196 3347292.517802396, 634246.0859938196 3347296.4399444894))", "target_id": "09ba6754-721a-4413-acdf-ea7fb34d5dd6", "region_outline_version": "2024-12-14", "region_name": "Brewster_57" }, "geometry": { "type": "Point", "coordinates": [ -103.604632680754989, 30.249846538232099 ] } },
{ "type": "Feature", "properties": { "bounding_box": "POLYGON ((634351.2116314698 3347296.1084958618, 634353.0346194059 3347296.1084958618, 634353.0346194059 3347294.6169770374, 634351.2116314698 3347294.6169770374, 634351.2116314698 3347296.1084958618))", "target_id": "e142cb47-e34a-478a-bdf1-54f6934d4aaa", "region_outline_version": "2024-12-14", "region_name": "Brewster_57" }, "geometry": { "type": "Point", "coordinates": [ -103.603552460699618, 30.249842499256388 ] } },
{ "type": "Feature", "properties": { "bounding_box": "POLYGON ((634847.948223036 3347295.721805796, 634848.9978221508 3347295.721805796, 634848.9978221508 3347294.5617355993, 634847.948223036 3347294.5617355993, 634847.948223036 3347295.721805796))", "target_id": "a35cd6a1-217c-4ab1-b596-4088ae4b33d1", "region_outline_version": "2024-12-14", "region_name": "Brewster_57" }, "geometry": { "type": "Point", "coordinates": [ -103.59839455067268, 30.249785679197277 ] } },
{ "type": "Feature", "properties": { "bounding_box": "POLYGON ((634264.2053890636 3347295.666564358, 634266.2493452344 3347295.666564358, 634266.2493452344 3347293.8435969064, 634264.2053890636 3347293.8435969064, 634264.2053890636 3347295.666564358))", "target_id": "b05c5a93-6072-4474-8fed-87e65bdaf25a", "region_outline_version": "2024-12-14", "region_name": "Brewster_57" }, "geometry": { "type": "Point", "coordinates": [ -103.60445596017567, 30.249846726304924 ] } },
{ "type": "Feature", "properties": { "bounding_box": "POLYGON ((634326.1317368334 3347295.500840044, 634328.7833556496 3347295.500840044, 634328.7833556496 3347292.352078082, 634326.1317368334 3347292.352078082, 634326.1317368334 3347295.500840044))", "target_id": "22400b8b-844a-442a-a81f-796c8fc6d116", "region_outline_version": "2024-12-14", "region_name": "Brewster_57" }, "geometry": { "type": "Point", "coordinates": [ -103.603808545603911, 30.249833470284717 ] } },
{ "type": "Feature", "properties": { "bounding_box": "POLYGON ((634258.7364252552 3347295.3351157308, 634259.7860243699 3347295.3351157308, 634259.7860243699 3347294.119804096, 634258.7364252552 3347294.119804096, 634258.7364252552 3347295.3351157308))", "target_id": "efda7a5b-e641-430f-8451-b334755b0664", "region_outline_version": "2024-12-14", "region_name": "Brewster_57" }, "geometry": { "type": "Point", "coordinates": [ -103.604517396528962, 30.249847306761591 ] } },
{ "type": "Feature", "properties": { "bounding_box": "POLYGON ((634189.9048201515 3347295.0589085408, 634192.2249866157 3347295.0589085408, 634192.2249866157 3347292.6282852716, 634189.9048201515 3347292.6282852716, 634189.9048201515 3347295.0589085408))", "target_id": "5e04acd6-82ff-4ef1-8c4f-d8dab609372b", "region_outline_version": "2024-12-14", "region_name": "Brewster_57" }, "geometry": { "type": "Point", "coordinates": [ -103.605225991047575, 30.249847220486171 ] } },
{ "type": "Feature", "properties": { "bounding_box": "POLYGON ((634274.867106387 3347295.0589085408, 634277.0767887338 3347295.0589085408, 634277.0767887338 3347292.9044924616, 634274.867106387 3347292.9044924616, 634274.867106387 3347295.0589085408))", "target_id": "282e8709-461b-4f03-a510-e21299ba6563", "region_outline_version": "2024-12-14", "region_name": "Brewster_57" }, "geometry": { "type": "Point", "coordinates": [ -103.604343129899831, 30.249838828136287 ] } },
{ "type": "Feature", "properties": { "bounding_box": "POLYGON ((634366.0165031935 3347294.727459913, 634368.447153775 3347294.727459913, 634368.447153775 3347292.517802396, 634366.0165031935 3347292.517802396, 634366.0165031935 3347294.727459913))", "target_id": "b0da20cd-ae7b-4d11-afa2-c09da04aff21", "region_outline_version": "2024-12-14", "region_name": "Brewster_57" }, "geometry": { "type": "Point", "coordinates": [ -103.603395591228363, 30.249824847339504 ] } },
{ "type": "Feature", "properties": { "bounding_box": "POLYGON ((634252.7702829187 3347294.5617355993, 634254.9799652656 3347294.5617355993, 634254.9799652656 3347292.462560958, 634252.7702829187 3347292.462560958, 634252.7702829187 3347294.5617355993))", "target_id": "772b3810-6f57-46bc-a7d0-b2929f9d9424", "region_outline_version": "2024-12-14", "region_name": "Brewster_57" }, "geometry": { "type": "Point", "coordinates": [ -103.604573759972723, 30.249836433868328 ] } },
{ "type": "Feature", "properties": { "bounding_box": "POLYGON ((634205.9802592248 3347294.2855284098, 634207.0298583395 3347294.2855284098, 634207.0298583395 3347292.8492510235, 634205.9802592248 3347292.8492510235, 634205.9802592248 3347294.2855284098))", "target_id": "96b8674e-82f3-433b-b3e4-f2a48dc0f4a6", "region_outline_version": "2024-12-14", "region_name": "Brewster_57" }, "geometry": { "type": "Point", "coordinates": [ -103.605065544468644, 30.249842716884277 ] } },
{ "type": "Feature", "properties": { "bounding_box": "POLYGON ((634225.5359479941 3347294.2855284098, 634226.6407891675 3347294.2855284098, 634226.6407891675 3347292.9044924616, 634225.5359479941 3347292.9044924616, 634225.5359479941 3347294.2855284098))", "target_id": "7174191f-6086-4a27-ac1a-97d547cd22df", "region_outline_version": "2024-12-14", "region_name": "Brewster_57" }, "geometry": { "type": "Point", "coordinates": [ -103.604862243978729, 30.249840559025085 ] } },
{ "type": "Feature", "properties": { "bounding_box": "POLYGON ((634232.4964473866 3347294.2855284098, 634239.8988832484 3347294.2855284098, 634239.8988832484 3347285.833588406, 634232.4964473866 3347285.833588406, 634232.4964473866 3347294.2855284098))", "target_id": "eaa67e1c-d322-4577-8c81-a54bed1c2c8f", "region_outline_version": "2024-12-14", "region_name": "Brewster_57" }, "geometry": { "type": "Point", "coordinates": [ -103.604757040769243, 30.249806472571724 ] } },
{ "type": "Feature", "properties": { "bounding_box": "POLYGON ((634843.9707948117 3347294.2302869717, 634846.0699930412 3347294.2302869717, 634846.0699930412 3347292.1311123306, 634843.9707948117 3347292.1311123306, 634843.9707948117 3347294.2302869717))", "target_id": "35f16645-a81b-41cb-a9b2-e0ba419bdd0b", "region_outline_version": "2024-12-14", "region_name": "Brewster_57" }, "geometry": { "type": "Point", "coordinates": [ -103.598430830700082, 30.249767894658159 ] } },
{ "type": "Feature", "properties": { "bounding_box": "POLYGON ((634811.4332222547 3347294.175045534, 634812.3170951935 3347294.175045534, 634812.3170951935 3347293.346423965, 634811.4332222547 3347293.346423965, 634811.4332222547 3347294.175045534))", "target_id": "6d99b8d0-b81a-4285-8b0e-e70c5e657f42", "region_outline_version": "2024-12-14", "region_name": "Brewster_57" }, "geometry": { "type": "Point", "coordinates": [ -103.59877506888408, 30.249777314866673 ] } },
{ "type": "Feature", "properties": { "bounding_box": "POLYGON ((634187.0874751593 3347294.119804096, 634188.4132845674 3347294.119804096, 634188.4132845674 3347293.125458213, 634187.0874751593 3347293.125458213, 634187.0874751593 3347294.119804096))", "target_id": "bfcf2d96-bc43-4f28-8ac8-69b27e672c82", "region_outline_version": "2024-12-14", "region_name": "Brewster_57" }, "geometry": { "type": "Point", "coordinates": [ -103.605260515129956, 30.249845285671014 ] } },
{ "type": "Feature", "properties": { "bounding_box": "POLYGON ((634329.6119865295 3347294.064562658, 634331.3244903483 3347294.064562658, 634331.3244903483 3347292.1311123306, 634329.6119865295 3347292.1311123306, 634329.6119865295 3347294.064562658))", "target_id": "493ba30e-982c-4a19-b109-b41b51824b86", "region_outline_version": "2024-12-14", "region_name": "Brewster_57" }, "geometry": { "type": "Point", "coordinates": [ -103.603777630970725, 30.249825009098476 ] } },
{ "type": "Feature", "properties": { "bounding_box": "POLYGON ((634230.9496697439 3347293.8988383445, 634232.1649950346 3347293.8988383445, 634232.1649950346 3347292.6835267097, 634230.9496697439 3347292.6835267097, 634230.9496697439 3347293.8988383445))", "target_id": "ea84bf4c-634b-4d1b-91ba-945f61475b85", "region_outline_version": "2024-12-14", "region_name": "Brewster_57" }, "geometry": { "type": "Point", "coordinates": [ -103.604805446960683, 30.249837378997924 ] } },
{ "type": "Feature", "properties": { "bounding_box": "POLYGON ((634261.3328020127 3347293.401665403, 634263.3767581835 3347293.401665403, 634263.3767581835 3347291.4682150753, 634261.3328020127 3347291.4682150753, 634261.3328020127 3347293.401665403))", "target_id": "523c4cee-15ce-4da4-9db2-f9aba8138c5f", "region_outline_version": "2024-12-14", "region_name": "Brewster_57" }, "geometry": { "type": "Point", "coordinates": [ -103.604486143776583, 30.249825397976839 ] } },
{ "type": "Feature", "properties": { "bounding_box": "POLYGON ((634831.3756054349 3347293.401665403, 634834.5244027791 3347293.401665403, 634834.5244027791 3347290.5291106305, 634831.3756054349 3347290.5291106305, 634831.3756054349 3347293.401665403))", "target_id": "1f35cee3-4fc7-4218-88b7-bfb06d762050", "region_outline_version": "2024-12-14", "region_name": "Brewster_57" }, "geometry": { "type": "Point", "coordinates": [ -103.598556774321153, 30.249759331235268 ] } },
{ "type": "Feature", "properties": { "bounding_box": "POLYGON ((634384.4673507895 3347292.7940095854, 634386.3455807843 3347292.7940095854, 634386.3455807843 3347290.80531782, 634384.4673507895 3347290.80531782, 634384.4673507895 3347292.7940095854))", "target_id": "5316482a-2108-4d71-bcb3-201497c010e5", "region_outline_version": "2024-12-14", "region_name": "Brewster_57" }, "geometry": { "type": "Point", "coordinates": [ -103.603206572698454, 30.249806851951544 ] } },
{ "type": "Feature", "properties": { "bounding_box": "POLYGON ((634342.2624179651 3347292.6835267097, 634343.9196797253 3347292.6835267097, 634343.9196797253 3347290.915800696, 634342.2624179651 3347290.915800696, 634342.2624179651 3347292.6835267097))", "target_id": "d68cebd1-5710-4b16-9300-1bfefda9f07a", "region_outline_version": "2024-12-14", "region_name": "Brewster_57" }, "geometry": { "type": "Point", "coordinates": [ -103.603646597932382, 30.249812160898188 ] } },
{ "type": "Feature", "properties": { "bounding_box": "POLYGON ((634669.6268576473 3347292.6282852716, 634671.9470241114 3347292.6282852716, 634671.9470241114 3347290.639593506, 634669.6268576473 3347290.639593506, 634669.6268576473 3347292.6282852716))", "target_id": "a170f798-6e0f-4309-b405-ceb021948cbc", "region_outline_version": "2024-12-14", "region_name": "Brewster_57" }, "geometry": { "type": "Point", "coordinates": [ -103.600242180044717, 30.249773893060425 ] } },
{ "type": "Feature", "properties": { "bounding_box": "POLYGON ((634240.4513038351 3347292.517802396, 634242.660986182 3347292.517802396, 634242.660986182 3347290.5291106305, 634240.4513038351 3347290.5291106305, 634240.4513038351 3347292.517802396))", "target_id": "8e942175-0f39-426d-aadd-1d8df4290a9b", "region_outline_version": "2024-12-14", "region_name": "Brewster_57" }, "geometry": { "type": "Point", "coordinates": [ -103.604702569523056, 30.249820400261925 ] } },
{ "type": "Feature", "properties": { "bounding_box": "POLYGON ((634809.223539908 3347292.352078082, 634810.715075492 3347292.352078082, 634810.715075492 3347290.3633863167, 634809.223539908 3347290.3633863167, 634809.223539908 3347292.352078082))", "target_id": "b2884172-e11d-4ef4-8ce0-ba489ed72404", "region_outline_version": "2024-12-14", "region_name": "Brewster_57" }, "geometry": { "type": "Point", "coordinates": [ -103.598794787858594, 30.249755726359329 ] } },
{ "type": "Feature", "properties": { "bounding_box": "POLYGON ((634216.1447980201 3347292.2968366444, 634218.2439962496 3347292.2968366444, 634218.2439962496 3347289.976696251, 634216.1447980201 3347289.976696251, 634216.1447980201 3347292.2968366444))", "target_id": "9f25f415-8b64-4519-a849-89b3d7e2c8bf", "region_outline_version": "2024-12-14", "region_name": "Brewster_57" }, "geometry": { "type": "Point", "coordinates": [ -103.60495562022308, 30.249818653171495 ] } },
{ "type": "Feature", "properties": { "bounding_box": "POLYGON ((634198.4673392455 3347292.186353768, 634207.5270368675 3347292.186353768, 634207.5270368675 3347283.402965137, 634198.4673392455 3347283.402965137, 634198.4673392455 3347292.186353768))", "target_id": "7bb03a52-13ca-45ac-8b81-79120c946cfc", "region_outline_version": "2024-12-14", "region_name": "Brewster_57" }, "geometry": { "type": "Point", "coordinates": [ -103.605107625866395, 30.24979241852833 ] } },
{ "type": "Feature", "properties": { "bounding_box": "POLYGON ((634267.0227340558 3347291.8549051406, 634268.7904799333 3347291.8549051406, 634268.7904799333 3347290.0871791267, 634267.0227340558 3347290.0871791267, 634267.0227340558 3347291.8549051406))", "target_id": "87175d9f-6d25-42e0-a7c5-6545398dfa0c", "region_outline_version": "2024-12-14", "region_name": "Brewster_57" }, "geometry": { "type": "Point", "coordinates": [ -103.60442841118423, 30.249812274504681 ] } },
{ "type": "Feature", "properties": { "bounding_box": "POLYGON ((634648.5243912351 3347291.633939389, 634650.6788315233 3347291.633939389, 634650.6788315233 3347289.921454813, 634648.5243912351 3347289.921454813, 634648.5243912351 3347291.633939389))", "target_id": "206c55b3-587f-4df6-8714-020add960cec", "region_outline_version": "2024-12-14", "region_name": "Brewster_57" }, "geometry": { "type": "Point", "coordinates": [ -103.60046107794966, 30.249768063159568 ] } },
{ "type": "Feature", "properties": { "bounding_box": "POLYGON ((634210.454865977 3347291.4682150753, 634211.7254333264 3347291.4682150753, 634211.7254333264 3347289.976696251, 634210.454865977 3347289.976696251, 634210.454865977 3347291.4682150753))", "target_id": "e8c7bf74-f9ca-4f8a-a4fa-06b96d335b44", "region_outline_version": "2024-12-14", "region_name": "Brewster_57" }, "geometry": { "type": "Point", "coordinates": [ -103.6050180944044, 30.249817081453664 ] } },
{ "type": "Feature", "properties": { "bounding_box": "POLYGON ((634285.6945498864 3347291.412973637, 634288.0147163506 3347291.412973637, 634288.0147163506 3347288.8166260542, 634285.6945498864 3347288.8166260542, 634285.6945498864 3347291.412973637))", "target_id": "adf9ca7b-fd6c-4726-b9cc-e0814dbdae05", "region_outline_version": "2024-12-14", "region_name": "Brewster_57" }, "geometry": { "type": "Point", "coordinates": [ -103.604231333523643, 30.24980378875329 ] } },
{ "type": "Feature", "properties": { "bounding_box": "POLYGON ((634835.2977916005 3347291.3024907615, 634837.8389262994 3347291.3024907615, 634837.8389262994 3347288.8166260542, 634835.2977916005 3347288.8166260542, 634835.2977916005 3347291.3024907615))", "target_id": "d3f63965-d3ef-4b71-a45e-6410838087af", "region_outline_version": "2024-12-14", "region_name": "Brewster_57" }, "geometry": { "type": "Point", "coordinates": [ -103.598518556219375, 30.249742136833632 ] } },
{ "type": "Feature", "properties": { "bounding_box": "POLYGON ((634334.4732876926 3347291.2472493234, 634336.6829700394 3347291.2472493234, 634336.6829700394 3347288.7061431785, 634334.4732876926 3347288.7061431785, 634334.4732876926 3347291.2472493234))", "target_id": "7c27fa40-7fa8-4cc4-944e-ef8831a3a4a4", "region_outline_version": "2024-12-14", "region_name": "Brewster_57" }, "geometry": { "type": "Point", "coordinates": [ -103.603724389157136, 30.249796427535671 ] } },
{ "type": "Feature", "properties": { "bounding_box": "POLYGON ((634246.3622041129 3347291.026283572, 634247.7984976384 3347291.026283572, 634247.7984976384 3347289.5347647476, 634246.3622041129 3347289.5347647476, 634246.3622041129 3347291.026283572))", "target_id": "ea52d3d3-7fef-4ee0-8e54-54f829ab7a50", "region_outline_version": "2024-12-14", "region_name": "Brewster_57" }, "geometry": { "type": "Point", "coordinates": [ -103.604644683059277, 30.249808307516361 ] } },
{ "type": "Feature", "properties": { "bounding_box": "POLYGON ((634248.8480967531 3347291.026283572, 634250.0081799852 3347291.026283572, 634250.0081799852 3347289.921454813, 634248.8480967531 3347289.921454813, 634248.8480967531 3347291.026283572))", "target_id": "c9a6a894-71ab-4e4b-a556-67d381b7af5f", "region_outline_version": "2024-12-14", "region_name": "Brewster_57" }, "geometry": { "type": "Point", "coordinates": [ -103.604620334083549, 30.249810279185649 ] } },
{ "type": "Feature", "properties": { "bounding_box": "POLYGON ((634838.557073062 3347291.026283572, 634845.7385406892 3347291.026283572, 634845.7385406892 3347283.1819993854, 634838.557073062 3347283.1819993854, 634838.557073062 3347291.026283572))", "target_id": "83959d2a-3e82-42b8-9a94-15a304749933", "region_outline_version": "2024-12-14", "region_name": "Brewster_57" }, "geometry": { "type": "Point", "coordinates": [ -103.598460955707608, 30.249718755196 ] } },
{ "type": "Feature", "properties": { "bounding_box": "POLYGON ((634732.1608680624 3347290.915800696, 634733.2104671772 3347290.915800696, 634733.2104671772 3347289.7004890614, 634732.1608680624 3347289.7004890614, 634732.1608680624 3347290.915800696))", "target_id": "51235d0f-7298-4be4-9683-8c172254cc90", "region_outline_version": "2024-12-14", "region_name": "Brewster_57" }, "geometry": { "type": "Point", "coordinates": [ -103.599598076655852, 30.249755006740294 ] } },
{ "type": "Feature", "properties": { "bounding_box": "POLYGON ((634185.0987610472 3347290.2529034405, 634190.843935149 3347290.2529034405, 634190.843935149 3347284.9497253993, 634185.0987610472 3347284.9497253993, 634185.0987610472 3347290.2529034405))", "target_id": "4edc7487-cb5a-4a04-a274-776583475c2a", "region_outline_version": "2024-12-14", "region_name": "Brewster_57" }, "geometry": { "type": "Point", "coordinates": [ -103.60526066403007, 30.249791961861302 ] } },
{ "type": "Feature", "properties": { "bounding_box": "POLYGON ((634829.7183436748 3347290.2529034405, 634832.9776251363 3347290.2529034405, 634832.9776251363 3347287.1593829165, 634829.7183436748 3347287.1593829165, 634829.7183436748 3347290.2529034405))", "target_id": "b48a4e1c-867e-4edb-b03f-f3aaf8205384", "region_outline_version": "2024-12-14", "region_name": "Brewster_57" }, "geometry": { "type": "Point", "coordinates": [ -103.598573943200137, 30.249728108995434 ] } },
{ "type": "Feature", "properties": { "bounding_box": "POLYGON ((634223.547233882 3347290.197662003, 634225.9226424048 3347290.197662003, 634225.9226424048 3347287.490831544, 634223.547233882 3347287.490831544, 634223.547233882 3347290.197662003))", "target_id": "0b023a11-f5c0-4018-8b31-027e450651f9", "region_outline_version": "2024-12-14", "region_name": "Brewster_57" }, "geometry": { "type": "Point", "coordinates": [ -103.604876796879395, 30.249798074027407 ] } },
{ "type": "Feature", "properties": { "bounding_box": "POLYGON ((634342.6491123758 3347290.142420565, 634344.2511320773 3347290.142420565, 634344.2511320773 3347288.4851774266, 634342.6491123758 3347288.4851774266, 634342.6491123758 3347290.142420565))", "target_id": "d8d53cfb-60ec-4afc-9939-39af15ff0f81", "region_outline_version": "2024-12-14", "region_name": "Brewster_57" }, "geometry": { "type": "Point", "coordinates": [ -103.603642615870839, 30.249788771394662 ] } },
{ "type": "Feature", "properties": { "bounding_box": "POLYGON ((634241.4456608912 3347289.921454813, 634244.1525217661 3347289.921454813, 634244.1525217661 3347287.1593829165, 634241.4456608912 3347287.1593829165, 634241.4456608912 3347289.921454813))", "target_id": "f264dd2e-30cb-4282-b18b-65c747bf6622", "region_outline_version": "2024-12-14", "region_name": "Brewster_57" }, "geometry": { "type": "Point", "coordinates": [ -103.604689849295596, 30.249792738048878 ] } },
{ "type": "Feature", "properties": { "bounding_box": "POLYGON ((634274.9223484456 3347289.921454813, 634276.4691260884 3347289.921454813, 634276.4691260884 3347287.9880044856, 634274.9223484456 3347287.9880044856, 634274.9223484456 3347289.921454813))", "target_id": "e3c577b1-e7fc-411f-b660-1d026686a8bb", "region_outline_version": "2024-12-14", "region_name": "Brewster_57" }, "geometry": { "type": "Point", "coordinates": [ -103.604347942311492, 30.249793482294933 ] } },
{ "type": "Feature", "properties": { "bounding_box": "POLYGON ((634385.8484022563 3347289.424281872, 634387.7818743098 3347289.424281872, 634387.7818743098 3347287.656555858, 634385.8484022563 3347287.656555858, 634385.8484022563 3347289.424281872))", "target_id": "f923657c-a76e-4b13-8202-7e213bc73e59", "region_outline_version": "2024-12-14", "region_name": "Brewster_57" }, "geometry": { "type": "Point", "coordinates": [ -103.603192506392148, 30.249777670012403 ] } },
{ "type": "Feature", "properties": { "bounding_box": "POLYGON ((634330.9930379963 3347289.148074682, 634332.8712679911 3347289.148074682, 634332.8712679911 3347287.3251072303, 634330.9930379963 3347287.3251072303, 634330.9930379963 3347289.148074682))", "target_id": "fdbc38e4-f9ea-46ba-bfd5-10a70e54c391", "region_outline_version": "2024-12-14", "region_name": "Brewster_57" }, "geometry": { "type": "Point", "coordinates": [ -103.603762706695463, 30.249780867131534 ] } },
{ "type": "Feature", "properties": { "bounding_box": "POLYGON ((634848.0034650947 3347289.148074682, 634848.9425800921 3347289.148074682, 634848.9425800921 3347288.0432459232, 634848.0034650947 3347288.0432459232, 634848.0034650947 3347289.148074682))", "target_id": "435a6f63-fe5a-4d05-bef5-0dc9e47eeaa5", "region_outline_version": "2024-12-14", "region_name": "Brewster_57" }, "geometry": { "type": "Point", "coordinates": [ -103.598395424049855, 30.2497265793683 ] } },
{ "type": "Feature", "properties": { "bounding_box": "POLYGON ((634251.4444735106 3347289.037591806, 634253.2674614468 3347289.037591806, 634253.2674614468 3347286.441244223, 634251.4444735106 3347286.441244223, 634251.4444735106 3347289.037591806))", "target_id": "03b8d404-b17b-4ee6-b1d6-8968d0aa86f6", "region_outline_version": "2024-12-14", "region_name": "Brewster_57" }, "geometry": { "type": "Point", "coordinates": [ -103.604589012813591, 30.249784088546846 ] } },
{ "type": "Feature", "properties": { "bounding_box": "POLYGON ((634302.9300721916 3347288.982350368, 634305.8026592425 3347288.982350368, 634305.8026592425 3347285.7231055303, 634302.9300721916 3347285.7231055303, 634302.9300721916 3347288.982350368))", "target_id": "2691d550-8659-46fa-92ad-79b31f2ff233", "region_outline_version": "2024-12-14", "region_name": "Brewster_57" }, "geometry": { "type": "Point", "coordinates": [ -103.604048866702271, 30.24977645518614 ] } },
{ "type": "Feature", "properties": { "bounding_box": "POLYGON ((634352.0402623499 3347288.5404188647, 634353.200345582 3347288.5404188647, 634353.200345582 3347287.435590106, 634352.0402623499 3347287.435590106, 634352.0402623499 3347288.5404188647))", "target_id": "c3f98f80-6965-420c-899d-8b55dcfa71f0", "region_outline_version": "2024-12-14", "region_name": "Brewster_57" }, "geometry": { "type": "Point", "coordinates": [ -103.603548295230965, 30.249776087727867 ] } },
{ "type": "Feature", "properties": { "bounding_box": "POLYGON ((634283.3743834223 3347288.208970237, 634284.9764031237 3347288.208970237, 634284.9764031237 3347286.827934289, 634283.3743834223 3347286.827934289, 634283.3743834223 3347288.208970237))", "target_id": "a5dd95a9-6f69-424a-bb0e-302cb4a25fb6", "region_outline_version": "2024-12-14", "region_name": "Brewster_57" }, "geometry": { "type": "Point", "coordinates": [ -103.604259265328565, 30.24977944363776 ] } },
{ "type": "Feature", "properties": { "bounding_box": "POLYGON ((634679.7913964427 3347287.9880044856, 634681.2276899681 3347287.9880044856, 634681.2276899681 3347286.883175727, 634679.7913964427 3347286.883175727, 634679.7913964427 3347287.9880044856))", "target_id": "d0b59ff6-3d81-4f38-80d7-22a92bffd54f", "region_outline_version": "2024-12-14", "region_name": "Brewster_57" }, "geometry": { "type": "Point", "coordinates": [ -103.600141026117939, 30.249734623613691 ] } },
{ "type": "Feature", "properties": { "bounding_box": "POLYGON ((634630.0183015805 3347287.822280172, 634631.3993530473 3347287.822280172, 634631.3993530473 3347286.3307613474, 634630.0183015805 3347286.3307613474, 634630.0183015805 3347287.822280172))", "target_id": "8213fc1a-754c-4367-9923-513df1a8bbed", "region_outline_version": "2024-12-14", "region_name": "Brewster_57" }, "geometry": { "type": "Point", "coordinates": [ -103.600658412753532, 30.249737104107869 ] } },
{ "type": "Feature", "properties": { "bounding_box": "POLYGON ((634265.0340199436 3347287.380348668, 634266.5255555278 3347287.380348668, 634266.5255555278 3347285.833588406, 634265.0340199436 3347285.833588406, 634265.0340199436 3347287.380348668))", "target_id": "b191ab66-fbd2-409d-ba20-f734caa2af72", "region_outline_version": "2024-12-14", "region_name": "Brewster_57" }, "geometry": { "type": "Point", "coordinates": [ -103.604450696064148, 30.249773488747472 ] } },
{ "type": "Feature", "properties": { "bounding_box": "POLYGON ((634207.3060686329 3347287.214624354, 634213.9903577319 3347287.214624354, 634213.9903577319 3347278.541718599, 634207.3060686329 3347278.541718599, 634207.3060686329 3347287.214624354))", "target_id": "c5ad74ab-64d2-4b38-8e8e-7340dd8ed66a", "region_outline_version": "2024-12-14", "region_name": "Brewster_57" }, "geometry": { "type": "Point", "coordinates": [ -103.605026337972987, 30.24974304844746 ] } },
{ "type": "Feature", "properties": { "bounding_box": "POLYGON ((634385.737918139 3347287.214624354, 634389.8810725393 3347287.214624354, 634389.8810725393 3347284.6735182093, 634385.737918139 3347284.6735182093, 634385.737918139 3347287.214624354))", "target_id": "f5dd6c56-2003-4cbe-a6fb-e356c3bd393d", "region_outline_version": "2024-12-14", "region_name": "Brewster_57" }, "geometry": { "type": "Point", "coordinates": [ -103.603185818224034, 30.249753955526941 ] } },
{ "type": "Feature", "properties": { "bounding_box": "POLYGON ((634248.5166444011 3347287.1593829165, 634249.5662435158 3347287.1593829165, 634249.5662435158 3347286.1097955955, 634248.5166444011 3347286.1097955955, 634248.5166444011 3347287.1593829165))", "target_id": "662f2155-371a-438c-ae5a-b52a27841e4b", "region_outline_version": "2024-12-14", "region_name": "Brewster_57" }, "geometry": { "type": "Point", "coordinates": [ -103.60462477962561, 30.249775648027917 ] } },
{ "type": "Feature", "properties": { "bounding_box": "POLYGON ((634219.0726271296 3347287.1041414784, 634225.1492535834 3347287.1041414784, 634225.1492535834 3347280.5856518024, 634219.0726271296 3347280.5856518024, 634219.0726271296 3347287.1041414784))", "target_id": "0b0872cf-38b1-41f6-a237-a565081882ce", "region_outline_version": "2024-12-14", "region_name": "Brewster_57" }, "geometry": { "type": "Point", "coordinates": [ -103.604905527093237, 30.2497512009591 ] } },
{ "type": "Feature", "properties": { "bounding_box": "POLYGON ((634238.9045261925 3347287.1041414784, 634240.5617879526 3347287.1041414784, 634240.5617879526 3347285.3916569026, 634238.9045261925 3347285.3916569026, 634238.9045261925 3347287.1041414784))", "target_id": "4d9dec68-a9e5-48f5-9d45-075708d7f9ad", "region_outline_version": "2024-12-14", "region_name": "Brewster_57" }, "geometry": { "type": "Point", "coordinates": [ -103.604721215273557, 30.249772662591887 ] } },
{ "type": "Feature", "properties": { "bounding_box": "POLYGON ((634280.7780066647 3347286.9936586027, 634282.9876890116 3347286.9936586027, 634282.9876890116 3347284.5077938954, 634280.7780066647 3347284.5077938954, 634280.7780066647 3347286.9936586027))", "target_id": "beddb9c7-3c22-427c-a939-fa911f0cf79e", "region_outline_version": "2024-12-14", "region_name": "Brewster_57" }, "geometry": { "type": "Point", "coordinates": [ -103.604283418470359, 30.24976429434459 ] } },
{ "type": "Feature", "properties": { "bounding_box": "POLYGON ((634332.3740894631 3347286.772692851, 634333.8656250472 3347286.772692851, 634333.8656250472 3347285.060208275, 634332.3740894631 3347285.060208275, 634332.3740894631 3347286.772692851))", "target_id": "780df1ca-1187-4f8d-a114-52ebfe662b5f", "region_outline_version": "2024-12-14", "region_name": "Brewster_57" }, "geometry": { "type": "Point", "coordinates": [ -103.60375083130053, 30.249759522364762 ] } },
{ "type": "Feature", "properties": { "bounding_box": "POLYGON ((634237.1920223737 3347286.606968537, 634238.0758953124 3347286.606968537, 634238.0758953124 3347285.7231055303, 634237.1920223737 3347285.7231055303, 634237.1920223737 3347286.606968537))", "target_id": "b1fef4a2-3e58-4725-8cbe-6399257cc3c9", "region_outline_version": "2024-12-14", "region_name": "Brewster_57" }, "geometry": { "type": "Point", "coordinates": [ -103.6047432669599, 30.249772412941908 ] } },
{ "type": "Feature", "properties": { "bounding_box": "POLYGON ((634820.3824357594 3347286.441244223, 634821.3215507568 3347286.441244223, 634821.3215507568 3347285.4468983407, 634820.3824357594 3347285.4468983407, 634820.3824357594 3347286.441244223))", "target_id": "b6c8e91c-060f-4814-b739-f9bf0065b1c6", "region_outline_version": "2024-12-14", "region_name": "Brewster_57" }, "geometry": { "type": "Point", "coordinates": [ -103.598682746212873, 30.249705707746092 ] } },
{ "type": "Feature", "properties": { "bounding_box": "POLYGON ((634308.2885518827 3347286.3860027855, 634309.6696033495 3347286.3860027855, 634309.6696033495 3347284.6735182093, 634308.2885518827 3347284.6735182093, 634308.2885518827 3347286.3860027855))", "target_id": "e3f899d8-a91d-46b3-84fe-f945f99b1d36", "region_outline_version": "2024-12-14", "region_name": "Brewster_57" }, "geometry": { "type": "Point", "coordinates": [ -103.60400168820766, 30.24975898112028 ] } },
{ "type": "Feature", "properties": { "bounding_box": "POLYGON ((634343.0910488452 3347286.3860027855, 634345.1902470747 3347286.3860027855, 634345.1902470747 3347283.9001380783, 634343.0910488452 3347283.9001380783, 634343.0910488452 3347286.3860027855))", "target_id": "5e2d9e0a-a08d-41ce-b847-d75d56a61517", "region_outline_version": "2024-12-14", "region_name": "Brewster_57" }, "geometry": { "type": "Point", "coordinates": [ -103.603636272857571, 30.24975106801622 ] } },
{ "type": "Feature", "properties": { "bounding_box": "POLYGON ((634402.2000516228 3347285.9440712817, 634403.2496507375 3347285.9440712817, 634403.2496507375 3347284.9497253993, 634402.2000516228 3347284.9497253993, 634402.2000516228 3347285.9440712817))", "target_id": "ec6c982f-77b3-4ced-b158-55fdc8083f46", "region_outline_version": "2024-12-14", "region_name": "Brewster_57" }, "geometry": { "type": "Point", "coordinates": [ -103.60302760231103, 30.249747881015015 ] } },
{ "type": "Feature", "properties": { "bounding_box": "POLYGON ((634417.6125859919 3347285.5021397783, 634419.5460580454 3347285.5021397783, 634419.5460580454 3347283.7896552025, 634417.6125859919 3347283.7896552025, 634417.6125859919 3347285.5021397783))", "target_id": "599c1ef4-ade2-40e2-957b-9261349a0cb2", "region_outline_version": "2024-12-14", "region_name": "Brewster_57" }, "geometry": { "type": "Point", "coordinates": [ -103.602863474188553, 30.24973881937029 ] } },
{ "type": "Feature", "properties": { "bounding_box": "POLYGON ((634324.8611694839 3347285.3364154645, 634325.7450424227 3347285.3364154645, 634325.7450424227 3347284.452552458, 634324.8611694839 3347284.452552458, 634324.8611694839 3347285.3364154645))", "target_id": "108b0ea0-9e5b-49f1-9e8a-0f37acc65c0e", "region_outline_version": "2024-12-14", "region_name": "Brewster_57" }, "geometry": { "type": "Point", "coordinates": [ -103.603832426199844, 30.249751403109812 ] } },
{ "type": "Feature", "properties": { "bounding_box": "POLYGON ((634298.2897392634 3347285.225932589, 634299.8365169062 3347285.225932589, 634299.8365169062 3347283.458206575, 634298.2897392634 3347283.458206575, 634298.2897392634 3347285.225932589))", "target_id": "2d4de346-c8af-4947-a378-3e3e5c732f51", "region_outline_version": "2024-12-14", "region_name": "Brewster_57" }, "geometry": { "type": "Point", "coordinates": [ -103.604104811833395, 30.249749431752061 ] } },
{ "type": "Feature", "properties": { "bounding_box": "POLYGON ((634188.8552210368 3347285.004966837, 634196.533867192 3347285.004966837, 634196.533867192 3347276.3320610817, 634188.8552210368 3347276.3320610817, 634188.8552210368 3347285.004966837))", "target_id": "d4f5e25b-ecc6-44b6-8ab5-9e51d275cc47", "region_outline_version": "2024-12-14", "region_name": "Brewster_57" }, "geometry": { "type": "Point", "coordinates": [ -103.605212998719438, 30.249722560551181 ] } },
{ "type": "Feature", "properties": { "bounding_box": "POLYGON ((634254.3723026202 3347285.004966837, 634255.2561755589 3347285.004966837, 634255.2561755589 3347284.12110383, 634254.3723026202 3347284.12110383, 634254.3723026202 3347285.004966837))", "target_id": "3eb11bab-87ef-4c7a-8a06-7d2ee88d7151", "region_outline_version": "2024-12-14", "region_name": "Brewster_57" }, "geometry": { "type": "Point", "coordinates": [ -103.604564851437431, 30.249756137648298 ] } },
{ "type": "Feature", "properties": { "bounding_box": "POLYGON ((634282.7667207769 3347285.004966837, 634286.7993910598 3347285.004966837, 634286.7993910598 3347280.143720299, 634282.7667207769 3347280.143720299, 634282.7667207769 3347285.004966837))", "target_id": "2b68364a-83a6-4f3c-a907-546446ff131c", "region_outline_version": "2024-12-14", "region_name": "Brewster_57" }, "geometry": { "type": "Point", "coordinates": [ -103.604253134933217, 30.249734807030833 ] } },
{ "type": "Feature", "properties": { "bounding_box": "POLYGON ((634228.905713573 3347284.6735182093, 634234.8166138508 3347284.6735182093, 634234.8166138508 3347277.8235799056, 634228.905713573 3347277.8235799056, 634228.905713573 3347284.6735182093))", "target_id": "bdb0733c-9eca-40a1-8c14-2f9925a16e89", "region_outline_version": "2024-12-14", "region_name": "Brewster_57" }, "geometry": { "type": "Point", "coordinates": [ -103.604803657414294, 30.249734689712472 ] } },
{ "type": "Feature", "properties": { "bounding_box": "POLYGON ((634319.4474477342 3347283.7344137644, 634320.8837412596 3347283.7344137644, 634320.8837412596 3347282.4086192544, 634319.4474477342 3347282.4086192544, 634319.4474477342 3347283.7344137644))", "target_id": "9d10d4de-58f4-440f-8d1c-19e237280616", "region_outline_version": "2024-12-14", "region_name": "Brewster_57" }, "geometry": { "type": "Point", "coordinates": [ -103.603885875252047, 30.24973529436021 ] } },
{ "type": "Feature", "properties": { "bounding_box": "POLYGON ((634677.5264720372 3347283.679172327, 634679.7913964427 3347283.679172327, 634679.7913964427 3347281.0275833057, 634677.5264720372 3347281.0275833057, 634677.5264720372 3347283.679172327))", "target_id": "5c06af68-7b4e-43ce-8a76-2d82b7e10e42", "region_outline_version": "2024-12-14", "region_name": "Brewster_57" }, "geometry": { "type": "Point", "coordinates": [ -103.600161002420592, 30.249689183004193 ] } },
{ "type": "Feature", "properties": { "bounding_box": "POLYGON ((634351.1563894111 3347283.458206575, 634353.200345582 3347283.458206575, 634353.200345582 3347281.082824744, 634351.1563894111 3347281.082824744, 634351.1563894111 3347283.458206575))", "target_id": "969c7168-4ec7-4160-84ba-18c41ce91e9e", "region_outline_version": "2024-12-14", "region_name": "Brewster_57" }, "geometry": { "type": "Point", "coordinates": [ -103.603554524169382, 30.249725511020237 ] } },
{ "type": "Feature", "properties": { "bounding_box": "POLYGON ((634650.3473791712 3347283.347723699, 634651.6179465207 3347283.347723699, 634651.6179465207 3347282.0219291886, 634650.3473791712 3347282.0219291886, 634650.3473791712 3347283.347723699))", "target_id": "2f00bd2c-c0f1-4e8f-93fa-9039a909a37a", "region_outline_version": "2024-12-14", "region_name": "Brewster_57" }, "geometry": { "type": "Point", "coordinates": [ -103.600448367074947, 30.249695145047266 ] } },
{ "type": "Feature", "properties": { "bounding_box": "POLYGON ((634842.3135330516 3347283.1267579473, 634845.3518462785 3347283.1267579473, 634845.3518462785 3347278.375994285, 634842.3135330516 3347278.375994285, 634842.3135330516 3347283.1267579473))", "target_id": "94486eb5-284a-4748-a9e4-05c0163d4a82", "region_outline_version": "2024-12-14", "region_name": "Brewster_57" }, "geometry": { "type": "Point", "coordinates": [ -103.598441353366965, 30.249653321758668 ] } },
{ "type": "Feature", "properties": { "bounding_box": "POLYGON ((634388.6657472485 3347282.7400678815, 634389.8258304805 3347282.7400678815, 634389.8258304805 3347281.5799976853, 634388.6657472485 3347281.5799976853, 634388.6657472485 3347282.7400678815))", "target_id": "a7e2f7a7-49d5-4a17-b670-2881cf90a4b7", "region_outline_version": "2024-12-14", "region_name": "Brewster_57" }, "geometry": { "type": "Point", "coordinates": [ -103.603168521942919, 30.249719550579496 ] } },
{ "type": "Feature", "properties": { "bounding_box": "POLYGON ((634173.6636549024 3347282.629585006, 634183.9386778151 3347282.629585006, 634183.9386778151 3347271.194607354, 634173.6636549024 3347271.194607354, 634173.6636549024 3347282.629585006))", "target_id": "c1675759-4461-4ce4-85ff-57f51def4bd0", "region_outline_version": "2024-12-14", "region_name": "Brewster_57" }, "geometry": { "type": "Point", "coordinates": [ -103.605365566978719, 30.249693774998097 ] } },
{ "type": "Feature", "properties": { "bounding_box": "POLYGON ((634235.6452447309 3347282.2428949405, 634238.1863794297 3347282.2428949405, 634238.1863794297 3347280.5304103643, 634235.6452447309 3347280.5304103643, 634235.6452447309 3347282.2428949405))", "target_id": "b6b2835a-b195-47e3-adf2-e767c83cad54", "region_outline_version": "2024-12-14", "region_name": "Brewster_57" }, "geometry": { "type": "Point", "coordinates": [ -103.604751896869331, 30.249729619082817 ] } },
{ "type": "Feature", "properties": { "bounding_box": "POLYGON ((634238.2968635471 3347282.0219291886, 634241.1142085392 3347282.0219291886, 634241.1142085392 3347278.7074429127, 634238.2968635471 3347278.7074429127, 634238.2968635471 3347282.0219291886))", "target_id": "6969f26b-24cc-4da2-9811-0015fe1e7a40", "region_outline_version": "2024-12-14", "region_name": "Brewster_57" }, "geometry": { "type": "Point", "coordinates": [ -103.604722604557608, 30.249720709326752 ] } },
{ "type": "Feature", "properties": { "bounding_box": "POLYGON ((634446.0070041486 3347282.0219291886, 634447.7747500261 3347282.0219291886, 634447.7747500261 3347279.922754547, 634446.0070041486 3347279.922754547, 634446.0070041486 3347282.0219291886))", "target_id": "3662a5c0-4889-416e-a0f0-4f9688b7e539", "region_outline_version": "2024-12-14", "region_name": "Brewster_57" }, "geometry": { "type": "Point", "coordinates": [ -103.602569679418608, 30.249703413598894 ] } },
{ "type": "Feature", "properties": { "bounding_box": "POLYGON ((634346.1846041308 3347281.911446313, 634348.2838023603 3347281.911446313, 634348.2838023603 3347280.088478861, 634346.1846041308 3347280.088478861, 634346.1846041308 3347281.911446313))", "target_id": "c48803d1-096a-40b4-a8fb-2503da16ed8d", "region_outline_version": "2024-12-14", "region_name": "Brewster_57" }, "geometry": { "type": "Point", "coordinates": [ -103.603605363430702, 30.249714204644174 ] } },
{ "type": "Feature", "properties": { "bounding_box": "POLYGON ((634400.2665795693 3347281.690480561, 634402.2552936814 3347281.690480561, 634402.2552936814 3347279.7017887956, 634400.2665795693 3347279.7017887956, 634400.2665795693 3347281.690480561))", "target_id": "2c6cddda-f136-4f22-beaa-44087611887f", "region_outline_version": "2024-12-14", "region_name": "Brewster_57" }, "geometry": { "type": "Point", "coordinates": [ -103.603043093202544, 30.249705469217691 ] } },
{ "type": "Feature", "properties": { "bounding_box": "POLYGON ((634332.1531212284 3347281.635239123, 634338.3402317995 3347281.635239123, 634338.3402317995 3347277.1054412127, 634332.1531212284 3347277.1054412127, 634332.1531212284 3347281.635239123))", "target_id": "51873d5c-4886-419f-a808-d8fa20b1c3b1", "region_outline_version": "2024-12-14", "region_name": "Brewster_57" }, "geometry": { "type": "Point", "coordinates": [ -103.603733084079451, 30.249699591768866 ] } },
{ "type": "Feature", "properties": { "bounding_box": "POLYGON ((634264.7025675916 3347281.469514809, 634265.7521667064 3347281.469514809, 634265.7521667064 3347280.1989617366, 634264.7025675916 3347280.1989617366, 634264.7025675916 3347281.469514809))", "target_id": "929dc8ca-3f15-4288-a630-bd7095ed4a86", "region_outline_version": "2024-12-14", "region_name": "Brewster_57" }, "geometry": { "type": "Point", "coordinates": [ -103.604457121314042, 30.249721416330949 ] } },
{ "type": "Feature", "properties": { "bounding_box": "POLYGON ((634847.8929809774 3347281.3037904953, 634848.9425800921 3347281.3037904953, 634848.9425800921 3347279.149374416, 634847.8929809774 3347279.149374416, 634847.8929809774 3347281.3037904953))", "target_id": "efee5229-e4cf-4673-80d9-373dbf01aead", "region_outline_version": "2024-12-14", "region_name": "Brewster_57" }, "geometry": { "type": "Point", "coordinates": [ -103.598397301218938, 30.24965151019423 ] } },
{ "type": "Feature", "properties": { "bounding_box": "POLYGON ((634364.8011779027 3347281.2485490576, 634366.1269873108 3347281.2485490576, 634366.1269873108 3347279.8675131095, 634364.8011779027 3347279.8675131095, 634364.8011779027 3347281.2485490576))", "target_id": "68d5b3d0-fac1-4dc0-b496-b45aa4c14428", "region_outline_version": "2024-12-14", "region_name": "Brewster_57" }, "geometry": { "type": "Point", "coordinates": [ -103.603415640507947, 30.24970783243846 ] } },
{ "type": "Feature", "properties": { "bounding_box": "POLYGON ((634310.5534762882 3347281.082824744, 634311.8240436376 3347281.082824744, 634311.8240436376 3347280.033237423, 634310.5534762882 3347280.033237423, 634310.5534762882 3347281.082824744))", "target_id": "d72978d5-e028-44a2-9121-c8444983c093", "region_outline_version": "2024-12-14", "region_name": "Brewster_57" }, "geometry": { "type": "Point", "coordinates": [ -103.603979646544573, 30.249713773043922 ] } },
{ "type": "Feature", "properties": { "bounding_box": "POLYGON ((634413.0274951222 3347281.082824744, 634414.9057251171 3347281.082824744, 634414.9057251171 3347279.4255816056, 634413.0274951222 3347279.4255816056, 634413.0274951222 3347281.082824744))", "target_id": "05426307-f9e2-41c3-bedb-2930eaeedf63", "region_outline_version": "2024-12-14", "region_name": "Brewster_57" }, "geometry": { "type": "Point", "coordinates": [ -103.602910853360626, 30.249699405773029 ] } },
{ "type": "Feature", "properties": { "bounding_box": "POLYGON ((634226.1436106395 3347280.972341868, 634227.1379676956 3347280.972341868, 634227.1379676956 3347280.033237423, 634226.1436106395 3347280.033237423, 634226.1436106395 3347280.972341868))", "target_id": "dedb9612-c8cf-4284-b922-3c4c0754aeba", "region_outline_version": "2024-12-14", "region_name": "Brewster_57" }, "geometry": { "type": "Point", "coordinates": [ -103.60485813123411, 30.249722484843051 ] } },
{ "type": "Feature", "properties": { "bounding_box": "POLYGON ((634654.9877120996 3347280.91710043, 634657.6393309158 3347280.91710043, 634657.6393309158 3347278.2102699713, 634654.9877120996 3347278.2102699713, 634654.9877120996 3347280.91710043))", "target_id": "d55939eb-7eb5-4d33-b364-326fbc90bade", "region_outline_version": "2024-12-14", "region_name": "Brewster_57" }, "geometry": { "type": "Point", "coordinates": [ -103.600394762784262, 30.24966621844672 ] } },
{ "type": "Feature", "properties": { "bounding_box": "POLYGON ((634354.4709129314 3347280.6408932405, 634356.8463214542 3347280.6408932405, 634356.8463214542 3347278.0445456575, 634354.4709129314 3347278.0445456575, 634354.4709129314 3347280.6408932405))", "target_id": "fd6b5fde-2ce5-433b-bde0-d50f55e7dc2a", "region_outline_version": "2024-12-14", "region_name": "Brewster_57" }, "geometry": { "type": "Point", "coordinates": [ -103.603516693520632, 30.249697582791423 ] } },
{ "type": "Feature", "properties": { "bounding_box": "POLYGON ((634686.8623799525 3347280.3646860505, 634688.4091575952 3347280.3646860505, 634688.4091575952 3347278.7074429127, 634686.8623799525 3347278.7074429127, 634686.8623799525 3347280.3646860505))", "target_id": "c501b6d6-3877-49d4-b82c-bf60c209a74a", "region_outline_version": "2024-12-14", "region_name": "Brewster_57" }, "geometry": { "type": "Point", "coordinates": [ -103.60006758477796, 30.249662893431964 ] } },
{ "type": "Feature", "properties": { "bounding_box": "POLYGON ((634409.38151925 3347280.309444613, 634411.8121698315 3347280.309444613, 634411.8121698315 3347278.0997870956, 634409.38151925 3347278.0997870956, 634409.38151925 3347280.309444613))", "target_id": "21f54852-2f79-41e7-ba51-182baa0e6f88", "region_outline_version": "2024-12-14", "region_name": "Brewster_57" }, "geometry": { "type": "Point", "coordinates": [ -103.602946788748241, 30.249689697722992 ] } },
{ "type": "Feature", "properties": { "bounding_box": "POLYGON ((634315.0833250992 3347280.143720299, 634316.7405868593 3347280.143720299, 634316.7405868593 3347278.2655114094, 634315.0833250992 3347278.2655114094, 634315.0833250992 3347280.143720299))", "target_id": "14bc45b3-3140-4003-bf93-f7d3ce9bb339", "region_outline_version": "2024-12-14", "region_name": "Brewster_57" }, "geometry": { "type": "Point", "coordinates": [ -103.603930461377473, 30.249700861362289 ] } },
{ "type": "Feature", "properties": { "bounding_box": "POLYGON ((634326.352705068 3347280.143720299, 634329.4462603536 3347280.143720299, 634329.4462603536 3347277.2711655265, 634326.352705068 3347277.2711655265, 634326.352705068 3347280.143720299))", "target_id": "a6df2e7c-95f5-4979-8356-eb2a44dafbb0", "region_outline_version": "2024-12-14", "region_name": "Brewster_57" }, "geometry": { "type": "Point", "coordinates": [ -103.603806477601097, 30.249695238016081 ] } },
{ "type": "Feature", "properties": { "bounding_box": "POLYGON ((634185.3749713405 3347279.6465473576, 634186.3693283966 3347279.6465473576, 634186.3693283966 3347278.7626843504, 634185.3749713405 3347278.7626843504, 634185.3749713405 3347279.6465473576))", "target_id": "d6c07e91-acc6-4a1d-b84f-b2bee699deea", "region_outline_version": "2024-12-14", "region_name": "Brewster_57" }, "geometry": { "type": "Point", "coordinates": [ -103.605281930347104, 30.249715390850458 ] } },
{ "type": "Feature", "properties": { "bounding_box": "POLYGON ((634307.736131296 3347279.4255816056, 634309.9458136428 3347279.4255816056, 634309.9458136428 3347277.1054412127, 634307.736131296 3347277.1054412127, 634307.736131296 3347279.4255816056))", "target_id": "441f36da-1851-4a09-aded-8d9b064244b8", "region_outline_version": "2024-12-14", "region_name": "Brewster_57" }, "geometry": { "type": "Point", "coordinates": [ -103.604005118513413, 30.249693584149174 ] } },
{ "type": "Feature", "properties": { "bounding_box": "POLYGON ((634363.0886740839 3347279.370340168, 634363.917304964 3347279.370340168, 634363.917304964 3347278.541718599, 634363.0886740839 3347278.541718599, 634363.0886740839 3347279.370340168))", "target_id": "1b46eab7-d573-4a3e-b7bb-905a62e45def", "region_outline_version": "2024-12-14", "region_name": "Brewster_57" }, "geometry": { "type": "Point", "coordinates": [ -103.603436144752209, 30.249693515753851 ] } },
{ "type": "Feature", "properties": { "bounding_box": "POLYGON ((634831.8727839629 3347279.149374416, 634832.9776251363 3347279.149374416, 634832.9776251363 3347277.9893042194, 634831.8727839629 3347277.9893042194, 634831.8727839629 3347279.149374416))", "target_id": "333a059e-28aa-45f1-8eba-01cac9573d9a", "region_outline_version": "2024-12-14", "region_name": "Brewster_57" }, "geometry": { "type": "Point", "coordinates": [ -103.598563770087026, 30.249637637283382 ] } },
{ "type": "Feature", "properties": { "bounding_box": "POLYGON ((634838.2808627686 3347278.9836501023, 634841.3744180542 3347278.9836501023, 634841.3744180542 3347275.5034395126, 634838.2808627686 3347275.5034395126, 634838.2808627686 3347278.9836501023))", "target_id": "6b8ad1c8-92fa-4ae2-a021-c7bb1da6b8c9", "region_outline_version": "2024-12-14", "region_name": "Brewster_57" }, "geometry": { "type": "Point", "coordinates": [ -103.598487729985976, 30.249625169575726 ] } },
{ "type": "Feature", "properties": { "bounding_box": "POLYGON ((634451.9179044263 3347278.8731672266, 634453.0779876584 3347278.8731672266, 634453.0779876584 3347277.768338468, 634451.9179044263 3347277.768338468, 634451.9179044263 3347278.8731672266))", "target_id": "1976fe6a-b18f-45ee-9d71-d5d67640dc88", "region_outline_version": "2024-12-14", "region_name": "Brewster_57" }, "geometry": { "type": "Point", "coordinates": [ -103.60251136225601, 30.249678086973319 ] } },
{ "type": "Feature", "properties": { "bounding_box": "POLYGON ((634849.8816950895 3347278.8179257885, 634851.1522624389 3347278.8179257885, 634851.1522624389 3347277.547372716, 634849.8816950895 3347277.547372716, 634849.8816950895 3347278.8179257885))", "target_id": "2fc478e4-7178-47dd-ab2a-8891554b0e03", "region_outline_version": "2024-12-14", "region_name": "Brewster_57" }, "geometry": { "type": "Point", "coordinates": [ -103.598375892054619, 30.249632069829197 ] } },
{ "type": "Feature", "properties": { "bounding_box": "POLYGON ((634294.9199736845 3347278.2655114094, 634299.9470010235 3347278.2655114094, 634299.9470010235 3347273.6804720606, 634294.9199736845 3347273.6804720606, 634294.9199736845 3347278.2655114094))", "target_id": "c3192709-f1e4-4277-8387-e51e1182a482", "region_outline_version": "2024-12-14", "region_name": "Brewster_57" }, "geometry": { "type": "Point", "coordinates": [ -103.604125610772627, 30.249671911374183 ] } },
{ "type": "Feature", "properties": { "bounding_box": "POLYGON ((634834.5796448378 3347278.2655114094, 634835.8502121872 3347278.2655114094, 634835.8502121872 3347276.608268271, 634834.5796448378 3347276.608268271, 634834.5796448378 3347278.2655114094))", "target_id": "2ecac053-32eb-430a-9f74-0cfd5beee030", "region_outline_version": "2024-12-14", "region_name": "Brewster_57" }, "geometry": { "type": "Point", "coordinates": [ -103.598534116422186, 30.249627358132571 ] } },
{ "type": "Feature", "properties": { "bounding_box": "POLYGON ((634841.1534498195 3347278.155028533, 634843.418374225 3347278.155028533, 634843.418374225 3347274.8957836954, 634841.1534498195 3347274.8957836954, 634841.1534498195 3347278.155028533))", "target_id": "5685325a-ad42-4876-b10c-280d61faa83a", "region_outline_version": "2024-12-14", "region_name": "Brewster_57" }, "geometry": { "type": "Point", "coordinates": [ -103.598461577262199, 30.249619038340743 ] } },
{ "type": "Feature", "properties": { "bounding_box": "POLYGON ((634383.8596881442 3347277.9893042194, 634386.1246125497 3347277.9893042194, 634386.1246125497 3347276.1110953297, 634383.8596881442 3347276.1110953297, 634383.8596881442 3347277.9893042194))", "target_id": "8913cadc-0b81-46c9-8b7a-ab76d4e434ad", "region_outline_version": "2024-12-14", "region_name": "Brewster_57" }, "geometry": { "type": "Point", "coordinates": [ -103.603213634558372, 30.249673957679668 ] } },
{ "type": "Feature", "properties": { "bounding_box": "POLYGON ((634484.8974134527 3347277.8235799056, 634485.7260443327 3347277.8235799056, 634485.7260443327 3347276.994958337, 634484.8974134527 3347276.994958337, 634484.8974134527 3347277.8235799056))", "target_id": "fe7ef154-0acf-4ad0-b8d3-0ed7e5ce7fb3", "region_outline_version": "2024-12-14", "region_name": "Brewster_57" }, "geometry": { "type": "Point", "coordinates": [ -103.602170587196895, 30.249666059037072 ] } },
{ "type": "Feature", "properties": { "bounding_box": "POLYGON ((634280.1151019607 3347277.4368898403, 634282.4905104835 3347277.4368898403, 634282.4905104835 3347275.171990885, 634280.1151019607 3347275.171990885, 634280.1151019607 3347277.4368898403))", "target_id": "4900efd8-33b8-490d-afdc-70e6659258ce", "region_outline_version": "2024-12-14", "region_name": "Brewster_57" }, "geometry": { "type": "Point", "coordinates": [ -103.604290341493325, 30.249678718575698 ] } },
{ "type": "Feature", "properties": { "bounding_box": "POLYGON ((634645.5413200669 3347276.994958337, 634648.0272127071 3347276.994958337, 634648.0272127071 3347274.6195765054, 634645.5413200669 3347274.6195765054, 634645.5413200669 3347276.994958337))", "target_id": "d74490d3-2695-4859-a558-ec06fabfc290", "region_outline_version": "2024-12-14", "region_name": "Brewster_57" }, "geometry": { "type": "Point", "coordinates": [ -103.600493710917277, 30.249633580472711 ] } },
{ "type": "Feature", "properties": { "bounding_box": "POLYGON ((634696.6954663958 3347275.5586809507, 634697.6345813933 3347275.5586809507, 634697.6345813933 3347274.7300593816, 634696.6954663958 3347274.7300593816, 634696.6954663958 3347275.5586809507))", "target_id": "bceef1a8-4076-4038-9442-14150fdac36b", "region_outline_version": "2024-12-14", "region_name": "Brewster_57" }, "geometry": { "type": "Point", "coordinates": [ -103.599969441250821, 30.249622113047476 ] } },
{ "type": "Feature", "properties": { "bounding_box": "POLYGON ((634315.6357456859 3347275.3377151988, 634316.5748606833 3347275.3377151988, 634316.5748606833 3347274.4538521916, 634315.6357456859 3347274.4538521916, 634315.6357456859 3347275.3377151988))", "target_id": "53fd5c6b-c057-4691-b411-3291833f1a93", "region_outline_version": "2024-12-14", "region_name": "Brewster_57" }, "geometry": { "type": "Point", "coordinates": [ -103.603929095488184, 30.249662062219628 ] } },
{ "type": "Feature", "properties": { "bounding_box": "POLYGON ((634185.3749713405 3347275.116749447, 634187.9713480981 3347275.116749447, 634187.9713480981 3347270.973641602, 634185.3749713405 3347270.973641602, 634185.3749713405 3347275.116749447))", "target_id": "6974d8b2-8eb9-4921-8da4-5446e50845fe", "region_outline_version": "2024-12-14", "region_name": "Brewster_57" }, "geometry": { "type": "Point", "coordinates": [ -103.605273679430155, 30.249661014270682 ] } },
{ "type": "Feature", "properties": { "bounding_box": "POLYGON ((634237.0262961976 3347274.6748179435, 634240.2303356006 3347274.6748179435, 634240.2303356006 3347271.581297419, 634237.0262961976 3347271.581297419, 634237.0262961976 3347274.6748179435))", "target_id": "f849523c-6148-4ef0-93ff-7871d817a403", "region_outline_version": "2024-12-14", "region_name": "Brewster_57" }, "geometry": { "type": "Point", "coordinates": [ -103.60473385358371, 30.249654763126419 ] } },
{ "type": "Feature", "properties": { "bounding_box": "POLYGON ((634709.5668660661 3347274.6748179435, 634712.7709054691 3347274.6748179435, 634712.7709054691 3347271.857504609, 634709.5668660661 3347271.857504609, 634709.5668660661 3347274.6748179435))", "target_id": "46f75b5c-eaf6-42b7-82a8-2022a1314039", "region_outline_version": "2024-12-14", "region_name": "Brewster_57" }, "geometry": { "type": "Point", "coordinates": [ -103.599824371845003, 30.249604384400598 ] } },
{ "type": "Feature", "properties": { "bounding_box": "POLYGON ((634303.869187189 3347274.2881278777, 634305.2502386558 3347274.2881278777, 634305.2502386558 3347273.0728162434, 634303.869187189 3347273.0728162434, 634303.869187189 3347274.2881278777))", "target_id": "25ff6e42-3d84-4adf-bf4d-43940f7f5c7b", "region_outline_version": "2024-12-14", "region_name": "Brewster_57" }, "geometry": { "type": "Point", "coordinates": [ -103.604048739673729, 30.249652373542425 ] } },
{ "type": "Feature", "properties": { "bounding_box": "POLYGON ((634375.0209587568 3347274.177645002, 634375.9600737542 3347274.177645002, 634375.9600737542 3347273.238540557, 634375.0209587568 3347273.238540557, 634375.0209587568 3347274.177645002))", "target_id": "4d34bbb4-4ce7-4302-8f99-0a42f6dec5d6", "region_outline_version": "2024-12-14", "region_name": "Brewster_57" }, "geometry": { "type": "Point", "coordinates": [ -103.603312248151028, 30.249644842817368 ] } },
{ "type": "Feature", "properties": { "bounding_box": "POLYGON ((634273.4308128615 3347273.8461963744, 634276.1376737364 3347273.8461963744, 634276.1376737364 3347271.3603316676, 634273.4308128615 3347271.3603316676, 634273.4308128615 3347273.8461963744))", "target_id": "aa6ea868-fc1c-473d-96d0-91c8502274f7", "region_outline_version": "2024-12-14", "region_name": "Brewster_57" }, "geometry": { "type": "Point", "coordinates": [ -103.604359110541083, 30.249645850619078 ] } },
{ "type": "Feature", "properties": { "bounding_box": "POLYGON ((634190.0153042689 3347273.569989185, 634191.009661325 3347273.569989185, 634191.009661325 3347272.5204018643, 634190.0153042689 3347272.5204018643, 634190.0153042689 3347273.569989185))", "target_id": "f5b91588-535d-4211-a8ed-967881bee513", "region_outline_version": "2024-12-14", "region_name": "Brewster_57" }, "geometry": { "type": "Point", "coordinates": [ -103.605234144750213, 30.249659478577556 ] } },
{ "type": "Feature", "properties": { "bounding_box": "POLYGON ((634694.2095737557 3347273.2937819953, 634695.9773196331 3347273.2937819953, 634695.9773196331 3347271.4155731057, 634694.2095737557 3347271.4155731057, 634694.2095737557 3347273.2937819953))", "target_id": "ace3d80e-1e87-4e5c-b144-e18e6bfc1da2", "region_outline_version": "2024-12-14", "region_name": "Brewster_57" }, "geometry": { "type": "Point", "coordinates": [ -103.59999102665715, 30.2495968843436 ] } },
{ "type": "Feature", "properties": { "bounding_box": "POLYGON ((634165.2668619845 3347272.7413676158, 634169.7967107955 3347272.7413676158, 634169.7967107955 3347264.2341861743, 634165.2668619845 3347264.2341861743, 634165.2668619845 3347272.7413676158))", "target_id": "d41c89db-9d04-4bf6-8aed-f2d8ac7abe60", "region_outline_version": "2024-12-14", "region_name": "Brewster_57" }, "geometry": { "type": "Point", "coordinates": [ -103.6054710113808, 30.249614952708445 ] } },
{ "type": "Feature", "properties": { "bounding_box": "POLYGON ((634847.5062865667 3347272.1337117986, 634848.9425800921 3347272.1337117986, 634848.9425800921 3347270.3107443466, 634847.5062865667 3347270.3107443466, 634847.5062865667 3347272.1337117986))", "target_id": "3a509d4f-2bc3-4e3e-a159-fd58cced817b", "region_outline_version": "2024-12-14", "region_name": "Brewster_57" }, "geometry": { "type": "Point", "coordinates": [ -103.598400277346556, 30.2495693381541 ] } },
{ "type": "Feature", "properties": { "bounding_box": "POLYGON ((634267.5751546425 3347272.0784703605, 634272.0497613947 3347272.0784703605, 634272.0497613947 3347268.1010868293, 634267.5751546425 3347268.1010868293, 634267.5751546425 3347272.0784703605))", "target_id": "891105d4-7c58-40bd-bf92-8dbf29343213", "region_outline_version": "2024-12-14", "region_name": "Brewster_57" }, "geometry": { "type": "Point", "coordinates": [ -103.604410905504068, 30.24962505428179 ] } },
{ "type": "Feature", "properties": { "bounding_box": "POLYGON ((634755.8044691734 3347271.4155731057, 634757.5169729922 3347271.4155731057, 634757.5169729922 3347270.255502909, 634755.8044691734 3347270.255502909, 634755.8044691734 3347271.4155731057))", "target_id": "5001c4d7-39c9-42b6-bd3d-735b16113f68", "region_outline_version": "2024-12-14", "region_name": "Brewster_57" }, "geometry": { "type": "Point", "coordinates": [ -103.599351864842916, 30.249576866610312 ] } },
{ "type": "Feature", "properties": { "bounding_box": "POLYGON ((634672.9413811675 3347271.3050902295, 634675.0958214557 3347271.3050902295, 634675.0958214557 3347269.316398464, 634672.9413811675 3347269.316398464, 634672.9413811675 3347271.3050902295))", "target_id": "2467031a-7341-4db8-8fe2-fec686a7fe92", "region_outline_version": "2024-12-14", "region_name": "Brewster_57" }, "geometry": { "type": "Point", "coordinates": [ -103.600210318200283, 30.249581343502555 ] } },
{ "type": "Feature", "properties": { "bounding_box": "POLYGON ((634178.3592298893 3347271.1393659157, 634181.5080272336 3347271.1393659157, 634181.5080272336 3347265.062807743, 634178.3592298893 3347265.062807743, 634178.3592298893 3347271.1393659157))", "target_id": "05ec8404-2381-41eb-b8df-c869b32e09fc", "region_outline_version": "2024-12-14", "region_name": "Brewster_57" }, "geometry": { "type": "Point", "coordinates": [ -103.605344480917424, 30.249617473890307 ] } },
{ "type": "Feature", "properties": { "bounding_box": "POLYGON ((634355.9624485155 3347270.5869515366, 634357.895920569 3347270.5869515366, 634357.895920569 3347268.7087426465, 634355.9624485155 3347268.7087426465, 634355.9624485155 3347270.5869515366))", "target_id": "baac73e0-99ce-46fe-a346-3303af12b87f", "region_outline_version": "2024-12-14", "region_name": "Brewster_57" }, "geometry": { "type": "Point", "coordinates": [ -103.603505773608234, 30.249609727078031 ] } },
{ "type": "Feature", "properties": { "bounding_box": "POLYGON ((634516.2749027776 3347270.5869515366, 634517.711196303 3347270.5869515366, 634517.711196303 3347268.8192255227, 634516.2749027776 3347268.8192255227, 634516.2749027776 3347270.5869515366))", "target_id": "102dd347-387c-429e-b622-8d88bd31d27e", "region_outline_version": "2024-12-14", "region_name": "Brewster_57" }, "geometry": { "type": "Point", "coordinates": [ -103.601841876228718, 30.249592872109492 ] } },
{ "type": "Feature", "properties": { "bounding_box": "POLYGON ((634849.9369371482 3347269.647847092, 634851.1522624389 3347269.647847092, 634851.1522624389 3347267.5486724502, 634849.9369371482 3347267.5486724502, 634849.9369371482 3347269.647847092))", "target_id": "6e823e0d-dea4-434d-bb79-b63f4ebf567e", "region_outline_version": "2024-12-14", "region_name": "Brewster_57" }, "geometry": { "type": "Point", "coordinates": [ -103.598376405824567, 30.249545719481134 ] } },
{ "type": "Feature", "properties": { "bounding_box": "POLYGON ((634396.2339092863 3347269.42688134, 634397.5044766357 3347269.42688134, 634397.5044766357 3347268.1010868293, 634396.2339092863 3347268.1010868293, 634396.2339092863 3347269.42688134))", "target_id": "09c9c922-8f6c-44d2-bb99-cab082739093", "region_outline_version": "2024-12-14", "region_name": "Brewster_57" }, "geometry": { "type": "Point", "coordinates": [ -103.603090497434806, 30.249597878612942 ] } },
{ "type": "Feature", "properties": { "bounding_box": "POLYGON ((634512.2974745533 3347269.371639902, 634515.7224821909 3347269.371639902, 634515.7224821909 3347264.510393364, 634512.2974745533 3347264.510393364, 634512.2974745533 3347269.371639902))", "target_id": "9402e3c3-51a7-47b1-a75f-1877173797f7", "region_outline_version": "2024-12-14", "region_name": "Brewster_57" }, "geometry": { "type": "Point", "coordinates": [ -103.601874905120326, 30.249572144749774 ] } },
{ "type": "Feature", "properties": { "bounding_box": "POLYGON ((634172.227361377 3347269.205915588, 634177.8620513614 3347269.205915588, 634177.8620513614 3347260.8092170223, 634172.227361377 3347260.8092170223, 634172.227361377 3347269.205915588))", "target_id": "2fd0a7f9-936e-4934-b358-fce6dd730ee7", "region_outline_version": "2024-12-14", "region_name": "Brewster_57" }, "geometry": { "type": "Point", "coordinates": [ -103.605400982186367, 30.249582424240248 ] } },
{ "type": "Feature", "properties": { "bounding_box": "POLYGON ((634313.7575156911 3347269.205915588, 634315.5805036272 3347269.205915588, 634315.5805036272 3347267.1619823845, 634313.7575156911 3347267.1619823845, 634313.7575156911 3347269.205915588))", "target_id": "cb39c730-3b24-4685-ac9d-6359cddc5246", "region_outline_version": "2024-12-14", "region_name": "Brewster_57" }, "geometry": { "type": "Point", "coordinates": [ -103.603945108047299, 30.249600707956198 ] } },
{ "type": "Feature", "properties": { "bounding_box": "POLYGON ((634331.1587641723 3347268.9849498365, 634333.5341726952 3347268.9849498365, 634333.5341726952 3347266.664809443, 634331.1587641723 3347266.664809443, 634331.1587641723 3347268.9849498365))", "target_id": "3ba7951a-1955-465f-bad1-426d51fcb8f1", "region_outline_version": "2024-12-14", "region_name": "Brewster_57" }, "geometry": { "type": "Point", "coordinates": [ -103.603761574071143, 30.249596413809151 ] } },
{ "type": "Feature", "properties": { "bounding_box": "POLYGON ((634300.0574851407 3347268.9297083984, 634305.6369330665 3347268.9297083984, 634305.6369330665 3347264.5656348015, 634300.0574851407 3347264.5656348015, 634300.0574851407 3347268.9297083984))", "target_id": "11fc802b-ade4-4c9a-903e-39b1237a67fd", "region_outline_version": "2024-12-14", "region_name": "Brewster_57" }, "geometry": { "type": "Point", "coordinates": [ -103.604074601124424, 30.249588676397241 ] } },
{ "type": "Feature", "properties": { "bounding_box": "POLYGON ((634346.0188779548 3347268.1563282674, 634347.9523500082 3347268.1563282674, 634347.9523500082 3347266.057153626, 634346.0188779548 3347266.057153626, 634346.0188779548 3347268.1563282674))", "target_id": "597156e4-1ced-4474-ab07-110a35c117ab", "region_outline_version": "2024-12-14", "region_name": "Brewster_57" }, "geometry": { "type": "Point", "coordinates": [ -103.603609537954256, 30.249588369561817 ] } },
{ "type": "Feature", "properties": { "bounding_box": "POLYGON ((634578.6984290754 3347267.2724652602, 634581.1843217156 3347267.2724652602, 634581.1843217156 3347264.8418419915, 634578.6984290754 3347264.8418419915, 634578.6984290754 3347267.2724652602))", "target_id": "f6bf3e36-c04e-4178-ac56-ddc7850ec9d5", "region_outline_version": "2024-12-14", "region_name": "Brewster_57" }, "geometry": { "type": "Point", "coordinates": [ -103.601188866011611, 30.249553127660107 ] } },
{ "type": "Feature", "properties": { "bounding_box": "POLYGON ((634289.0643154653 3347266.941016633, 634290.1691566388 3347266.941016633, 634290.1691566388 3347265.7257049982, 634289.0643154653 3347265.7257049982, 634289.0643154653 3347266.941016633))", "target_id": "061d1502-cb9e-4ee5-82ee-f852410910c8", "region_outline_version": "2024-12-14", "region_name": "Brewster_57" }, "geometry": { "type": "Point", "coordinates": [ -103.604205755048568, 30.249587710924231 ] } },
{ "type": "Feature", "properties": { "bounding_box": "POLYGON ((634394.5214054675 3347266.4438436916, 634395.4605204649 3347266.4438436916, 634395.4605204649 3347265.118049181, 634394.5214054675 3347265.118049181, 634394.5214054675 3347266.4438436916))", "target_id": "832ec6c6-5846-49d4-875d-c25a09a5b72f", "region_outline_version": "2024-12-14", "region_name": "Brewster_57" }, "geometry": { "type": "Point", "coordinates": [ -103.603110347676477, 30.249571169204792 ] } },
{ "type": "Feature", "properties": { "bounding_box": "POLYGON ((634521.1914459993 3347266.4438436916, 634522.0200768794 3347266.4438436916, 634522.0200768794 3347265.5599806844, 634521.1914459993 3347265.5599806844, 634521.1914459993 3347266.4438436916))", "target_id": "b0dc0f57-d0bd-4d50-8453-1da570f3161a", "region_outline_version": "2024-12-14", "region_name": "Brewster_57" }, "geometry": { "type": "Point", "coordinates": [ -103.601794901594431, 30.249559121203969 ] } },
{ "type": "Feature", "properties": { "bounding_box": "POLYGON ((634829.6078595574 3347266.4438436916, 634830.7679427895 3347266.4438436916, 634830.7679427895 3347265.062807743, 634829.6078595574 3347265.062807743, 634829.6078595574 3347266.4438436916))", "target_id": "88014bea-2794-4d69-b0fd-1cfbca9f36a1", "region_outline_version": "2024-12-14", "region_name": "Brewster_57" }, "geometry": { "type": "Point", "coordinates": [ -103.598588396627846, 30.249522511314112 ] } },
{ "type": "Feature", "properties": { "bounding_box": "POLYGON ((634764.7536826781 3347266.3333608154, 634766.5766706142 3347266.3333608154, 634766.5766706142 3347264.897083429, 634764.7536826781 3347264.897083429, 634764.7536826781 3347266.3333608154))", "target_id": "164f5156-8667-41d8-8449-bac271a6e83e", "region_outline_version": "2024-12-14", "region_name": "Brewster_57" }, "geometry": { "type": "Point", "coordinates": [ -103.599258503539048, 30.24952810312752 ] } },
{ "type": "Feature", "properties": { "bounding_box": "POLYGON ((634216.9734289001 3347266.001912188, 634218.6306906603 3347266.001912188, 634218.6306906603 3347264.123703298, 634216.9734289001 3347264.123703298, 634216.9734289001 3347266.001912188))", "target_id": "0f1eb174-0adf-401d-879c-d0f1eb9a37d5", "region_outline_version": "2024-12-14", "region_name": "Brewster_57" }, "geometry": { "type": "Point", "coordinates": [ -103.604951839953515, 30.249583904731253 ] } },
{ "type": "Feature", "properties": { "bounding_box": "POLYGON ((634348.4495285363 3347265.4494978087, 634350.6039688244 3347265.4494978087, 634350.6039688244 3347263.295081729, 634348.4495285363 3347263.295081729, 634348.4495285363 3347265.4494978087))", "target_id": "cff9c798-1c95-4bbb-a8c9-e7c722c31fa3", "region_outline_version": "2024-12-14", "region_name": "Brewster_57" }, "geometry": { "type": "Point", "coordinates": [ -103.60358304145916, 30.249563621551193 ] } },
{ "type": "Feature", "properties": { "bounding_box": "POLYGON ((634586.487559348 3347265.062807743, 634588.5315155188 3347265.062807743, 634588.5315155188 3347263.737013233, 634586.487559348 3347263.737013233, 634586.487559348 3347265.062807743))", "target_id": "76a2a4df-7a70-4931-a521-ecf44b2c627f", "region_outline_version": "2024-12-14", "region_name": "Brewster_57" }, "geometry": { "type": "Point", "coordinates": [ -103.601110440626755, 30.249537713602933 ] } },
{ "type": "Feature", "properties": { "bounding_box": "POLYGON ((634390.599219302 3347264.897083429, 634392.3117231207 3347264.897083429, 634392.3117231207 3347263.6265303567, 634390.599219302 3347263.6265303567, 634390.599219302 3347264.897083429))", "target_id": "df428ba7-1dbe-4e4b-813a-5a4a4c67756c", "region_outline_version": "2024-12-14", "region_name": "Brewster_57" }, "geometry": { "type": "Point", "coordinates": [ -103.603147319267762, 30.249557668725895 ] } },
{ "type": "Feature", "properties": { "bounding_box": "POLYGON ((634679.7913964427 3347264.5656348015, 634682.6639834936 3347264.5656348015, 634682.6639834936 3347261.5825971533, 634679.7913964427 3347261.5825971533, 634679.7913964427 3347264.5656348015))", "target_id": "c8ca4066-3174-4331-829a-bc1c7223822e", "region_outline_version": "2024-12-14", "region_name": "Brewster_57" }, "geometry": { "type": "Point", "coordinates": [ -103.600136677596339, 30.249514531641438 ] } },
{ "type": "Feature", "properties": { "bounding_box": "POLYGON ((634397.2282663424 3347264.289427612, 634398.6645598678 3347264.289427612, 634398.6645598678 3347263.0741159776, 634397.2282663424 3347263.0741159776, 634397.2282663424 3347264.289427612))", "target_id": "4fc7ad90-2e90-4546-90ce-2cf6108de465", "region_outline_version": "2024-12-14", "region_name": "Brewster_57" }, "geometry": { "type": "Point", "coordinates": [ -103.603079929075449, 30.249551456691197 ] } },
{ "type": "Feature", "properties": { "bounding_box": "POLYGON ((634288.0699584093 3347264.0132204224, 634289.0643154653 3347264.0132204224, 634289.0643154653 3347262.963633102, 634288.0699584093 3347262.963633102, 634288.0699584093 3347264.0132204224))", "target_id": "249ecf48-e814-42ab-8f9b-fa47ce033d80", "region_outline_version": "2024-12-14", "region_name": "Brewster_57" }, "geometry": { "type": "Point", "coordinates": [ -103.604216761316735, 30.249562213268316 ] } },
{ "type": "Feature", "properties": { "bounding_box": "POLYGON ((634231.6125744479 3347263.8474961086, 634233.0488679733 3347263.8474961086, 634233.0488679733 3347262.0245286566, 634231.6125744479 3347262.0245286566, 634231.6125744479 3347263.8474961086))", "target_id": "b6925792-4bf1-4cd9-aeef-39c93d1347f4", "region_outline_version": "2024-12-14", "region_name": "Brewster_57" }, "geometry": { "type": "Point", "coordinates": [ -103.604801602802553, 30.249563238158117 ] } },
{ "type": "Feature", "properties": { "bounding_box": "POLYGON ((634252.4388305667 3347263.681771795, 634253.9303661508 3347263.681771795, 634253.9303661508 3347262.135011533, 634252.4388305667 3347262.135011533, 634252.4388305667 3347263.681771795))", "target_id": "54e89b11-d000-4f08-9bf5-691d3916e0e8", "region_outline_version": "2024-12-14", "region_name": "Brewster_57" }, "geometry": { "type": "Point", "coordinates": [ -103.604584407291483, 30.249561200350207 ] } },
{ "type": "Feature", "properties": { "bounding_box": "POLYGON ((634848.1691912707 3347263.6265303567, 634849.2187903855 3347263.6265303567, 634849.2187903855 3347262.4112187224, 634848.1691912707 3347262.4112187224, 634848.1691912707 3347263.6265303567))", "target_id": "7ae114e7-31c1-45b7-b83f-d61bca7af215", "region_outline_version": "2024-12-14", "region_name": "Brewster_57" }, "geometry": { "type": "Point", "coordinates": [ -103.598396273524301, 30.249495917722637 ] } },
{ "type": "Feature", "properties": { "bounding_box": "POLYGON ((634166.8688816859 3347263.571288919, 634171.0672781449 3347263.571288919, 634171.0672781449 3347258.2128694393, 634166.8688816859 3347258.2128694393, 634166.8688816859 3347263.571288919))", "target_id": "bccfaabf-eda1-4393-b7d0-77a9860dc6c9", "region_outline_version": "2024-12-14", "region_name": "Brewster_57" }, "geometry": { "type": "Point", "coordinates": [ -103.605460374658492, 30.249553373616084 ] } },
{ "type": "Feature", "properties": { "bounding_box": "POLYGON ((634191.2306295596 3347263.516047481, 634192.7221651438 3347263.516047481, 634192.7221651438 3347262.2454944085, 634191.2306295596 3347262.2454944085, 634191.2306295596 3347263.516047481))", "target_id": "8849b300-8772-44d8-bd3c-0a72d044fd3f", "region_outline_version": "2024-12-14", "region_name": "Brewster_57" }, "geometry": { "type": "Point", "coordinates": [ -103.605220743673542, 30.249567298705255 ] } },
{ "type": "Feature", "properties": { "bounding_box": "POLYGON ((634665.8703976576 3347262.797908788, 634668.6877426498 3347262.797908788, 634668.6877426498 3347260.2568026427, 634665.8703976576 3347260.2568026427, 634665.8703976576 3347262.797908788))", "target_id": "9f103386-e832-42ce-83da-43dbda8369e3", "region_outline_version": "2024-12-14", "region_name": "Brewster_57" }, "geometry": { "type": "Point", "coordinates": [ -103.600281676932539, 30.249502787110806 ] } },
{ "type": "Feature", "properties": { "bounding_box": "POLYGON ((634465.728419094 3347262.0245286566, 634468.0485855582 3347262.0245286566, 634468.0485855582 3347259.7043882636, 634465.728419094 3347259.7043882636, 634465.728419094 3347262.0245286566))", "target_id": "99af69d2-99a5-4367-b1bc-5ff5f77624a5", "region_outline_version": "2024-12-14", "region_name": "Brewster_57" }, "geometry": { "type": "Point", "coordinates": [ -103.602364112864308, 30.249518837168178 ] } },
{ "type": "Feature", "properties": { "bounding_box": "POLYGON ((634643.6630900721 3347262.0245286566, 634644.6574471281 3347262.0245286566, 634644.6574471281 3347261.030182774, 634643.6630900721 3347261.030182774, 634643.6630900721 3347262.0245286566))", "target_id": "6aac7184-9119-4b98-aac3-eaeca3ae7347", "region_outline_version": "2024-12-14", "region_name": "Brewster_57" }, "geometry": { "type": "Point", "coordinates": [ -103.600521883538946, 30.249504924186997 ] } },
{ "type": "Feature", "properties": { "bounding_box": "POLYGON ((634659.8490132625 3347261.5273557156, 634661.2300647293 3347261.5273557156, 634661.2300647293 3347260.312044081, 634659.8490132625 3347260.312044081, 634659.8490132625 3347261.5273557156))", "target_id": "eeef63b2-8949-4cd8-b405-e14a6931e237", "region_outline_version": "2024-12-14", "region_name": "Brewster_57" }, "geometry": { "type": "Point", "coordinates": [ -103.600351442441237, 30.249497530631114 ] } },
{ "type": "Feature", "properties": { "bounding_box": "POLYGON ((634347.2342032455 3347261.4168728394, 634350.1067902964 3347261.4168728394, 634350.1067902964 3347258.599559505, 634347.2342032455 3347258.599559505, 634347.2342032455 3347261.4168728394))", "target_id": "460c19de-cbc5-4bf9-963e-c6d9edbdbc48", "region_outline_version": "2024-12-14", "region_name": "Brewster_57" }, "geometry": { "type": "Point", "coordinates": [ -103.603593542562194, 30.249523884941674 ] } },
{ "type": "Feature", "properties": { "bounding_box": "POLYGON ((634245.5335732329 3347260.753975584, 634246.7488985236 3347260.753975584, 634246.7488985236 3347259.207215322, 634245.5335732329 3347259.207215322, 634245.5335732329 3347260.753975584))", "target_id": "8276c6ac-e757-42d7-b6cb-00c0c0194337", "region_outline_version": "2024-12-14", "region_name": "Brewster_57" }, "geometry": { "type": "Point", "coordinates": [ -103.604658039350142, 30.24953558781602 ] } },
{ "type": "Feature", "properties": { "bounding_box": "POLYGON ((634381.373795504 3347260.5882512704, 634382.4233946187 3347260.5882512704, 634382.4233946187 3347259.428181074, 634381.373795504 3347259.428181074, 634381.373795504 3347260.5882512704))", "target_id": "1cfc234b-c024-494e-9ade-55df691c9fc4", "region_outline_version": "2024-12-14", "region_name": "Brewster_57" }, "geometry": { "type": "Point", "coordinates": [ -103.603247614395485, 30.249520663711127 ] } },
{ "type": "Feature", "properties": { "bounding_box": "POLYGON ((634736.6354748147 3347260.5330098327, 634738.2374945162 3347260.5330098327, 634738.2374945162 3347258.8757666945, 634736.6354748147 3347258.8757666945, 634736.6354748147 3347260.5330098327))", "target_id": "79a8f514-3cfe-4e81-92af-e6c0060fe41f", "region_outline_version": "2024-12-14", "region_name": "Brewster_57" }, "geometry": { "type": "Point", "coordinates": [ -103.599552775882444, 30.249478231127522 ] } },
{ "type": "Feature", "properties": { "bounding_box": "POLYGON ((634343.4225011972 3347260.0358368913, 634346.0188779548 3347260.0358368913, 634346.0188779548 3347256.3899019877, 634343.4225011972 3347256.3899019877, 634343.4225011972 3347260.0358368913))", "target_id": "b2e23f94-b0a8-4bc5-b312-fbc58ef24878", "region_outline_version": "2024-12-14", "region_name": "Brewster_57" }, "geometry": { "type": "Point", "coordinates": [ -103.603634201580007, 30.24950741739076 ] } },
{ "type": "Feature", "properties": { "bounding_box": "POLYGON ((634560.8000020662 3347259.207215322, 634563.6173470584 3347259.207215322, 634563.6173470584 3347256.4451434254, 634560.8000020662 3347256.4451434254, 634560.8000020662 3347259.207215322))", "target_id": "eeddcd94-1d38-4247-a8e1-fcd158160eba", "region_outline_version": "2024-12-14", "region_name": "Brewster_57" }, "geometry": { "type": "Point", "coordinates": [ -103.601374889740612, 30.249480521785127 ] } },
{ "type": "Feature", "properties": { "bounding_box": "POLYGON ((634329.888196823 3347259.0967324465, 634331.545458583 3347259.0967324465, 634331.545458583 3347257.38424787, 634329.888196823 3347257.38424787, 634329.888196823 3347259.0967324465))", "target_id": "06cc1c58-48c6-42f1-aba0-856f2dc928b5", "region_outline_version": "2024-12-14", "region_name": "Brewster_57" }, "geometry": { "type": "Point", "coordinates": [ -103.603779599786662, 30.249510309249718 ] } },
{ "type": "Feature", "properties": { "bounding_box": "POLYGON ((634288.290926644 3347259.0414910084, 634289.5062519347 3347259.0414910084, 634289.5062519347 3347257.9366622497, 634288.290926644 3347257.9366622497, 634288.290926644 3347259.0414910084))", "target_id": "c475629e-a6c7-4b07-881f-4ae3bbd4abcc", "region_outline_version": "2024-12-14", "region_name": "Brewster_57" }, "geometry": { "type": "Point", "coordinates": [ -103.604213872380711, 30.249516862902166 ] } },
{ "type": "Feature", "properties": { "bounding_box": "POLYGON ((634188.3580425088 3347258.8757666945, 634195.7604783707 3347258.8757666945, 634195.7604783707 3347254.1250030324, 634188.3580425088 3347254.1250030324, 634188.3580425088 3347258.8757666945))", "target_id": "2ce15f9f-7315-4950-b15c-90b0467288b3", "region_outline_version": "2024-12-14", "region_name": "Brewster_57" }, "geometry": { "type": "Point", "coordinates": [ -103.605217269635375, 30.249508950283129 ] } },
{ "type": "Feature", "properties": { "bounding_box": "POLYGON ((634501.8014834059 3347258.8205252565, 634502.795840462 3347258.8205252565, 634502.795840462 3347257.8814208116, 634501.8014834059 3347257.8814208116, 634501.8014834059 3347258.8205252565))", "target_id": "24443278-b489-49e3-914c-531fc0588cff", "region_outline_version": "2024-12-14", "region_name": "Brewster_57" }, "geometry": { "type": "Point", "coordinates": [ -103.601996723869121, 30.249492241619969 ] } },
{ "type": "Feature", "properties": { "bounding_box": "POLYGON ((634227.6903882823 3347258.378593753, 634229.7895865118 3347258.378593753, 634229.7895865118 3347256.5003848635, 634227.6903882823 3347256.5003848635, 634227.6903882823 3347258.378593753))", "target_id": "822cf78a-6245-4969-86d2-7fe7b762049b", "region_outline_version": "2024-12-14", "region_name": "Brewster_57" }, "geometry": { "type": "Point", "coordinates": [ -103.604839376095995, 30.249514744290508 ] } },
{ "type": "Feature", "properties": { "bounding_box": "POLYGON ((634469.6506052596 3347258.3233523155, 634471.1421408437 3347258.3233523155, 634471.1421408437 3347256.6661091773, 634469.6506052596 3347256.6661091773, 634469.6506052596 3347258.3233523155))", "target_id": "79f99c8b-dbf7-4d3b-ac67-559038283ac4", "region_outline_version": "2024-12-14", "region_name": "Brewster_57" }, "geometry": { "type": "Point", "coordinates": [ -103.60232794101033, 30.249488215491525 ] } },
{ "type": "Feature", "properties": { "bounding_box": "POLYGON ((634336.1305494527 3347258.1576280016, 634338.7821682689 3347258.1576280016, 634338.7821682689 3347255.008866039, 634336.1305494527 3347255.008866039, 634336.1305494527 3347258.1576280016))", "target_id": "83aef737-1911-4ecd-91c2-52b88a61104a", "region_outline_version": "2024-12-14", "region_name": "Brewster_57" }, "geometry": { "type": "Point", "coordinates": [ -103.603710418034069, 30.249494335945087 ] } },
{ "type": "Feature", "properties": { "bounding_box": "POLYGON ((634290.0034304628 3347257.826179374, 634292.7655333963 3347257.826179374, 634292.7655333963 3347255.450797543, 634290.0034304628 3347255.450797543, 634290.0034304628 3347257.826179374))", "target_id": "27cf052a-c337-4c95-ba60-210541bcbfc6", "region_outline_version": "2024-12-14", "region_name": "Brewster_57" }, "geometry": { "type": "Point", "coordinates": [ -103.60418723840543, 30.249499327645594 ] } },
{ "type": "Feature", "properties": { "bounding_box": "POLYGON ((634655.5401326863 3347257.4947307464, 634658.6336879719 3347257.4947307464, 634658.6336879719 3347254.401210222, 634655.5401326863 3347254.401210222, 634655.5401326863 3347257.4947307464))", "target_id": "7a3b62a0-44ab-428c-ac74-feadb028e82a", "region_outline_version": "2024-12-14", "region_name": "Brewster_57" }, "geometry": { "type": "Point", "coordinates": [ -103.600389065534529, 30.249453580170687 ] } },
{ "type": "Feature", "properties": { "bounding_box": "POLYGON ((634165.3221040431 3347257.38424787, 634168.194691094 3347257.38424787, 634168.194691094 3347254.6774174115, 634165.3221040431 3347254.6774174115, 634165.3221040431 3347257.38424787))", "target_id": "90d170ce-6670-4355-b956-1c846d615cb4", "region_outline_version": "2024-12-14", "region_name": "Brewster_57" }, "geometry": { "type": "Point", "coordinates": [ -103.605484621941471, 30.24950877805755 ] } },
{ "type": "Feature", "properties": { "bounding_box": "POLYGON ((634249.3452752811 3347257.3290064326, 634250.9472949826 3347257.3290064326, 634250.9472949826 3347255.837487608, 634249.3452752811 3347255.837487608, 634249.3452752811 3347257.3290064326))", "target_id": "f83fb9b6-5156-4170-a876-28b90ad375ad", "region_outline_version": "2024-12-14", "region_name": "Brewster_57" }, "geometry": { "type": "Point", "coordinates": [ -103.604617238287716, 30.249504175168152 ] } },
{ "type": "Feature", "properties": { "bounding_box": "POLYGON ((634791.7118073093 3347256.5556263016, 634793.0928587761 3347256.5556263016, 634793.0928587761 3347255.229831791, 634791.7118073093 3347255.229831791, 634791.7118073093 3347256.5556263016))", "target_id": "a1dab79e-0257-4bb2-827f-237015e28932", "region_outline_version": "2024-12-14", "region_name": "Brewster_57" }, "geometry": { "type": "Point", "coordinates": [ -103.598982429674109, 30.249437908226568 ] } },
{ "type": "Feature", "properties": { "bounding_box": "POLYGON ((634329.1700500603 3347256.3899019877, 634331.9873950524 3347256.3899019877, 634331.9873950524 3347253.7935544048, 634329.1700500603 3347253.7935544048, 634329.1700500603 3347256.3899019877))", "target_id": "5ed26bce-0f1a-4441-883f-186bcb502bd9", "region_outline_version": "2024-12-14", "region_name": "Brewster_57" }, "geometry": { "type": "Point", "coordinates": [ -103.60378091597731, 30.249481518716195 ] } },
{ "type": "Feature", "properties": { "bounding_box": "POLYGON ((634750.7774418344 3347255.3403146667, 634752.9318821225 3347255.3403146667, 634752.9318821225 3347253.3516229014, 634750.7774418344 3347253.3516229014, 634750.7774418344 3347255.3403146667))", "target_id": "cb9d68b7-a71b-41fb-9477-d756b0632855", "region_outline_version": "2024-12-14", "region_name": "Brewster_57" }, "geometry": { "type": "Point", "coordinates": [ -103.599404608514547, 30.249428293299694 ] } },
{ "type": "Feature", "properties": { "bounding_box": "POLYGON ((634279.1759869633 3347255.174590353, 634280.8884907821 3347255.174590353, 634280.8884907821 3347252.633484208, 634279.1759869633 3347252.633484208, 634279.1759869633 3347255.174590353))", "target_id": "292cbf4c-4cfc-4cad-9711-8a81b81447dc", "region_outline_version": "2024-12-14", "region_name": "Brewster_57" }, "geometry": { "type": "Point", "coordinates": [ -103.604307381583581, 30.249476218419471 ] } },
{ "type": "Feature", "properties": { "bounding_box": "POLYGON ((634706.6390369566 3347255.1193489153, 634708.9592034208 3347255.1193489153, 634708.9592034208 3347252.85444996, 634706.6390369566 3347252.85444996, 634706.6390369566 3347255.1193489153))", "target_id": "09da6430-2f82-4b64-b662-e830eef061a5", "region_outline_version": "2024-12-14", "region_name": "Brewster_57" }, "geometry": { "type": "Point", "coordinates": [ -103.599861574511408, 30.249430095844545 ] } },
{ "type": "Feature", "properties": { "bounding_box": "POLYGON ((634499.3708328244 3347255.008866039, 634501.1385787019 3347255.008866039, 634501.1385787019 3347253.406864339, 634499.3708328244 3347253.406864339, 634499.3708328244 3347255.008866039))", "target_id": "aa213ee2-7270-40a4-8928-cefde7bdac6e", "region_outline_version": "2024-12-14", "region_name": "Brewster_57" }, "geometry": { "type": "Point", "coordinates": [ -103.602018296476629, 30.249454531530208 ] } },
{ "type": "Feature", "properties": { "bounding_box": "POLYGON ((634165.6535563952 3347254.401210222, 634167.2555760966 3347254.401210222, 634167.2555760966 3347249.7609294355, 634165.6535563952 3347249.7609294355, 634165.6535563952 3347254.401210222))", "target_id": "cd38eaa7-33e9-4a99-8727-30f38fd04fad", "region_outline_version": "2024-12-14", "region_name": "Brewster_57" }, "geometry": { "type": "Point", "coordinates": [ -103.605487810027753, 30.2494723271137 ] } },
{ "type": "Feature", "properties": { "bounding_box": "POLYGON ((634233.6565306187 3347254.290727346, 634236.3081494349 3347254.290727346, 634236.3081494349 3347251.7496212013, 634233.6565306187 3347251.7496212013, 634233.6565306187 3347254.290727346))", "target_id": "77bf5fab-a53e-4fff-b249-d0b507cad086", "region_outline_version": "2024-12-14", "region_name": "Brewster_57" }, "geometry": { "type": "Point", "coordinates": [ -103.604775636434113, 30.249473679050705 ] } },
{ "type": "Feature", "properties": { "bounding_box": "POLYGON ((634676.8635673331 3347254.235485908, 634678.9627655626 3347254.235485908, 634678.9627655626 3347252.1363112666, 634676.8635673331 3347252.1363112666, 634676.8635673331 3347254.235485908))", "target_id": "616590b4-7dcc-4e20-b430-b6ac10d42379", "region_outline_version": "2024-12-14", "region_name": "Brewster_57" }, "geometry": { "type": "Point", "coordinates": [ -103.600172464491976, 30.249426393413664 ] } },
{ "type": "Feature", "properties": { "bounding_box": "POLYGON ((634825.2989789811 3347254.235485908, 634828.503018384 3347254.235485908, 634828.503018384 3347249.65044656, 634825.2989789811 3347249.65044656, 634825.2989789811 3347254.235485908))", "target_id": "41220bf5-fdf8-45d6-9f50-eae3c677c4c4", "region_outline_version": "2024-12-14", "region_name": "Brewster_57" }, "geometry": { "type": "Point", "coordinates": [ -103.598624183868907, 30.249398412431837 ] } },
{ "type": "Feature", "properties": { "bounding_box": "POLYGON ((634761.2734329818 3347254.1802444705, 634763.262147094 3347254.1802444705, 634763.262147094 3347250.3685852527, 634761.2734329818 3347250.3685852527, 634761.2734329818 3347254.1802444705))", "target_id": "a594bd95-3437-43ab-b7bd-f663c0a2aee5", "region_outline_version": "2024-12-14", "region_name": "Brewster_57" }, "geometry": { "type": "Point", "coordinates": [ -103.599296483687425, 30.249409881094138 ] } },
{ "type": "Feature", "properties": { "bounding_box": "POLYGON ((634756.8540682882 3347254.0145201567, 634758.0141515202 3347254.0145201567, 634758.0141515202 3347252.688725646, 634756.8540682882 3347252.688725646, 634756.8540682882 3347254.0145201567))", "target_id": "f3cb43ab-fcb3-4983-8445-355d9895cde3", "region_outline_version": "2024-12-14", "region_name": "Brewster_57" }, "geometry": { "type": "Point", "coordinates": [ -103.599345798048901, 30.249418996246455 ] } },
{ "type": "Feature", "properties": { "bounding_box": "POLYGON ((634241.7218711847 3347253.9040372805, 634250.0081799852 3347253.9040372805, 634250.0081799852 3347244.733958584, 634241.7218711847 3347244.733958584, 634241.7218711847 3347253.9040372805))", "target_id": "cd310ec2-b012-4036-beae-e8a01e339197", "region_outline_version": "2024-12-14", "region_name": "Brewster_57" }, "geometry": { "type": "Point", "coordinates": [ -103.604662315031945, 30.249434724330843 ] } },
{ "type": "Feature", "properties": { "bounding_box": "POLYGON ((634370.7673202392 3347253.7383129667, 634372.81127641 3347253.7383129667, 634372.81127641 3347251.7496212013, 634370.7673202392 3347251.7496212013, 634370.7673202392 3347253.7383129667))", "target_id": "3036bf54-32f5-43b4-8cf9-529ed64f8472", "region_outline_version": "2024-12-14", "region_name": "Brewster_57" }, "geometry": { "type": "Point", "coordinates": [ -103.603353065787218, 30.249455289615522 ] } },
{ "type": "Feature", "properties": { "bounding_box": "POLYGON ((634227.1379676956 3347253.683071529, 634229.7343444531 3347253.683071529, 634229.7343444531 3347251.5286554494, 634227.1379676956 3347251.5286554494, 634227.1379676956 3347253.683071529))", "target_id": "4d402b52-051d-4eb8-866d-de383bed5e06", "region_outline_version": "2024-12-14", "region_name": "Brewster_57" }, "geometry": { "type": "Point", "coordinates": [ -103.604844437643806, 30.249470820388169 ] } },
{ "type": "Feature", "properties": { "bounding_box": "POLYGON ((634634.7691186261 3347253.627830091, 634635.8739597995 3347253.627830091, 634635.8739597995 3347252.5230013323, 634634.7691186261 3347252.5230013323, 634634.7691186261 3347253.627830091))", "target_id": "b8b6b433-5381-4e86-afcb-0aa4b9f97ef0", "region_outline_version": "2024-12-14", "region_name": "Brewster_57" }, "geometry": { "type": "Point", "coordinates": [ -103.600614665115771, 30.249429952778506 ] } },
{ "type": "Feature", "properties": { "bounding_box": "POLYGON ((634253.6541558575 3347253.241140025, 634256.6924690844 3347253.241140025, 634256.6924690844 3347250.258102377, 634253.6541558575 3347250.258102377, 634253.6541558575 3347253.241140025))", "target_id": "93277636-710f-4dae-be91-3bd44591860b", "region_outline_version": "2024-12-14", "region_name": "Brewster_57" }, "geometry": { "type": "Point", "coordinates": [ -103.604565006462821, 30.249459892700969 ] } },
{ "type": "Feature", "properties": { "bounding_box": "POLYGON ((634501.7462413473 3347253.0201742738, 634503.4035031074 3347253.0201742738, 634503.4035031074 3347251.6391383256, 634501.7462413473 3347251.6391383256, 634501.7462413473 3347253.0201742738))", "target_id": "78cd7075-ce87-42fe-9d97-f4fcc278f1f5", "region_outline_version": "2024-12-14", "region_name": "Brewster_57" }, "geometry": { "type": "Point", "coordinates": [ -103.60199502695167, 30.249437496882305 ] } },
{ "type": "Feature", "properties": { "bounding_box": "POLYGON ((634742.1044386232 3347252.5782427704, 634743.9274265593 3347252.5782427704, 634743.9274265593 3347250.865758194, 634742.1044386232 3347250.865758194, 634742.1044386232 3347252.5782427704))", "target_id": "d5770727-0c70-4549-9010-18f2d987fd9e", "region_outline_version": "2024-12-14", "region_name": "Brewster_57" }, "geometry": { "type": "Point", "coordinates": [ -103.599495675651497, 30.249405626872388 ] } },
{ "type": "Feature", "properties": { "bounding_box": "POLYGON ((634757.5722150509 3347252.3020355804, 634759.3399609283 3347252.3020355804, 634759.3399609283 3347250.5343095665, 634757.5722150509 3347250.5343095665, 634757.5722150509 3347252.3020355804))", "target_id": "15768a46-5c96-431b-a03b-aa35f1ceb57c", "region_outline_version": "2024-12-14", "region_name": "Brewster_57" }, "geometry": { "type": "Point", "coordinates": [ -103.59933578969985, 30.2494010577383 ] } },
{ "type": "Feature", "properties": { "bounding_box": "POLYGON ((634829.8288277921 3347251.086723946, 634835.6844860112 3347251.086723946, 634835.6844860112 3347247.4407890425, 634829.8288277921 3347247.4407890425, 634829.8288277921 3347251.086723946))", "target_id": "b5587054-45b0-41de-a359-8cc8950ddf2d", "region_outline_version": "2024-12-14", "region_name": "Brewster_57" }, "geometry": { "type": "Point", "coordinates": [ -103.598559814788999, 30.249371948825416 ] } },
{ "type": "Feature", "properties": { "bounding_box": "POLYGON ((634371.5407090606 3347250.920999632, 634374.4685381701 3347250.920999632, 634374.4685381701 3347247.661754794, 634371.5407090606 3347247.661754794, 634371.5407090606 3347250.920999632))", "target_id": "df13de2d-7d61-46f5-b2c1-5102fba0ef4e", "region_outline_version": "2024-12-14", "region_name": "Brewster_57" }, "geometry": { "type": "Point", "coordinates": [ -103.603342082709119, 30.249424332730683 ] } },
{ "type": "Feature", "properties": { "bounding_box": "POLYGON ((634367.8947331883 3347250.7552753184, 634370.6568361218 3347250.7552753184, 634370.6568361218 3347248.324652049, 634367.8947331883 3347248.324652049, 634367.8947331883 3347250.7552753184))", "target_id": "cea78dca-b307-45a7-828a-a8bdbc122cf4", "region_outline_version": "2024-12-14", "region_name": "Brewster_57" }, "geometry": { "type": "Point", "coordinates": [ -103.603378979290284, 30.249427214999621 ] } },
{ "type": "Feature", "properties": { "bounding_box": "POLYGON ((634542.2939124114 3347250.3685852527, 634544.6693209343 3347250.3685852527, 634544.6693209343 3347247.77223767, 634542.2939124114 3347247.77223767, 634542.2939124114 3347250.3685852527))", "target_id": "f26a44f1-d2ec-4a98-9219-b56c81466e25", "region_outline_version": "2024-12-14", "region_name": "Brewster_57" }, "geometry": { "type": "Point", "coordinates": [ -103.601569282891887, 30.249403791580274 ] } },
{ "type": "Feature", "properties": { "bounding_box": "POLYGON ((634530.4168697973 3347250.147619501, 634532.4055839095 3347250.147619501, 634532.4055839095 3347248.1589277354, 634530.4168697973 3347248.1589277354, 634530.4168697973 3347250.147619501))", "target_id": "c68f7f51-2ea2-4ca5-908f-61316ee1ae96", "region_outline_version": "2024-12-14", "region_name": "Brewster_57" }, "geometry": { "type": "Point", "coordinates": [ -103.601694313856754, 30.249406800349316 ] } },
{ "type": "Feature", "properties": { "bounding_box": "POLYGON ((634877.3369982488 3347249.7609294355, 634884.187013524 3347249.7609294355, 634884.187013524 3347246.059753094, 634877.3369982488 3347246.059753094, 634877.3369982488 3347249.7609294355))", "target_id": "671fed45-a721-402b-9787-42e4bbfd3b23", "region_outline_version": "2024-12-14", "region_name": "Brewster_57" }, "geometry": { "type": "Point", "coordinates": [ -103.598059387362596, 30.249353654721194 ] } },
{ "type": "Feature", "properties": { "bounding_box": "POLYGON ((634357.1225317476 3347249.37423937, 634358.393099097 3347249.37423937, 634358.393099097 3347248.2694106116, 634357.1225317476 3347248.2694106116, 634357.1225317476 3347249.37423937))", "target_id": "bdc1bb57-95eb-4f37-a050-a984f3d7ce0b", "region_outline_version": "2024-12-14", "region_name": "Brewster_57" }, "geometry": { "type": "Point", "coordinates": [ -103.603499857934736, 30.249422665573483 ] } },
{ "type": "Feature", "properties": { "bounding_box": "POLYGON ((634731.553205417 3347249.09803218, 634733.4866774705 3347249.09803218, 634733.4866774705 3347247.661754794, 634731.553205417 3347247.661754794, 634731.553205417 3347249.09803218))", "target_id": "aa541bb5-f2fd-4085-9fbb-e9bb0ba3e641", "region_outline_version": "2024-12-14", "region_name": "Brewster_57" }, "geometry": { "type": "Point", "coordinates": [ -103.599604448768545, 30.249376753584848 ] } },
{ "type": "Feature", "properties": { "bounding_box": "POLYGON ((634189.8495780929 3347248.4351349254, 634192.4459548504 3347248.4351349254, 634192.4459548504 3347246.5016845977, 634189.8495780929 3347246.5016845977, 634189.8495780929 3347248.4351349254))", "target_id": "f9ec1f0a-d114-47b3-9700-5eeda57df7a4", "region_outline_version": "2024-12-14", "region_name": "Brewster_57" }, "geometry": { "type": "Point", "coordinates": [ -103.605230633130247, 30.249427705607769 ] } },
{ "type": "Feature", "properties": { "bounding_box": "POLYGON ((634365.0221461374 3347248.3798934873, 634366.5689237802 3347248.3798934873, 634366.5689237802 3347246.7778917872, 634365.0221461374 3347246.7778917872, 634365.0221461374 3347248.3798934873))", "target_id": "ddc75a38-6934-4caa-a7aa-d53b0506186d", "region_outline_version": "2024-12-14", "region_name": "Brewster_57" }, "geometry": { "type": "Point", "coordinates": [ -103.603416648812967, 30.249409504198887 ] } },
{ "type": "Feature", "properties": { "bounding_box": "POLYGON ((634225.4254638768 3347248.0484448597, 634227.6351462236 3347248.0484448597, 634227.6351462236 3347245.562580153, 634225.4254638768 3347245.562580153, 634225.4254638768 3347248.0484448597))", "target_id": "37d54757-8797-4ba8-8946-e2ccb37281b1", "region_outline_version": "2024-12-14", "region_name": "Brewster_57" }, "geometry": { "type": "Point", "coordinates": [ -103.6048632274467, 30.249418766821737 ] } },
{ "type": "Feature", "properties": { "bounding_box": "POLYGON ((634705.2579854898 3347248.0484448597, 634707.3571837193 3347248.0484448597, 634707.3571837193 3347245.949270218, 634705.2579854898 3347245.949270218, 634705.2579854898 3347248.0484448597))", "target_id": "ebe4cf29-f2c8-4269-b5f0-337db673cb4b", "region_outline_version": "2024-12-14", "region_name": "Brewster_57" }, "geometry": { "type": "Point", "coordinates": [ -103.599877668138305, 30.249367330197611 ] } },
{ "type": "Feature", "properties": { "bounding_box": "POLYGON ((634175.9838213666 3347247.054098977, 634182.0052057616 3347247.054098977, 634182.0052057616 3347241.971886687, 634175.9838213666 3347241.971886687, 634175.9838213666 3347247.054098977))", "target_id": "8c51287a-48d2-4146-a7e1-6e51ee1cd359", "region_outline_version": "2024-12-14", "region_name": "Brewster_57" }, "geometry": { "type": "Point", "coordinates": [ -103.605355523291209, 30.249401601932714 ] } },
{ "type": "Feature", "properties": { "bounding_box": "POLYGON ((634696.6954663958 3347246.4464431596, 634697.5793393346 3347246.4464431596, 634697.5793393346 3347245.507338715, 634696.6954663958 3347245.507338715, 634696.6954663958 3347246.4464431596))", "target_id": "db7d13ec-5cb3-459b-9dad-c1e09b10c0dc", "region_outline_version": "2024-12-14", "region_name": "Brewster_57" }, "geometry": { "type": "Point", "coordinates": [ -103.599973504180696, 30.249358972101611 ] } },
{ "type": "Feature", "properties": { "bounding_box": "POLYGON ((634735.5858757 3347246.059753094, 634738.5137048096 3347246.059753094, 634738.5137048096 3347243.1319568837, 634735.5858757 3347243.1319568837, 634735.5858757 3347246.059753094))", "target_id": "9cbd8446-6521-4f3d-888f-26a5dbbacd06", "region_outline_version": "2024-12-14", "region_name": "Brewster_57" }, "geometry": { "type": "Point", "coordinates": [ -103.599558557909432, 30.249342206268985 ] } },
{ "type": "Feature", "properties": { "bounding_box": "POLYGON ((634670.842182938 3347245.8940287805, 634677.4712299785 3347245.8940287805, 634677.4712299785 3347238.712641849, 634670.842182938 3347238.712641849, 634670.842182938 3347245.8940287805))", "target_id": "33e1a0ae-ebed-4530-a0a2-977fe2055c01", "region_outline_version": "2024-12-14", "region_name": "Brewster_57" }, "geometry": { "type": "Point", "coordinates": [ -103.600212412986153, 30.249328415105541 ] } },
{ "type": "Feature", "properties": { "bounding_box": "POLYGON ((634375.9600737542 3347245.562580153, 634378.2249981597 3347245.562580153, 634378.2249981597 3347243.2976811975, 634375.9600737542 3347243.2976811975, 634375.9600737542 3347245.562580153))", "target_id": "25840f8a-89ee-48a4-a9ba-39b81da18a66", "region_outline_version": "2024-12-14", "region_name": "Brewster_57" }, "geometry": { "type": "Point", "coordinates": [ -103.603299578737079, 30.249380851167576 ] } },
{ "type": "Feature", "properties": { "bounding_box": "POLYGON ((634723.0459283817 3347244.9549243352, 634725.5870630806 3347244.9549243352, 634725.5870630806 3347242.800508256, 634723.0459283817 3347242.800508256, 634723.0459283817 3347244.9549243352))", "target_id": "e6a85e38-10ad-4c9e-820e-8aa7ac91f4ea", "region_outline_version": "2024-12-14", "region_name": "Brewster_57" }, "geometry": { "type": "Point", "coordinates": [ -103.599691470815728, 30.249337121917513 ] } },
{ "type": "Feature", "properties": { "bounding_box": "POLYGON ((634412.6960427702 3347244.8444414595, 634413.911368061 3347244.8444414595, 634413.911368061 3347243.518646949, 634412.6960427702 3347243.518646949, 634412.6960427702 3347244.8444414595))", "target_id": "013d5316-e09a-4093-901e-a162cb9200ba", "region_outline_version": "2024-12-14", "region_name": "Brewster_57" }, "geometry": { "type": "Point", "coordinates": [ -103.602922832007451, 30.249374330654486 ] } },
{ "type": "Feature", "properties": { "bounding_box": "POLYGON ((634808.0634566759 3347244.0710613285, 634809.223539908 3347244.0710613285, 634809.223539908 3347243.0767154456, 634808.0634566759 3347243.0767154456, 634808.0634566759 3347244.0710613285))", "target_id": "83af3674-30a3-4a5c-be68-bdb02253d9c4", "region_outline_version": "2024-12-14", "region_name": "Brewster_57" }, "geometry": { "type": "Point", "coordinates": [ -103.598815058450583, 30.249324980626948 ] } },
{ "type": "Feature", "properties": { "bounding_box": "POLYGON ((634192.4459548504 3347243.9053370147, 634196.0919307227 3347243.9053370147, 634196.0919307227 3347240.590850739, 634192.4459548504 3347240.590850739, 634192.4459548504 3347243.9053370147))", "target_id": "faa62a95-d8f5-4209-992a-f62f25005744", "region_outline_version": "2024-12-14", "region_name": "Brewster_57" }, "geometry": { "type": "Point", "coordinates": [ -103.605199996516276, 30.249380679262373 ] } },
{ "type": "Feature", "properties": { "bounding_box": "POLYGON ((634558.2036253086 3347243.4634055113, 634568.036711752 3347243.4634055113, 634568.036711752 3347234.9562240695, 634558.2036253086 3347234.9562240695, 634558.2036253086 3347243.4634055113))", "target_id": "443f8e34-f998-4173-b7b7-e19cb360e057", "region_outline_version": "2024-12-14", "region_name": "Brewster_57" }, "geometry": { "type": "Point", "coordinates": [ -103.601366258886628, 30.249312272867996 ] } },
{ "type": "Feature", "properties": { "bounding_box": "POLYGON ((634215.0951989053 3347243.4081640732, 634216.7524606655 3347243.4081640732, 634216.7524606655 3347241.6404380593, 634215.0951989053 3347241.6404380593, 634215.0951989053 3347243.4081640732))", "target_id": "e0afce5f-0598-42e8-82e4-311bd25bcd7c", "region_outline_version": "2024-12-14", "region_name": "Brewster_57" }, "geometry": { "type": "Point", "coordinates": [ -103.604974349625934, 30.24938124128569 ] } },
{ "type": "Feature", "properties": { "bounding_box": "POLYGON ((634381.373795504 3347243.4081640732, 634382.6443628534 3347243.4081640732, 634382.6443628534 3347242.0823695627, 634381.373795504 3347242.0823695627, 634381.373795504 3347243.4081640732))", "target_id": "a3051007-3017-4339-a3ae-bae32c06988b", "region_outline_version": "2024-12-14", "region_name": "Brewster_57" }, "geometry": { "type": "Point", "coordinates": [ -103.603248343048747, 30.249364785697797 ] } },
{ "type": "Feature", "properties": { "bounding_box": "POLYGON ((634855.7373533086 3347243.1319568837, 634862.4768844664 3347243.1319568837, 634862.4768844664 3347237.9392617177, 634855.7373533086 3347237.9392617177, 634855.7373533086 3347243.1319568837))", "target_id": "3d329c4d-7762-43d2-870f-2d2f9cebe9a7", "region_outline_version": "2024-12-14", "region_name": "Brewster_57" }, "geometry": { "type": "Point", "coordinates": [ -103.598291278154193, 30.249291077657411 ] } },
{ "type": "Feature", "properties": { "bounding_box": "POLYGON ((634249.6767276332 3347242.800508256, 634251.7759258627 3347242.800508256, 634251.7759258627 3347240.9222993664, 634249.6767276332 3347240.9222993664, 634249.6767276332 3347242.800508256))", "target_id": "439b8973-458a-4e74-a4cc-45473938f4f6", "region_outline_version": "2024-12-14", "region_name": "Brewster_57" }, "geometry": { "type": "Point", "coordinates": [ -103.604612829808843, 30.249371414668449 ] } },
{ "type": "Feature", "properties": { "bounding_box": "POLYGON ((634222.6081188846 3347242.4690596284, 634223.9339282927 3347242.4690596284, 634223.9339282927 3347240.8118164903, 634222.6081188846 3347240.8118164903, 634222.6081188846 3347242.4690596284))", "target_id": "49e48aa8-cea7-4ca5-bc98-7d288af0640a", "region_outline_version": "2024-12-14", "region_name": "Brewster_57" }, "geometry": { "type": "Point", "coordinates": [ -103.604897813085984, 30.249372484553497 ] } },
{ "type": "Feature", "properties": { "bounding_box": "POLYGON ((634804.1965125689 3347242.0823695627, 634805.1356275663 3347242.0823695627, 634805.1356275663 3347241.0880236803, 634804.1965125689 3347241.0880236803, 634804.1965125689 3347242.0823695627))", "target_id": "70111dfe-7d07-4a8c-8d9f-0dda9526f0eb", "region_outline_version": "2024-12-14", "region_name": "Brewster_57" }, "geometry": { "type": "Point", "coordinates": [ -103.598856791991707, 30.249307504782916 ] } },
{ "type": "Feature", "properties": { "bounding_box": "POLYGON ((634733.4314354118 3347240.4803678626, 634736.5249906974 3347240.4803678626, 634736.5249906974 3347237.7182959663, 634733.4314354118 3347237.7182959663, 634733.4314354118 3347240.4803678626))", "target_id": "b716cf13-9b14-4e57-8d65-017989b331ab", "region_outline_version": "2024-12-14", "region_name": "Brewster_57" }, "geometry": { "type": "Point", "coordinates": [ -103.599581274782963, 30.249292513612993 ] } },
{ "type": "Feature", "properties": { "bounding_box": "POLYGON ((634661.948211492 3347240.204160673, 634664.8760406016 3347240.204160673, 634664.8760406016 3347237.5525716525, 634661.948211492 3347237.5525716525, 634661.948211492 3347240.204160673))", "target_id": "000187b2-d970-4e90-9f95-6b50cf42667c", "region_outline_version": "2024-12-14", "region_name": "Brewster_57" }, "geometry": { "type": "Point", "coordinates": [ -103.60032404475875, 30.249299718761286 ] } },
{ "type": "Feature", "properties": { "bounding_box": "POLYGON ((634710.0088025355 3347239.8727120454, 634713.1023578211 3347239.8727120454, 634713.1023578211 3347237.000157273, 634710.0088025355 3347237.000157273, 634710.0088025355 3347239.8727120454))", "target_id": "74b74761-da6b-45a0-bd72-9af976e5115e", "region_outline_version": "2024-12-14", "region_name": "Brewster_57" }, "geometry": { "type": "Point", "coordinates": [ -103.599823944849234, 30.249288843749412 ] } },
{ "type": "Feature", "properties": { "bounding_box": "POLYGON ((634201.6161365898 3347239.1545733525, 634202.5000095285 3347239.1545733525, 634202.5000095285 3347238.3259517835, 634201.6161365898 3347238.3259517835, 634201.6161365898 3347239.1545733525))", "target_id": "3ac4a816-8142-43b4-aad3-6e20c91a99d5", "region_outline_version": "2024-12-14", "region_name": "Brewster_57" }, "geometry": { "type": "Point", "coordinates": [ -103.605118900154039, 30.249348583200028 ] } },
{ "type": "Feature", "properties": { "bounding_box": "POLYGON ((634812.3723372521 3347239.0440904764, 634813.3114522495 3347239.0440904764, 634813.3114522495 3347238.049744594, 634812.3723372521 3347238.049744594, 634812.3723372521 3347239.0440904764))", "target_id": "0f6c1293-56cf-4b86-a405-5d6a233b7e0e", "region_outline_version": "2024-12-14", "region_name": "Brewster_57" }, "geometry": { "type": "Point", "coordinates": [ -103.598772089138379, 30.249279188495922 ] } },
{ "type": "Feature", "properties": { "bounding_box": "POLYGON ((634204.5439656993 3347238.657400411, 634206.3669536354 3347238.657400411, 634206.3669536354 3347237.055398711, 634204.5439656993 3347237.055398711, 634204.5439656993 3347238.657400411))", "target_id": "138f2ff9-1764-4cba-bc4d-107487dd5d1b", "region_outline_version": "2024-12-14", "region_name": "Brewster_57" }, "geometry": { "type": "Point", "coordinates": [ -103.605083852506596, 30.249340589316244 ] } },
{ "type": "Feature", "properties": { "bounding_box": "POLYGON ((634685.2603602511 3347238.5469175354, 634686.6966537765 3347238.5469175354, 634686.6966537765 3347237.000157273, 634685.2603602511 3347237.000157273, 634685.2603602511 3347238.5469175354))", "target_id": "e3550ba0-7690-4ec8-bbff-8a42dae70339", "region_outline_version": "2024-12-14", "region_name": "Brewster_57" }, "geometry": { "type": "Point", "coordinates": [ -103.600090218472346, 30.24928603070806 ] } },
{ "type": "Feature", "properties": { "bounding_box": "POLYGON ((634657.8602991505 3347238.1602274696, 634660.3461917907 3347238.1602274696, 634660.3461917907 3347235.342914135, 634657.8602991505 3347235.342914135, 634657.8602991505 3347238.1602274696))", "target_id": "4cfe9f96-37e0-4037-8de2-2ecca9b9638b", "region_outline_version": "2024-12-14", "region_name": "Brewster_57" }, "geometry": { "type": "Point", "coordinates": [ -103.6003693362929, 30.249280025686055 ] } },
{ "type": "Feature", "properties": { "bounding_box": "POLYGON ((634630.2392698152 3347238.1049860315, 634632.8908886313 3347238.1049860315, 634632.8908886313 3347235.7296042005, 634630.2392698152 3347235.7296042005, 634630.2392698152 3347238.1049860315))", "target_id": "956b1d9a-747f-436d-bc9f-b38b9207e824", "region_outline_version": "2024-12-14", "region_name": "Brewster_57" }, "geometry": { "type": "Point", "coordinates": [ -103.600655892880312, 30.249284196927963 ] } },
{ "type": "Feature", "properties": { "bounding_box": "POLYGON ((634198.6330654215 3347238.049744594, 634199.6826645363 3347238.049744594, 634199.6826645363 3347237.110640149, 634198.6330654215 3347237.110640149, 634198.6330654215 3347238.049744594))", "target_id": "bc62a014-e612-4dde-8d8e-1cf4fd958826", "region_outline_version": "2024-12-14", "region_name": "Brewster_57" }, "geometry": { "type": "Point", "coordinates": [ -103.605149162291283, 30.24933863674978 ] } },
{ "type": "Feature", "properties": { "bounding_box": "POLYGON ((634836.4026327739 3347237.773537404, 634842.9764377556 3347237.773537404, 634842.9764377556 3347234.9562240695, 634836.4026327739 3347234.9562240695, 634836.4026327739 3347237.773537404))", "target_id": "ad97c15d-3a40-47a3-b947-8acb1d2af96f", "region_outline_version": "2024-12-14", "region_name": "Brewster_57" }, "geometry": { "type": "Point", "coordinates": [ -103.59849529115904, 30.249257067557682 ] } },
{ "type": "Feature", "properties": { "bounding_box": "POLYGON ((634444.4049844472 3347236.7239500834, 634445.5098256206 3347236.7239500834, 634445.5098256206 3347235.674362763, 634444.4049844472 3347235.674362763, 634444.4049844472 3347236.7239500834))", "target_id": "1425d9dc-cf27-451b-af2b-035c50c5deb4", "region_outline_version": "2024-12-14", "region_name": "Brewster_57" }, "geometry": { "type": "Point", "coordinates": [ -103.602595146328966, 30.249298436170442 ] } },
{ "type": "Feature", "properties": { "bounding_box": "POLYGON ((634353.69752411 3347236.6687086453, 634356.0729326328 3347236.6687086453, 634356.0729326328 3347234.735258318, 634353.69752411 3347234.735258318, 634353.69752411 3347236.6687086453))", "target_id": "38ee3558-3611-47c0-b71d-5e27aa5edd2e", "region_outline_version": "2024-12-14", "region_name": "Brewster_57" }, "geometry": { "type": "Point", "coordinates": [ -103.603531282561832, 30.249304594022814 ] } },
{ "type": "Feature", "properties": { "bounding_box": "POLYGON ((634638.5808206744 3347236.447742894, 634639.5199356718 3347236.447742894, 634639.5199356718 3347235.508638449, 634638.5808206744 3347235.508638449, 634638.5808206744 3347236.447742894))", "target_id": "8c972375-7845-4a68-962b-6e69dfdbd49a", "region_outline_version": "2024-12-14", "region_name": "Brewster_57" }, "geometry": { "type": "Point", "coordinates": [ -103.600578288691253, 30.249275313730514 ] } },
{ "type": "Feature", "properties": { "bounding_box": "POLYGON ((634843.1974059903 3347236.447742894, 634846.5119295106 3347236.447742894, 634846.5119295106 3347233.1884980556, 634843.1974059903 3347233.1884980556, 634843.1974059903 3347236.447742894))", "target_id": "f9ce8fc7-019f-4265-b2e9-d1e5ab3ec1e6", "region_outline_version": "2024-12-14", "region_name": "Brewster_57" }, "geometry": { "type": "Point", "coordinates": [ -103.598436622384796, 30.249240501330537 ] } },
{ "type": "Feature", "properties": { "bounding_box": "POLYGON ((634751.2746203624 3347236.1715357043, 634753.2080924159 3347236.1715357043, 634753.2080924159 3347234.569534004, 634751.2746203624 3347234.569534004, 634751.2746203624 3347236.1715357043))", "target_id": "d20dd134-8d8f-4aa2-823f-19d36f92374a", "region_outline_version": "2024-12-14", "region_name": "Brewster_57" }, "geometry": { "type": "Point", "coordinates": [ -103.599402410465132, 30.249257344638298 ] } },
{ "type": "Feature", "properties": { "bounding_box": "POLYGON ((634517.545470127 3347235.7296042005, 634519.5341842392 3347235.7296042005, 634519.5341842392 3347234.0723610627, 634517.545470127 3347234.0723610627, 634517.545470127 3347235.7296042005))", "target_id": "a30e3518-ae97-4c10-9494-becf1fcb6740", "region_outline_version": "2024-12-14", "region_name": "Brewster_57" }, "geometry": { "type": "Point", "coordinates": [ -103.601831334107573, 30.249279618433878 ] } },
{ "type": "Feature", "properties": { "bounding_box": "POLYGON ((634184.9330348712 3347235.287672697, 634185.8721498686 3347235.287672697, 634185.8721498686 3347234.4038096904, 634184.9330348712 3347234.4038096904, 634184.9330348712 3347235.287672697))", "target_id": "7538ff10-fc45-42a7-ae6f-9fac005bfcbc", "region_outline_version": "2024-12-14", "region_name": "Brewster_57" }, "geometry": { "type": "Point", "coordinates": [ -103.605292458739839, 30.249315329750932 ] } },
{ "type": "Feature", "properties": { "bounding_box": "POLYGON ((634833.4748036644 3347234.624775442, 634834.6901289551 3347234.624775442, 634834.6901289551 3347233.133256618, 634833.4748036644 3347233.133256618, 634833.4748036644 3347234.624775442))", "target_id": "aaaccefe-a354-4daa-89b5-10ea7c467d95", "region_outline_version": "2024-12-14", "region_name": "Brewster_57" }, "geometry": { "type": "Point", "coordinates": [ -103.598551900200604, 30.249234561264554 ] } },
{ "type": "Feature", "properties": { "bounding_box": "POLYGON ((634361.4866543825 3347234.4038096904, 634363.0334320253 3347234.4038096904, 634363.0334320253 3347232.967532304, 634361.4866543825 3347232.967532304, 634361.4866543825 3347234.4038096904))", "target_id": "88029de5-5192-47ad-8cf3-887bd3f980e2", "region_outline_version": "2024-12-14", "region_name": "Brewster_57" }, "geometry": { "type": "Point", "coordinates": [ -103.603454890225137, 30.249285168404199 ] } },
{ "type": "Feature", "properties": { "bounding_box": "POLYGON ((634829.9945539681 3347234.1276025004, 634831.7070577869 3347234.1276025004, 634831.7070577869 3347232.746566552, 634829.9945539681 3347232.746566552, 634829.9945539681 3347234.1276025004))", "target_id": "9740e1fd-0341-4edc-816c-48a0048c9e26", "region_outline_version": "2024-12-14", "region_name": "Brewster_57" }, "geometry": { "type": "Point", "coordinates": [ -103.598585075085154, 30.249231165724272 ] } },
{ "type": "Feature", "properties": { "bounding_box": "POLYGON ((634521.0809618819 3347234.0723610627, 634521.909592762 3347234.0723610627, 634521.909592762 3347233.2437394937, 634521.0809618819 3347233.2437394937, 634521.0809618819 3347234.0723610627))", "target_id": "bedc5298-0038-4cdf-ba85-fb1d359899b2", "region_outline_version": "2024-12-14", "region_name": "Brewster_57" }, "geometry": { "type": "Point", "coordinates": [ -103.601800182278367, 30.249267341018772 ] } },
{ "type": "Feature", "properties": { "bounding_box": "POLYGON ((634682.7192255522 3347233.851395311, 634684.597455547 3347233.851395311, 634684.597455547 3347231.973186421, 634682.7192255522 3347231.973186421, 634682.7192255522 3347233.851395311))", "target_id": "41982d3e-4f76-4ec4-a75f-1700e189294f", "region_outline_version": "2024-12-14", "region_name": "Brewster_57" }, "geometry": { "type": "Point", "coordinates": [ -103.600116299233093, 30.249242280942315 ] } },
{ "type": "Feature", "properties": { "bounding_box": "POLYGON ((634823.5864751623 3347233.2437394937, 634824.8018004531 3347233.2437394937, 634824.8018004531 3347231.973186421, 634823.5864751623 3347231.973186421, 634823.5864751623 3347233.2437394937))", "target_id": "86723ae3-1ce2-45ff-a1fb-6fa2b9b9b34b", "region_outline_version": "2024-12-14", "region_name": "Brewster_57" }, "geometry": { "type": "Point", "coordinates": [ -103.598654640190105, 30.249224060535784 ] } },
{ "type": "Feature", "properties": { "bounding_box": "POLYGON ((634659.0203823826 3347232.857049428, 634661.0090964946 3347232.857049428, 634661.0090964946 3347230.7578747864, 634659.0203823826 3347230.7578747864, 634659.0203823826 3347232.857049428))", "target_id": "6436a152-4aff-4687-bc91-158a9a55678e", "region_outline_version": "2024-12-14", "region_name": "Brewster_57" }, "geometry": { "type": "Point", "coordinates": [ -103.600360579470944, 30.249235143080774 ] } },
{ "type": "Feature", "properties": { "bounding_box": "POLYGON ((634644.0497844828 3347232.028427859, 634645.5965621255 3347232.028427859, 634645.5965621255 3347230.7026333488, 634644.0497844828 3347230.7026333488, 634644.0497844828 3347232.028427859))", "target_id": "08d1c244-5b36-48c6-ac36-5276d088ea57", "region_outline_version": "2024-12-14", "region_name": "Brewster_57" }, "geometry": { "type": "Point", "coordinates": [ -103.600519703924832, 30.249233335810047 ] } },
{ "type": "Feature", "properties": { "bounding_box": "POLYGON ((634378.5564505118 3347231.4207720417, 634380.8766169759 3347231.4207720417, 634380.8766169759 3347228.934907335, 634378.5564505118 3347228.934907335, 634378.5564505118 3347231.4207720417))", "target_id": "7309b63c-41ad-4f82-993f-dc1eeaa7b809", "region_outline_version": "2024-12-14", "region_name": "Brewster_57" }, "geometry": { "type": "Point", "coordinates": [ -103.603273655242347, 30.249251722240299 ] } },
{ "type": "Feature", "properties": { "bounding_box": "POLYGON ((634250.2843902785 3347231.310289166, 634251.4997155693 3347231.310289166, 634251.4997155693 3347230.150218969, 634250.2843902785 3347230.150218969, 634250.2843902785 3347231.310289166))", "target_id": "56c19c6b-2a78-4156-97aa-b811c9bf3e07", "region_outline_version": "2024-12-14", "region_name": "Brewster_57" }, "geometry": { "type": "Point", "coordinates": [ -103.604612188697246, 30.249270826349342 ] } },
{ "type": "Feature", "properties": { "bounding_box": "POLYGON ((634830.4917324961 3347230.536909035, 634832.535688667 3347230.536909035, 634832.535688667 3347228.713941583, 634830.4917324961 3347228.713941583, 634830.4917324961 3347230.536909035))", "target_id": "d0e176ba-5e4f-484c-8325-b8e299f2d455", "region_outline_version": "2024-12-14", "region_name": "Brewster_57" }, "geometry": { "type": "Point", "coordinates": [ -103.598579318028641, 30.249196506561592 ] } },
{ "type": "Feature", "properties": { "bounding_box": "POLYGON ((634173.5531707851 3347230.315943283, 634176.8676943053 3347230.315943283, 634176.8676943053 3347225.7309039347, 634173.5531707851 3347225.7309039347, 634173.5531707851 3347230.315943283))", "target_id": "af840e16-2907-4109-b134-86a9c10a7612", "region_outline_version": "2024-12-14", "region_name": "Brewster_57" }, "geometry": { "type": "Point", "coordinates": [ -103.605398170819541, 30.249252187256229 ] } },
{ "type": "Feature", "properties": { "bounding_box": "POLYGON ((634854.6325121352 3347229.763528904, 634861.8692218211 3347229.763528904, 634861.8692218211 3347223.079314914, 634854.6325121352 3347223.079314914, 634854.6325121352 3347229.763528904))", "target_id": "8c737b2a-243c-4cb9-bfa5-6dbe84c3f0bc", "region_outline_version": "2024-12-14", "region_name": "Brewster_57" }, "geometry": { "type": "Point", "coordinates": [ -103.598299116476795, 30.249165095586616 ] } },
{ "type": "Feature", "properties": { "bounding_box": "POLYGON ((634308.5095201174 3347229.59780459, 634310.9401706989 3347229.59780459, 634310.9401706989 3347227.001457007, 634308.5095201174 3347227.001457007, 634308.5095201174 3347229.59780459))", "target_id": "0b493807-33b6-4e11-9986-b1df84c48bdb", "region_outline_version": "2024-12-14", "region_name": "Brewster_57" }, "geometry": { "type": "Point", "coordinates": [ -103.604001271884314, 30.249242092364817 ] } },
{ "type": "Feature", "properties": { "bounding_box": "POLYGON ((634353.6422820513 3347229.4320802763, 634356.9568055716 3347229.4320802763, 634356.9568055716 3347226.228076876, 634353.6422820513 3347226.228076876, 634353.6422820513 3347229.4320802763))", "target_id": "cfe425f5-07cd-4f7f-936a-307c91fc91a9", "region_outline_version": "2024-12-14", "region_name": "Brewster_57" }, "geometry": { "type": "Point", "coordinates": [ -103.603527248064836, 30.249232381043676 ] } },
{ "type": "Feature", "properties": { "bounding_box": "POLYGON ((634299.0631280848 3347228.8796658968, 634300.3336954342 3347228.8796658968, 634300.3336954342 3347227.830078576, 634299.0631280848 3347227.830078576, 634299.0631280848 3347228.8796658968))", "target_id": "c3af99b2-7fe0-4815-84f3-0dd5a87c132f", "region_outline_version": "2024-12-14", "region_name": "Brewster_57" }, "geometry": { "type": "Point", "coordinates": [ -103.604105674831487, 30.249243893457972 ] } },
{ "type": "Feature", "properties": { "bounding_box": "POLYGON ((634547.8181182785 3347227.388147073, 634549.6411062147 3347227.388147073, 634549.6411062147 3347225.6756624966, 634547.8181182785 3347225.6756624966, 634547.8181182785 3347227.388147073))", "target_id": "c6609c5f-2291-4d15-8abd-1b56c4e126d0", "region_outline_version": "2024-12-14", "region_name": "Brewster_57" }, "geometry": { "type": "Point", "coordinates": [ -103.601518271354891, 30.249200014929002 ] } },
{ "type": "Feature", "properties": { "bounding_box": "POLYGON ((634259.3993299592 3347226.5042840657, 634261.3328020127 3347226.5042840657, 634261.3328020127 3347224.570833738, 634259.3993299592 3347224.570833738, 634259.3993299592 3347226.5042840657))", "target_id": "173670db-c43a-4cdf-a646-b4c2be48e975", "region_outline_version": "2024-12-14", "region_name": "Brewster_57" }, "geometry": { "type": "Point", "coordinates": [ -103.604514491200945, 30.24922274117527 ] } },
{ "type": "Feature", "properties": { "bounding_box": "POLYGON ((634278.7340504939 3347226.2833183142, 634281.6066375448 3347226.2833183142, 634281.6066375448 3347223.5212464174, 634278.7340504939 3347223.5212464174, 634278.7340504939 3347226.2833183142))", "target_id": "d8ecc510-9526-4c6f-b664-59434760c733", "region_outline_version": "2024-12-14", "region_name": "Brewster_57" }, "geometry": { "type": "Point", "coordinates": [ -103.604308928904814, 30.249214883926104 ] } },
{ "type": "Feature", "properties": { "bounding_box": "POLYGON ((634852.9200083164 3347226.0623525623, 634853.8591233138 3347226.0623525623, 634853.8591233138 3347225.178489555, 634852.9200083164 3347225.178489555, 634852.9200083164 3347226.0623525623))", "target_id": "5d528cf9-965c-4139-8f9c-2efef7c4aaa7", "region_outline_version": "2024-12-14", "region_name": "Brewster_57" }, "geometry": { "type": "Point", "coordinates": [ -103.598352312420673, 30.249158039691597 ] } },
{ "type": "Feature", "properties": { "bounding_box": "POLYGON ((634188.9657051541 3347224.405109424, 634189.8495780929 3347224.405109424, 634189.8495780929 3347223.576487855, 634188.9657051541 3347223.576487855, 634188.9657051541 3347224.405109424))", "target_id": "5dfd4b33-9389-48ac-9f4b-f02b07060e5a", "region_outline_version": "2024-12-14", "region_name": "Brewster_57" }, "geometry": { "type": "Point", "coordinates": [ -103.605252234571239, 30.249216919565225 ] } },
{ "type": "Feature", "properties": { "bounding_box": "POLYGON ((634364.4697255507 3347224.018419359, 634366.4031976042 3347224.018419359, 634366.4031976042 3347221.8640032792, 634364.4697255507 3347221.8640032792, 634364.4697255507 3347224.018419359))", "target_id": "9687f2d2-e2dd-4a6f-a7b9-09dc15423f58", "region_outline_version": "2024-12-14", "region_name": "Brewster_57" }, "geometry": { "type": "Point", "coordinates": [ -103.603422454620443, 30.249187980262022 ] } },
{ "type": "Feature", "properties": { "bounding_box": "POLYGON ((634855.2401747806 3347222.968832038, 634856.5659841887 3347222.968832038, 634856.5659841887 3347221.366830338, 634855.2401747806 3347221.366830338, 634855.2401747806 3347222.968832038))", "target_id": "dd61a176-220d-4700-b85d-2a8976623f52", "region_outline_version": "2024-12-14", "region_name": "Brewster_57" }, "geometry": { "type": "Point", "coordinates": [ -103.59832605751609, 30.249126290669722 ] } },
{ "type": "Feature", "properties": { "bounding_box": "POLYGON ((634270.3924996346 3347221.9744861554, 634271.9392772774 3347221.9744861554, 634271.9392772774 3347220.262001579, 634270.3924996346 3347220.262001579, 634270.3924996346 3347221.9744861554))", "target_id": "a929ef0e-e3c9-44e7-a0f6-3c4665c9c642", "region_outline_version": "2024-12-14", "region_name": "Brewster_57" }, "geometry": { "type": "Point", "coordinates": [ -103.604403032816677, 30.249182004574756 ] } },
{ "type": "Feature", "properties": { "bounding_box": "POLYGON ((634579.8585123075 3347221.643037528, 634580.6871431875 3347221.643037528, 634580.6871431875 3347220.8144159587, 634579.8585123075 3347220.8144159587, 634579.8585123075 3347221.643037528))", "target_id": "a17cabd1-25cb-444d-a295-64ea84f33ca3", "region_outline_version": "2024-12-14", "region_name": "Brewster_57" }, "geometry": { "type": "Point", "coordinates": [ -103.601190996937675, 30.249148687507379 ] } },
{ "type": "Feature", "properties": { "bounding_box": "POLYGON ((634211.1730127397 3347221.5877960897, 634212.0568856784 3347221.5877960897, 634212.0568856784 3347220.593450207, 634211.1730127397 3347220.593450207, 634211.1730127397 3347221.5877960897))", "target_id": "9f997811-4c53-408d-8352-ce7fb660ac99", "region_outline_version": "2024-12-14", "region_name": "Brewster_57" }, "geometry": { "type": "Point", "coordinates": [ -103.605021800269284, 30.249188292274194 ] } },
{ "type": "Feature", "properties": { "bounding_box": "POLYGON ((634857.6708253621 3347221.477313214, 634859.2728450635 3347221.477313214, 634859.2728450635 3347219.9857943896, 634857.6708253621 3347219.9857943896, 634857.6708253621 3347221.477313214))", "target_id": "5586d9c0-cdcc-49ad-bca3-16d849101142", "region_outline_version": "2024-12-14", "region_name": "Brewster_57" }, "geometry": { "type": "Point", "coordinates": [ -103.598299965535602, 30.249113201428756 ] } },
{ "type": "Feature", "properties": { "bounding_box": "POLYGON ((634578.8641552514 3347219.820070076, 634581.5157740676 3347219.820070076, 634581.5157740676 3347217.278963931, 634578.8641552514 3347217.278963931, 634578.8641552514 3347219.820070076))", "target_id": "c5829df1-1644-49c0-991f-a2bf5013e7f0", "region_outline_version": "2024-12-14", "region_name": "Brewster_57" }, "geometry": { "type": "Point", "coordinates": [ -103.601191962404044, 30.249124048002418 ] } },
{ "type": "Feature", "properties": { "bounding_box": "POLYGON ((634806.1299846224 3347219.7648286377, 634806.9586155025 3347219.7648286377, 634806.9586155025 3347218.936207069, 634806.1299846224 3347218.936207069, 634806.1299846224 3347219.7648286377))", "target_id": "fa15d356-6cba-4eff-8ed5-d3065b659c0c", "region_outline_version": "2024-12-14", "region_name": "Brewster_57" }, "geometry": { "type": "Point", "coordinates": [ -103.598839991190616, 30.249106611298089 ] } },
{ "type": "Feature", "properties": { "bounding_box": "POLYGON ((634361.0447179131 3347219.43338001, 634363.0334320253 3347219.43338001, 634363.0334320253 3347217.886619748, 634361.0447179131 3347217.886619748, 634361.0447179131 3347219.43338001))", "target_id": "a888de6e-58f5-4eb9-93ee-2d2ff67e93ec", "region_outline_version": "2024-12-14", "region_name": "Brewster_57" }, "geometry": { "type": "Point", "coordinates": [ -103.603459128619761, 30.249149264180634 ] } },
{ "type": "Feature", "properties": { "bounding_box": "POLYGON ((634207.2508265742 3347219.3781385724, 634208.4661518648 3347219.3781385724, 634208.4661518648 3347218.2180683757, 634207.2508265742 3347218.2180683757, 634207.2508265742 3347219.3781385724))", "target_id": "af80a5dd-9d63-4484-b1c9-cd7179c1c367", "region_outline_version": "2024-12-14", "region_name": "Brewster_57" }, "geometry": { "type": "Point", "coordinates": [ -103.605061227668813, 30.249167819532765 ] } },
{ "type": "Feature", "properties": { "bounding_box": "POLYGON ((634610.3521286937 3347219.3228971343, 634611.4017278084 3347219.3228971343, 634611.4017278084 3347218.3285512514, 634610.3521286937 3347218.3285512514, 634610.3521286937 3347219.3228971343))", "target_id": "86b201ed-8733-4008-88b5-50ff74c20be8", "region_outline_version": "2024-12-14", "region_name": "Brewster_57" }, "geometry": { "type": "Point", "coordinates": [ -103.600873275502778, 30.249123692773725 ] } },
{ "type": "Feature", "properties": { "bounding_box": "POLYGON ((634176.757210188 3347216.6713081137, 634183.6072254631 3347216.6713081137, 634183.6072254631 3347202.0323270615, 634176.757210188 3347202.0323270615, 634176.757210188 3347216.6713081137))", "target_id": "ec916098-59e4-442a-9fa2-0c296027f471", "region_outline_version": "2024-12-14", "region_name": "Brewster_57" }, "geometry": { "type": "Point", "coordinates": [ -103.605350473240506, 30.249083857625649 ] } },
{ "type": "Feature", "properties": { "bounding_box": "POLYGON ((634415.0714512931 3347215.8979279827, 634417.1154074639 3347215.8979279827, 634417.1154074639 3347214.0749605307, 634415.0714512931 3347214.0749605307, 634415.0714512931 3347215.8979279827))", "target_id": "ddf93185-539a-41dc-993a-4762ebae23d3", "region_outline_version": "2024-12-14", "region_name": "Brewster_57" }, "geometry": { "type": "Point", "coordinates": [ -103.602897600268818, 30.249110777491108 ] } },
{ "type": "Feature", "properties": { "bounding_box": "POLYGON ((634202.9971880565 3347213.798753341, 634206.3669536354 3347213.798753341, 634206.3669536354 3347210.4842670653, 634202.9971880565 3347210.4842670653, 634202.9971880565 3347213.798753341))", "target_id": "cd52f151-5b7a-48ef-a9ff-c2916a784f1f", "region_outline_version": "2024-12-14", "region_name": "Brewster_57" }, "geometry": { "type": "Point", "coordinates": [ -103.605096044987818, 30.249109212501416 ] } },
{ "type": "Feature", "properties": { "bounding_box": "POLYGON ((634698.4079702146 3347213.798753341, 634700.7833787375 3347213.798753341, 634700.7833787375 3347211.6995786997, 634698.4079702146 3347211.6995786997, 634698.4079702146 3347213.798753341))", "target_id": "1751e64f-3009-4a3c-b2a8-b6857680d7e7", "region_outline_version": "2024-12-14", "region_name": "Brewster_57" }, "geometry": { "type": "Point", "coordinates": [ -103.599951088321106, 30.249058977882196 ] } },
{ "type": "Feature", "properties": { "bounding_box": "POLYGON ((634435.5662550598 3347212.5282002687, 634437.9416635827 3347212.5282002687, 634437.9416635827 3347210.0975769996, 634435.5662550598 3347210.0975769996, 634435.5662550598 3347212.5282002687))", "target_id": "f266d151-48d7-488d-bf0a-48f5e8ed5e5c", "region_outline_version": "2024-12-14", "region_name": "Brewster_57" }, "geometry": { "type": "Point", "coordinates": [ -103.602683938295655, 30.249075292292169 ] } },
{ "type": "Feature", "properties": { "bounding_box": "POLYGON ((634375.0762008155 3347211.8653030135, 634376.8991887516 3347211.8653030135, 634376.8991887516 3347209.9318526858, 634375.0762008155 3347209.9318526858, 634375.0762008155 3347211.8653030135))", "target_id": "d5be6738-390f-498a-9848-e879556ed5c7", "region_outline_version": "2024-12-14", "region_name": "Brewster_57" }, "geometry": { "type": "Point", "coordinates": [ -103.603315580412001, 30.249078780526375 ] } },
{ "type": "Feature", "properties": { "bounding_box": "POLYGON ((634446.1727303246 3347211.8653030135, 634447.0013612047 3347211.8653030135, 634447.0013612047 3347211.0366814444, 634446.1727303246 3347211.0366814444, 634446.1727303246 3347211.8653030135))", "target_id": "743e2f67-9dd6-4805-95e5-7487f444d406", "region_outline_version": "2024-12-14", "region_name": "Brewster_57" }, "geometry": { "type": "Point", "coordinates": [ -103.602581410961619, 30.24907530552538 ] } },
{ "type": "Feature", "properties": { "bounding_box": "POLYGON ((634849.1083062681 3347211.6995786997, 634850.8760521456 3347211.6995786997, 634850.8760521456 3347210.539508503, 634849.1083062681 3347210.539508503, 634849.1083062681 3347211.6995786997))", "target_id": "1fa2984e-f0e4-4057-9c7e-f437b5aeb340", "region_outline_version": "2024-12-14", "region_name": "Brewster_57" }, "geometry": { "type": "Point", "coordinates": [ -103.598389583582076, 30.249027305103986 ] } },
{ "type": "Feature", "properties": { "bounding_box": "POLYGON ((634330.1091650577 3347210.7052328167, 634331.9321529937 3347210.7052328167, 634331.9321529937 3347208.937506803, 634330.1091650577 3347208.937506803, 634330.1091650577 3347210.7052328167))", "target_id": "e110be6e-0d8f-46e5-b940-7eb4b7355f99", "region_outline_version": "2024-12-14", "region_name": "Brewster_57" }, "geometry": { "type": "Point", "coordinates": [ -103.603782066453704, 30.249073418208305 ] } },
{ "type": "Feature", "properties": { "bounding_box": "POLYGON ((634314.9728409819 3347209.213713993, 634315.9119559793 3347209.213713993, 634315.9119559793 3347208.3298509857, 634314.9728409819 3347208.3298509857, 634314.9728409819 3347209.213713993))", "target_id": "6c3ea9a1-25b5-497f-9cf8-ff53a8a9eaae", "region_outline_version": "2024-12-14", "region_name": "Brewster_57" }, "geometry": { "type": "Point", "coordinates": [ -103.603944510202282, 30.249065818850106 ] } },
{ "type": "Feature", "properties": { "bounding_box": "POLYGON ((634331.876910935 3347208.771782489, 634336.572485922 3347208.771782489, 634336.572485922 3347205.7335034027, 634331.876910935 3347205.7335034027, 634331.876910935 3347208.771782489))", "target_id": "849a300a-b7e6-4408-85a9-e5f7e47d8e4e", "region_outline_version": "2024-12-14", "region_name": "Brewster_57" }, "geometry": { "type": "Point", "coordinates": [ -103.60375103617065, 30.249050044174513 ] } },
{ "type": "Feature", "properties": { "bounding_box": "POLYGON ((634603.1154190078 3347208.4955752995, 634604.2202601812 3347208.4955752995, 634604.2202601812 3347207.445987979, 634603.1154190078 3347207.445987979, 634603.1154190078 3347208.4955752995))", "target_id": "f3e51f67-863f-41e1-9eed-bc8de7051f64", "region_outline_version": "2024-12-14", "region_name": "Brewster_57" }, "geometry": { "type": "Point", "coordinates": [ -103.600949713255162, 30.249026636656996 ] } },
{ "type": "Feature", "properties": { "bounding_box": "POLYGON ((634716.3616392827 3347208.3298509857, 634717.1902701627 3347208.3298509857, 634717.1902701627 3347207.445987979, 634716.3616392827 3347207.445987979, 634716.3616392827 3347208.3298509857))", "target_id": "f196bbb9-f520-4ef1-ae53-3ddcdb0da09a", "region_outline_version": "2024-12-14", "region_name": "Brewster_57" }, "geometry": { "type": "Point", "coordinates": [ -103.599774263791332, 30.249013176295829 ] } },
{ "type": "Feature", "properties": { "bounding_box": "POLYGON ((634343.4777432559 3347208.2746095476, 634345.6321835441 3347208.2746095476, 634345.6321835441 3347206.285917782, 634343.4777432559 3347206.285917782, 634343.4777432559 3347208.2746095476))", "target_id": "bad59d92-cf08-431a-a8d9-2152eacbeea9", "region_outline_version": "2024-12-14", "region_name": "Brewster_57" }, "geometry": { "type": "Point", "coordinates": [ -103.603642316312843, 30.24904916188585 ] } },
{ "type": "Feature", "properties": { "bounding_box": "POLYGON ((634307.404678944 3347207.611712293, 634308.2885518827 3347207.611712293, 634308.2885518827 3347206.7278492856, 634307.404678944 3347206.7278492856, 634307.404678944 3347207.611712293))", "target_id": "7ba9ff17-98e1-4e2f-87aa-64ee133fcb6a", "region_outline_version": "2024-12-14", "region_name": "Brewster_57" }, "geometry": { "type": "Point", "coordinates": [ -103.604023646560506, 30.249052055853639 ] } },
{ "type": "Feature", "properties": { "bounding_box": "POLYGON ((634849.8816950895 3347207.5564708547, 634852.2571036123 3347207.5564708547, 634852.2571036123 3347205.678261965, 634849.8816950895 3347205.678261965, 634849.8816950895 3347207.5564708547))", "target_id": "9ebc5325-f9d6-40c1-bc05-0b861ff9788b", "region_outline_version": "2024-12-14", "region_name": "Brewster_57" }, "geometry": { "type": "Point", "coordinates": [ -103.598378222617157, 30.248987264032184 ] } },
{ "type": "Feature", "properties": { "bounding_box": "POLYGON ((634712.8261475277 3347207.390746541, 634715.9197028133 3347207.390746541, 634715.9197028133 3347204.1867431407, 634712.8261475277 3347204.1867431407, 634712.8261475277 3347207.390746541))", "target_id": "e578019f-0747-4cdc-985a-1bb7b52f2397", "region_outline_version": "2024-12-14", "region_name": "Brewster_57" }, "geometry": { "type": "Point", "coordinates": [ -103.599799122163716, 30.248993645040109 ] } },
{ "type": "Feature", "properties": { "bounding_box": "POLYGON ((634313.2050951044 3347206.8935735994, 634317.458733622 3347206.8935735994, 634317.458733622 3347203.910535951, 634313.2050951044 3347203.910535951, 634313.2050951044 3347206.8935735994))", "target_id": "420ba77b-2aff-4f65-8e3c-5e8e39271d50", "region_outline_version": "2024-12-14", "region_name": "Brewster_57" }, "geometry": { "type": "Point", "coordinates": [ -103.603945070463936, 30.24903568637238 ] } },
{ "type": "Feature", "properties": { "bounding_box": "POLYGON ((634215.0399568467 3347206.7278492856, 634216.8077027241 3347206.7278492856, 634216.8077027241 3347204.849640396, 634215.0399568467 3347204.849640396, 634215.0399568467 3347206.7278492856))", "target_id": "41b9964a-5eb0-4d46-ad40-6fa32f433f29", "region_outline_version": "2024-12-14", "region_name": "Brewster_57" }, "geometry": { "type": "Point", "coordinates": [ -103.604978926907208, 30.249049562817014 ] } },
{ "type": "Feature", "properties": { "bounding_box": "POLYGON ((634371.5407090606 3347206.6726078475, 634373.7503914074 3347206.6726078475, 634373.7503914074 3347204.904881834, 634371.5407090606 3347204.904881834, 634371.5407090606 3347206.6726078475))", "target_id": "0e1d8e30-9e0b-483e-b217-dcddcbc1a546", "region_outline_version": "2024-12-14", "region_name": "Brewster_57" }, "geometry": { "type": "Point", "coordinates": [ -103.603350017627619, 30.249032385660335 ] } },
{ "type": "Feature", "properties": { "bounding_box": "POLYGON ((634258.3497308445 3347205.843986279, 634261.4985281887 3347205.843986279, 634261.4985281887 3347202.86094863, 634258.3497308445 3347202.86094863, 634258.3497308445 3347205.843986279))", "target_id": "67ae4f72-bd6e-488b-affb-9d505dbc1607", "region_outline_version": "2024-12-14", "region_name": "Brewster_57" }, "geometry": { "type": "Point", "coordinates": [ -103.604521860028058, 30.249031742160145 ] } },
{ "type": "Feature", "properties": { "bounding_box": "POLYGON ((634855.7373533086 3347205.678261965, 634860.0462338849 3347205.678261965, 634860.0462338849 3347203.965777389, 634855.7373533086 3347203.965777389, 634855.7373533086 3347205.678261965))", "target_id": "b2fcdb2c-df17-4674-a42b-7d89ed300107", "region_outline_version": "2024-12-14", "region_name": "Brewster_57" }, "geometry": { "type": "Point", "coordinates": [ -103.598307231049986, 30.248969412519898 ] } },
{ "type": "Feature", "properties": { "bounding_box": "POLYGON ((634517.214017775 3347205.2915718993, 634519.1474898285 3347205.2915718993, 634519.1474898285 3347203.192397258, 634517.214017775 3347203.192397258, 634517.214017775 3347205.2915718993))", "target_id": "76a396bc-330e-4b7f-b6b3-1c7e339012c6", "region_outline_version": "2024-12-14", "region_name": "Brewster_57" }, "geometry": { "type": "Point", "coordinates": [ -103.601839071351066, 30.2490018198488 ] } },
{ "type": "Feature", "properties": { "bounding_box": "POLYGON ((634729.6749754222 3347205.1810890236, 634731.718931593 3347205.1810890236, 634731.718931593 3347203.3581215716, 634729.6749754222 3347203.3581215716, 634729.6749754222 3347205.1810890236))", "target_id": "c06b5068-4398-4534-8433-e6f9645d54e5", "region_outline_version": "2024-12-14", "region_name": "Brewster_57" }, "geometry": { "type": "Point", "coordinates": [ -103.599630051832335, 30.248979090406227 ] } },
{ "type": "Feature", "properties": { "bounding_box": "POLYGON ((634266.967491997 3347204.9601232717, 634267.8513649359 3347204.9601232717, 634267.8513649359 3347204.1315017026, 634266.967491997 3347204.1315017026, 634266.967491997 3347204.9601232717))", "target_id": "51f98d36-b1d5-492d-9da0-bd8204bdf037", "region_outline_version": "2024-12-14", "region_name": "Brewster_57" }, "geometry": { "type": "Point", "coordinates": [ -103.604444175016468, 30.249032861302187 ] } },
{ "type": "Feature", "properties": { "bounding_box": "POLYGON ((634253.9856082095 3347204.1315017026, 634254.9799652656 3347204.1315017026, 634254.9799652656 3347203.081914382, 634253.9856082095 3347203.081914382, 634253.9856082095 3347204.1315017026))", "target_id": "61f3a1bf-fc67-477d-8f4b-b9d4095d9184", "region_outline_version": "2024-12-14", "region_name": "Brewster_57" }, "geometry": { "type": "Point", "coordinates": [ -103.604578604577526, 30.249025973446781 ] } },
{ "type": "Feature", "properties": { "bounding_box": "POLYGON ((634371.2644987672 3347203.5238458854, 634372.5350661166 3347203.5238458854, 634372.5350661166 3347202.3637756887, 634371.2644987672 3347202.3637756887, 634371.2644987672 3347203.5238458854))", "target_id": "5cbff836-0b83-4f6e-9b00-77ac6ac3cd91", "region_outline_version": "2024-12-14", "region_name": "Brewster_57" }, "geometry": { "type": "Point", "coordinates": [ -103.60335854478663, 30.249006714212335 ] } },
{ "type": "Feature", "properties": { "bounding_box": "POLYGON ((634373.142728762 3347203.5238458854, 634375.2971690502 3347203.5238458854, 634375.2971690502 3347201.3694298062, 634373.142728762 3347201.3694298062, 634373.142728762 3347203.5238458854))", "target_id": "ce1abc8a-ba9f-4d51-b2c6-c7e0bbc7f602", "region_outline_version": "2024-12-14", "region_name": "Brewster_57" }, "geometry": { "type": "Point", "coordinates": [ -103.603334850184353, 30.249001665767505 ] } },
{ "type": "Feature", "properties": { "bounding_box": "POLYGON ((634260.0622346633 3347201.9218441853, 634262.1061908341 3347201.9218441853, 634262.1061908341 3347199.877910982, 634260.0622346633 3347199.877910982, 634260.0622346633 3347201.9218441853))", "target_id": "ee4f91aa-1acb-481c-ac9f-a8eec5a886b1", "region_outline_version": "2024-12-14", "region_name": "Brewster_57" }, "geometry": { "type": "Point", "coordinates": [ -103.604511240878807, 30.248999858778053 ] } },
{ "type": "Feature", "properties": { "bounding_box": "POLYGON ((634250.8368108652 3347201.314188368, 634251.7759258627 3347201.314188368, 634251.7759258627 3347200.3750839233, 634250.8368108652 3347200.3750839233, 634250.8368108652 3347201.314188368))", "target_id": "d4629771-0acf-43c3-bd5f-260bcbda3330", "region_outline_version": "2024-12-14", "region_name": "Brewster_57" }, "geometry": { "type": "Point", "coordinates": [ -103.604611987416973, 30.249001216150397 ] } },
{ "type": "Feature", "properties": { "bounding_box": "POLYGON ((634247.0803508756 3347199.4912209166, 634248.4614023424 3347199.4912209166, 634248.4614023424 3347196.8948733336, 634247.0803508756 3347196.8948733336, 634247.0803508756 3347199.4912209166))", "target_id": "ca2e3ddb-e80a-47f2-b8bd-1c3323d0c00e", "region_outline_version": "2024-12-14", "region_name": "Brewster_57" }, "geometry": { "type": "Point", "coordinates": [ -103.604649592222586, 30.248978334341206 ] } },
{ "type": "Feature", "properties": { "bounding_box": "POLYGON ((634395.9024569343 3347199.104530851, 634397.2835084011 3347199.104530851, 634397.2835084011 3347197.557770589, 634395.9024569343 3347197.557770589, 634395.9024569343 3347199.104530851))", "target_id": "269ac2e6-ab8f-40e3-b42f-d5029ef3d6ff", "region_outline_version": "2024-12-14", "region_name": "Brewster_57" }, "geometry": { "type": "Point", "coordinates": [ -103.603102539087473, 30.248962251338646 ] } },
{ "type": "Feature", "properties": { "bounding_box": "POLYGON ((634283.7058357743 3347198.3863921575, 634286.0260022385 3347198.3863921575, 634286.0260022385 3347197.2263219613, 634283.7058357743 3347197.2263219613, 634283.7058357743 3347198.3863921575))", "target_id": "c42020b7-5859-4ba2-bed0-9883d0ba4443", "region_outline_version": "2024-12-14", "region_name": "Brewster_57" }, "geometry": { "type": "Point", "coordinates": [ -103.604263520575572, 30.248970161826602 ] } },
{ "type": "Feature", "properties": { "bounding_box": "POLYGON ((634358.1721308623 3347197.8339777784, 634359.1664879184 3347197.8339777784, 634359.1664879184 3347196.9501147713, 634358.1721308623 3347196.9501147713, 634358.1721308623 3347197.8339777784))", "target_id": "e40a748d-392d-49b5-a92e-a02290da054b", "region_outline_version": "2024-12-14", "region_name": "Brewster_57" }, "geometry": { "type": "Point", "coordinates": [ -103.603496782006701, 30.248958215522325 ] } },
{ "type": "Feature", "properties": { "bounding_box": "POLYGON ((634307.7913733547 3347197.502529151, 634308.6752462934 3347197.502529151, 634308.6752462934 3347196.6739075817, 634307.7913733547 3347196.6739075817, 634307.7913733547 3347197.502529151))", "target_id": "91b0f40a-51c0-444b-b718-af6ad9c47597", "region_outline_version": "2024-12-14", "region_name": "Brewster_57" }, "geometry": { "type": "Point", "coordinates": [ -103.604020914377855, 30.248961061405215 ] } },
{ "type": "Feature", "properties": { "bounding_box": "POLYGON ((634600.077105781 3347196.397700392, 634603.2811451838 3347196.397700392, 634603.2811451838 3347193.193696992, 634600.077105781 3347193.193696992, 634600.077105781 3347196.397700392))", "target_id": "c0f02b12-4983-4433-93c9-7462d499391b", "region_outline_version": "2024-12-14", "region_name": "Brewster_57" }, "geometry": { "type": "Point", "coordinates": [ -103.600971601578564, 30.248907706694155 ] } },
{ "type": "Feature", "properties": { "bounding_box": "POLYGON ((634660.3461917907 3347195.348113071, 634661.3405488466 3347195.348113071, 634661.3405488466 3347194.4642500645, 634660.3461917907 3347194.4642500645, 634660.3461917907 3347195.348113071))", "target_id": "5c983f0b-b513-47bf-ad43-39a979d6a19c", "region_outline_version": "2024-12-14", "region_name": "Brewster_57" }, "geometry": { "type": "Point", "coordinates": [ -103.600357242009608, 30.248902171386629 ] } },
{ "type": "Feature", "properties": { "bounding_box": "POLYGON ((634180.4031860603 3347194.961423006, 634182.115689879 3347194.961423006, 634182.115689879 3347193.193696992, 634180.4031860603 3347193.193696992, 634180.4031860603 3347194.961423006))", "target_id": "fdb60cad-d3e8-48c7-9796-f2fd52b673fb", "region_outline_version": "2024-12-14", "region_name": "Brewster_57" }, "geometry": { "type": "Point", "coordinates": [ -103.605340869348794, 30.248947895662823 ] } },
{ "type": "Feature", "properties": { "bounding_box": "POLYGON ((634690.5635978834 3347194.85094013, 634691.7789231741 3347194.85094013, 634691.7789231741 3347193.967077123, 634690.5635978834 3347193.967077123, 634690.5635978834 3347194.85094013))", "target_id": "7f46885d-9e0f-4264-9edf-df51e3e582be", "region_outline_version": "2024-12-14", "region_name": "Brewster_57" }, "geometry": { "type": "Point", "coordinates": [ -103.600042039432424, 30.248894389245372 ] } },
{ "type": "Feature", "properties": { "bounding_box": "POLYGON ((634830.7679427895 3347194.740457254, 634832.3147204323 3347194.740457254, 634832.3147204323 3347192.9174898025, 634830.7679427895 3347192.9174898025, 634830.7679427895 3347194.740457254))", "target_id": "fd9c47bc-b6f9-46f6-ad0a-2ad6e6137507", "region_outline_version": "2024-12-14", "region_name": "Brewster_57" }, "geometry": { "type": "Point", "coordinates": [ -103.598583033111026, 30.24887355049577 ] } },
{ "type": "Feature", "properties": { "bounding_box": "POLYGON ((634541.9072180007 3347194.4090086264, 634543.8406900542 3347194.4090086264, 634543.8406900542 3347193.027972678, 634541.9072180007 3347193.027972678, 634541.9072180007 3347194.4090086264))", "target_id": "6d7b2c14-fd8d-4998-9562-b8597a3ee09f", "region_outline_version": "2024-12-14", "region_name": "Brewster_57" }, "geometry": { "type": "Point", "coordinates": [ -103.601582367148808, 30.248904565403905 ] } },
{ "type": "Feature", "properties": { "bounding_box": "POLYGON ((634317.1825233287 3347194.2985257506, 634318.0111542088 3347194.2985257506, 634318.0111542088 3347193.4699041815, 634317.1825233287 3347193.4699041815, 634317.1825233287 3347194.2985257506))", "target_id": "e5a69132-511a-44ea-ba85-b1256a0cefbc", "region_outline_version": "2024-12-14", "region_name": "Brewster_57" }, "geometry": { "type": "Point", "coordinates": [ -103.603924024249324, 30.248931119176088 ] } },
{ "type": "Feature", "properties": { "bounding_box": "POLYGON ((634426.1198630271 3347194.132801437, 634429.1029341953 3347194.132801437, 634429.1029341953 3347190.4868665333, 634426.1198630271 3347190.4868665333, 634426.1198630271 3347194.132801437))", "target_id": "b0eb6d8c-3627-42e2-8505-b08f1e6a659f", "region_outline_version": "2024-12-14", "region_name": "Brewster_57" }, "geometry": { "type": "Point", "coordinates": [ -103.602780078875355, 30.248904718902626 ] } },
{ "type": "Feature", "properties": { "bounding_box": "POLYGON ((634653.8828709262 3347193.967077123, 634656.2030373903 3347193.967077123, 634656.2030373903 3347191.812661044, 634653.8828709262 3347191.812661044, 634653.8828709262 3347193.967077123))", "target_id": "3f57d33f-56db-46c4-be36-e76578c22515", "region_outline_version": "2024-12-14", "region_name": "Brewster_57" }, "geometry": { "type": "Point", "coordinates": [ -103.600417821965422, 30.248884700417296 ] } },
{ "type": "Feature", "properties": { "bounding_box": "POLYGON ((634806.350952857 3347193.8565942473, 634808.7816034385 3347193.8565942473, 634808.7816034385 3347191.591695292, 634806.350952857 3347191.591695292, 634806.350952857 3347193.8565942473))", "target_id": "cf060938-4ef2-4d0e-b313-24b136bbc5e7", "region_outline_version": "2024-12-14", "region_name": "Brewster_57" }, "geometry": { "type": "Point", "coordinates": [ -103.59883229079017, 30.248866722114791 ] } },
{ "type": "Feature", "properties": { "bounding_box": "POLYGON ((634435.1243185905 3347193.5803870577, 634437.1682747613 3347193.5803870577, 634437.1682747613 3347191.64693673, 634435.1243185905 3347191.64693673, 634435.1243185905 3347193.5803870577))", "target_id": "6df7e22c-bbb8-4bd0-a133-90c798a735c5", "region_outline_version": "2024-12-14", "region_name": "Brewster_57" }, "geometry": { "type": "Point", "coordinates": [ -103.602692574936896, 30.248906775795518 ] } },
{ "type": "Feature", "properties": { "bounding_box": "POLYGON ((634801.8211040461 3347193.5251456196, 634803.5888499236 3347193.5251456196, 634803.5888499236 3347191.2602466643, 634801.8211040461 3347191.2602466643, 634801.8211040461 3347193.5251456196))", "target_id": "ba5c9743-fe70-4c7c-bad3-5902be18f6e2", "region_outline_version": "2024-12-14", "region_name": "Brewster_57" }, "geometry": { "type": "Point", "coordinates": [ -103.598882397982038, 30.248863148029773 ] } },
{ "type": "Feature", "properties": { "bounding_box": "POLYGON ((634504.7293125155 3347193.027972678, 634505.5579433955 3347193.027972678, 634505.5579433955 3347192.199351109, 634504.7293125155 3347192.199351109, 634504.7293125155 3347193.027972678))", "target_id": "7592a018-6322-4291-9c33-9557caaa528f", "region_outline_version": "2024-12-14", "region_name": "Brewster_57" }, "geometry": { "type": "Point", "coordinates": [ -103.601975340480223, 30.2488988698653 ] } },
{ "type": "Feature", "properties": { "bounding_box": "POLYGON ((634719.1237422162 3347192.6965240506, 634721.3334245629 3347192.6965240506, 634721.3334245629 3347190.1554179057, 634719.1237422162 3347190.1554179057, 634719.1237422162 3347192.6965240506))", "target_id": "adcdc175-c018-4663-8cdf-fe1849c446d3", "region_outline_version": "2024-12-14", "region_name": "Brewster_57" }, "geometry": { "type": "Point", "coordinates": [ -103.599740381238135, 30.248864398784733 ] } },
{ "type": "Feature", "properties": { "bounding_box": "POLYGON ((634746.0266247888 3347192.6412826125, 634746.9657397862 3347192.6412826125, 634746.9657397862 3347191.7021781676, 634746.0266247888 3347191.7021781676, 634746.0266247888 3347192.6412826125))", "target_id": "bc54a6ca-e1aa-4707-a236-77c07ae73196", "region_outline_version": "2024-12-14", "region_name": "Brewster_57" }, "geometry": { "type": "Point", "coordinates": [ -103.599467537315434, 30.248868011534789 ] } },
{ "type": "Feature", "properties": { "bounding_box": "POLYGON ((634214.3770521426 3347192.586041175, 634216.4210083134 3347192.586041175, 634216.4210083134 3347190.2106593437, 634214.3770521426 3347190.2106593437, 634214.3770521426 3347192.586041175))", "target_id": "09ba487d-f72e-45e8-b6a7-805f5e194087", "region_outline_version": "2024-12-14", "region_name": "Brewster_57" }, "geometry": { "type": "Point", "coordinates": [ -103.604986326967733, 30.248919610908679 ] } },
{ "type": "Feature", "properties": { "bounding_box": "POLYGON ((634409.6577295433 3347192.5307997367, 634411.0940230688 3347192.5307997367, 634411.0940230688 3347191.1497637886, 634409.6577295433 3347191.1497637886, 634409.6577295433 3347192.5307997367))", "target_id": "69d8b38d-f38d-49cf-ba83-2b2f8587b521", "region_outline_version": "2024-12-14", "region_name": "Brewster_57" }, "geometry": { "type": "Point", "coordinates": [ -103.602960208699329, 30.248901971258164 ] } },
{ "type": "Feature", "properties": { "bounding_box": "POLYGON ((634247.2460770516 3347192.3098339853, 634249.3452752811 3347192.3098339853, 634249.3452752811 3347190.652590847, 634247.2460770516 3347190.652590847, 634247.2460770516 3347192.3098339853))", "target_id": "26e9f046-b320-4a2c-a7e1-5146156ece7d", "region_outline_version": "2024-12-14", "region_name": "Brewster_57" }, "geometry": { "type": "Point", "coordinates": [ -103.604645227941432, 30.248916003090503 ] } },
{ "type": "Feature", "properties": { "bounding_box": "POLYGON ((634172.6140557877 3347191.1497637886, 634185.0987610472 3347191.1497637886, 634185.0987610472 3347174.190642343, 634172.6140557877 3347174.190642343, 634172.6140557877 3347191.1497637886))", "target_id": "452fdb5e-1b0a-44c1-a5eb-4699b181b3a9", "region_outline_version": "2024-12-14", "region_name": "Brewster_57" }, "geometry": { "type": "Point", "coordinates": [ -103.605371316896921, 30.248839686678387 ] } },
{ "type": "Feature", "properties": { "bounding_box": "POLYGON ((634291.0530295775 3347190.9840394747, 634291.9921445749 3347190.9840394747, 634291.9921445749 3347190.1001764676, 634291.0530295775 3347190.1001764676, 634291.0530295775 3347190.9840394747))", "target_id": "c491480a-608a-474a-b1d4-7c67321a57a2", "region_outline_version": "2024-12-14", "region_name": "Brewster_57" }, "geometry": { "type": "Point", "coordinates": [ -103.604195385913286, 30.248903817321033 ] } },
{ "type": "Feature", "properties": { "bounding_box": "POLYGON ((634815.4658925377 3347190.04493503, 634819.0013842926 3347190.04493503, 634819.0013842926 3347186.28851725, 634815.4658925377 3347186.28851725, 634815.4658925377 3347190.04493503))", "target_id": "32c95dae-3240-449a-b00a-0ed05cb3c853", "region_outline_version": "2024-12-14", "region_name": "Brewster_57" }, "geometry": { "type": "Point", "coordinates": [ -103.598732031305431, 30.248824410047479 ] } },
{ "type": "Feature", "properties": { "bounding_box": "POLYGON ((634459.1546141122 3347189.050589147, 634460.3699394029 3347189.050589147, 634460.3699394029 3347187.669553199, 634459.1546141122 3347187.669553199, 634459.1546141122 3347189.050589147))", "target_id": "2203728a-ea17-4369-ad95-0413e5256995", "region_outline_version": "2024-12-14", "region_name": "Brewster_57" }, "geometry": { "type": "Point", "coordinates": [ -103.602447646591912, 30.248865511415907 ] } },
{ "type": "Feature", "properties": { "bounding_box": "POLYGON ((634512.1869904359 3347188.995347709, 634514.0099783721 3347188.995347709, 634514.0099783721 3347187.0066559436, 634512.1869904359 3347187.0066559436, 634512.1869904359 3347188.995347709))", "target_id": "ac8a151a-0789-4501-8697-888783d936b7", "region_outline_version": "2024-12-14", "region_name": "Brewster_57" }, "geometry": { "type": "Point", "coordinates": [ -103.601893771825985, 30.248855885336436 ] } },
{ "type": "Feature", "properties": { "bounding_box": "POLYGON ((634311.6030754029 3347188.6638990813, 634313.2603371631 3347188.6638990813, 634313.2603371631 3347187.338104571, 634311.6030754029 3347187.338104571, 634311.6030754029 3347188.6638990813))", "target_id": "a827ae61-d4a0-4db3-a46d-dc15efccc3f2", "region_outline_version": "2024-12-14", "region_name": "Brewster_57" }, "geometry": { "type": "Point", "coordinates": [ -103.603978135278368, 30.24887845447396 ] } },
{ "type": "Feature", "properties": { "bounding_box": "POLYGON ((634522.4620133487 3347188.111484702, 634524.6164536369 3347188.111484702, 634524.6164536369 3347186.1227929364, 634522.4620133487 3347186.1227929364, 634522.4620133487 3347188.111484702))", "target_id": "996e64c0-028d-4807-b5fb-45ddfc34dc7f", "region_outline_version": "2024-12-14", "region_name": "Brewster_57" }, "geometry": { "type": "Point", "coordinates": [ -103.601784863408668, 30.248847394695865 ] } },
{ "type": "Feature", "properties": { "bounding_box": "POLYGON ((634608.4186566402 3347187.9457603884, 634611.0702754564 3347187.9457603884, 634611.0702754564 3347185.515137119, 634608.4186566402 3347185.515137119, 634608.4186566402 3347187.9457603884))", "target_id": "065437b7-26a3-4f4f-989f-d4b23728bbfe", "region_outline_version": "2024-12-14", "region_name": "Brewster_57" }, "geometry": { "type": "Point", "coordinates": [ -103.600888834797274, 30.248833886470365 ] } },
{ "type": "Feature", "properties": { "bounding_box": "POLYGON ((634751.2193783037 3347186.8409316298, 634752.7661559465 3347186.8409316298, 634752.7661559465 3347185.459895681, 634751.2193783037 3347185.459895681, 634751.2193783037 3347186.8409316298))", "target_id": "567031ed-e519-4607-9e34-46002276aabc", "region_outline_version": "2024-12-14", "region_name": "Brewster_57" }, "geometry": { "type": "Point", "coordinates": [ -103.599411229496297, 30.248813295110477 ] } },
{ "type": "Feature", "properties": { "bounding_box": "POLYGON ((634835.5187598352 3347185.846585747, 634836.5683589499 3347185.846585747, 634836.5683589499 3347184.852239864, 634835.5187598352 3347184.852239864, 634835.5187598352 3347185.846585747))", "target_id": "ab24a687-48d0-44c9-b9d4-f5c995bba43f", "region_outline_version": "2024-12-14", "region_name": "Brewster_57" }, "geometry": { "type": "Point", "coordinates": [ -103.598538090736852, 30.24879655004003 ] } },
{ "type": "Feature", "properties": { "bounding_box": "POLYGON ((634653.5514185741 3347184.741756988, 634654.4905335715 3347184.741756988, 634654.4905335715 3347183.8578939815, 634653.5514185741 3347183.8578939815, 634653.5514185741 3347184.741756988))", "target_id": "7f51e2c5-4dd6-40ef-9b11-fd5515509206", "region_outline_version": "2024-12-14", "region_name": "Brewster_57" }, "geometry": { "type": "Point", "coordinates": [ -103.60042947662852, 30.248807399514909 ] } },
{ "type": "Feature", "properties": { "bounding_box": "POLYGON ((634816.2945234177 3347184.3550669225, 634819.3328366446 3347184.3550669225, 634819.3328366446 3347182.7530652224, 634816.2945234177 3347182.7530652224, 634816.2945234177 3347184.3550669225))", "target_id": "325377cc-efdb-458a-a255-7773b0b0ca70", "region_outline_version": "2024-12-14", "region_name": "Brewster_57" }, "geometry": { "type": "Point", "coordinates": [ -103.59872763571687, 30.248782287098582 ] } },
{ "type": "Feature", "properties": { "bounding_box": "POLYGON ((634182.3919001723 3347184.023618295, 634184.4358563431 3347184.023618295, 634184.4358563431 3347181.3720292742, 634182.3919001723 3347181.3720292742, 634182.3919001723 3347184.023618295))", "target_id": "7ea4e709-af12-4d40-9a10-023a1896a311", "region_outline_version": "2024-12-14", "region_name": "Brewster_57" }, "geometry": { "type": "Point", "coordinates": [ -103.605317346949093, 30.2488442131223 ] } },
{ "type": "Feature", "properties": { "bounding_box": "POLYGON ((634203.4943665846 3347183.4159624777, 634205.1516283447 3347183.4159624777, 634205.1516283447 3347182.0901679676, 634203.4943665846 3347182.0901679676, 634203.4943665846 3347183.4159624777))", "target_id": "78529508-c2e4-452e-9744-e1a9f6a1bcb4", "region_outline_version": "2024-12-14", "region_name": "Brewster_57" }, "geometry": { "type": "Point", "coordinates": [ -103.605102911827899, 30.248842955893892 ] } },
{ "type": "Feature", "properties": { "bounding_box": "POLYGON ((634812.8695157802 3347182.8083066605, 634815.576376655 3347182.8083066605, 634815.576376655 3347180.930097771, 634812.8695157802 3347180.930097771, 634812.8695157802 3347182.8083066605))", "target_id": "fc351077-d6fd-46e4-8c80-c16d29a44a97", "region_outline_version": "2024-12-14", "region_name": "Brewster_57" }, "geometry": { "type": "Point", "coordinates": [ -103.598763777170106, 30.248767336834415 ] } },
{ "type": "Feature", "properties": { "bounding_box": "POLYGON ((634465.6731770353 3347182.4216165952, 634466.8885023261 3347182.4216165952, 634466.8885023261 3347181.0405806466, 634465.6731770353 3347181.0405806466, 634465.6731770353 3347182.4216165952))", "target_id": "21e01a98-de0d-4668-a22a-06030e72ea44", "region_outline_version": "2024-12-14", "region_name": "Brewster_57" }, "geometry": { "type": "Point", "coordinates": [ -103.602380769622982, 30.248805196209368 ] } },
{ "type": "Feature", "properties": { "bounding_box": "POLYGON ((634748.0705809596 3347181.9796850914, 634749.0649380157 3347181.9796850914, 634749.0649380157 3347181.0958220847, 634748.0705809596 3347181.0958220847, 634748.0705809596 3347181.9796850914))", "target_id": "14753fa9-3360-44c4-aea2-ee5f90a12b19", "region_outline_version": "2024-12-14", "region_name": "Brewster_57" }, "geometry": { "type": "Point", "coordinates": [ -103.599447273234873, 30.248771960421362 ] } },
{ "type": "Feature", "properties": { "bounding_box": "POLYGON ((634652.8332718114 3347181.703477902, 634654.2143232782 3347181.703477902, 634654.2143232782 3347180.2672005156, 634652.8332718114 3347180.2672005156, 634652.8332718114 3347181.703477902))", "target_id": "097925b0-b5db-41a3-93d4-0065a0948c76", "region_outline_version": "2024-12-14", "region_name": "Brewster_57" }, "geometry": { "type": "Point", "coordinates": [ -103.600434980026535, 30.248777337345029 ] } },
{ "type": "Feature", "properties": { "bounding_box": "POLYGON ((634809.389266084 3347181.316787836, 634810.6598334333 3347181.316787836, 634810.6598334333 3347179.8252690122, 634809.389266084 3347179.8252690122, 634809.389266084 3347181.316787836))", "target_id": "22c63f96-4aff-4be6-a9c9-e9ddb16cfcd0", "region_outline_version": "2024-12-14", "region_name": "Brewster_57" }, "geometry": { "type": "Point", "coordinates": [ -103.598808651176583, 30.248756188776866 ] } },
{ "type": "Feature", "properties": { "bounding_box": "POLYGON ((634695.9220775745 3347180.874856333, 634696.7507084545 3347180.874856333, 634696.7507084545 3347180.0462347637, 634695.9220775745 3347180.0462347637, 634695.9220775745 3347180.874856333))", "target_id": "17b0d985-68e0-4b0d-a230-08fcfa874dab", "region_outline_version": "2024-12-14", "region_name": "Brewster_57" }, "geometry": { "type": "Point", "coordinates": [ -103.599990165250759, 30.248768008891307 ] } },
{ "type": "Feature", "properties": { "bounding_box": "POLYGON ((634762.2677900379 3347180.6538905813, 634763.6488415047 3347180.6538905813, 634763.6488415047 3347179.4938203846, 634762.2677900379 3347179.4938203846, 634762.2677900379 3347180.6538905813))", "target_id": "94d24425-7605-44b1-864a-9bf3aaa187c1", "region_outline_version": "2024-12-14", "region_name": "Brewster_57" }, "geometry": { "type": "Point", "coordinates": [ -103.599298153375713, 30.248757150411674 ] } },
{ "type": "Feature", "properties": { "bounding_box": "POLYGON ((634332.9265100498 3347180.15671764, 634334.8599821032 3347180.15671764, 634334.8599821032 3347178.4442330636, 634332.9265100498 3347178.4442330636, 634332.9265100498 3347180.15671764))", "target_id": "752dad2c-34d0-4a33-8841-01b62737cae1", "region_outline_version": "2024-12-14", "region_name": "Brewster_57" }, "geometry": { "type": "Point", "coordinates": [ -103.603757066632411, 30.248798167039055 ] } },
{ "type": "Feature", "properties": { "bounding_box": "POLYGON ((634741.7177442125 3347180.0462347637, 634757.5722150509 3347180.0462347637, 634757.5722150509 3347166.2358752806, 634741.7177442125 3347166.2358752806, 634741.7177442125 3347180.0462347637))", "target_id": "f6ed0ef3-4b0c-4a17-910a-aa106c83ca46", "region_outline_version": "2024-12-14", "region_name": "Brewster_57" }, "geometry": { "type": "Point", "coordinates": [ -103.599437366340268, 30.248688141608316 ] } },
{ "type": "Feature", "properties": { "bounding_box": "POLYGON ((634276.0824316777 3347179.6595446984, 634277.3529990271 3347179.6595446984, 634277.3529990271 3347178.333750188, 634276.0824316777 3347178.333750188, 634276.0824316777 3347179.6595446984))", "target_id": "e7be2ed3-100a-49c3-8cb7-7ec8ed6dd046", "region_outline_version": "2024-12-14", "region_name": "Brewster_57" }, "geometry": { "type": "Point", "coordinates": [ -103.604350752089289, 30.248801355706124 ] } },
{ "type": "Feature", "properties": { "bounding_box": "POLYGON ((634580.5766590702 3347179.6043032603, 634581.6815002436 3347179.6043032603, 634581.6815002436 3347178.6651988155, 634580.5766590702 3347178.6651988155, 634580.5766590702 3347179.6043032603))", "target_id": "068137c4-cc76-440c-b387-0f3094b0c8ce", "region_outline_version": "2024-12-14", "region_name": "Brewster_57" }, "geometry": { "type": "Point", "coordinates": [ -103.601187569153851, 30.248768802803561 ] } },
{ "type": "Feature", "properties": { "bounding_box": "POLYGON ((634305.6369330665 3347179.107130319, 634306.8522583572 3347179.107130319, 634306.8522583572 3347177.449887181, 634305.6369330665 3347177.449887181, 634305.6369330665 3347179.107130319))", "target_id": "7ab8946d-25a4-4300-8330-9273fc7a0b5b", "region_outline_version": "2024-12-14", "region_name": "Brewster_57" }, "geometry": { "type": "Point", "coordinates": [ -103.604044087274147, 30.248791632025956 ] } },
{ "type": "Feature", "properties": { "bounding_box": "POLYGON ((634308.2885518827 3347178.333750188, 634309.1724248214 3347178.333750188, 634309.1724248214 3347177.394645743, 634308.2885518827 3347177.394645743, 634308.2885518827 3347178.333750188))", "target_id": "ce7f98bf-d6f1-4c6e-81d1-44db4d25d79e", "region_outline_version": "2024-12-14", "region_name": "Brewster_57" }, "geometry": { "type": "Point", "coordinates": [ -103.60401828383317, 30.248787657515471 ] } },
{ "type": "Feature", "properties": { "bounding_box": "POLYGON ((634635.7634756821 3347177.449887181, 634640.2933244932 3347177.449887181, 634640.2933244932 3347172.1467091395, 634635.7634756821 3347172.1467091395, 634635.7634756821 3347177.449887181))", "target_id": "a7a08751-6054-40ee-bc62-a435d7791cf7", "region_outline_version": "2024-12-14", "region_name": "Brewster_57" }, "geometry": { "type": "Point", "coordinates": [ -103.600597266633926, 30.248720800874295 ] } },
{ "type": "Feature", "properties": { "bounding_box": "POLYGON ((634382.6996049121 3347176.786989926, 634384.0254143202 3347176.786989926, 634384.0254143202 3347175.571678291, 634382.6996049121 3347175.571678291, 634382.6996049121 3347176.786989926))", "target_id": "d50ca456-2a1c-47ad-9789-179d383bc13f", "region_outline_version": "2024-12-14", "region_name": "Brewster_57" }, "geometry": { "type": "Point", "coordinates": [ -103.603243217068751, 30.248764352181038 ] } },
{ "type": "Feature", "properties": { "bounding_box": "POLYGON ((634202.5000095285 3347176.67650705, 634203.5496086432 3347176.67650705, 634203.5496086432 3347175.5164368534, 634202.5000095285 3347175.5164368534, 634202.5000095285 3347176.67650705))", "target_id": "1891a6da-bd00-40a6-a207-dad00cdbe17b", "region_outline_version": "2024-12-14", "region_name": "Brewster_57" }, "geometry": { "type": "Point", "coordinates": [ -103.605116698511608, 30.248783222980773 ] } },
{ "type": "Feature", "properties": { "bounding_box": "POLYGON ((634407.5032892552 3347176.621265612, 634409.38151925 3347176.621265612, 634409.38151925 3347174.853539598, 634407.5032892552 3347174.853539598, 634407.5032892552 3347176.621265612))", "target_id": "8343f47e-4ae2-46bc-88f1-5f4068bb4975", "region_outline_version": "2024-12-14", "region_name": "Brewster_57" }, "geometry": { "type": "Point", "coordinates": [ -103.602982135472374, 30.248757343556992 ] } },
{ "type": "Feature", "properties": { "bounding_box": "POLYGON ((634665.0970088362 3347176.4555412983, 634667.3066911831 3347176.4555412983, 634667.3066911831 3347174.411608095, 634665.0970088362 3347174.411608095, 634665.0970088362 3347176.4555412983))", "target_id": "000543a7-2411-4c11-b528-733b76d84907", "region_outline_version": "2024-12-14", "region_name": "Brewster_57" }, "geometry": { "type": "Point", "coordinates": [ -103.600303999330578, 30.248726507130336 ] } },
{ "type": "Feature", "properties": { "bounding_box": "POLYGON ((634305.6369330665 3347176.2345755463, 634306.5760480639 3347176.2345755463, 634306.5760480639 3347175.1297467877, 634305.6369330665 3347175.1297467877, 634305.6369330665 3347176.2345755463))", "target_id": "b5e3c419-bbd8-40a6-80ee-e10f576ec82e", "region_outline_version": "2024-12-14", "region_name": "Brewster_57" }, "geometry": { "type": "Point", "coordinates": [ -103.60404571306421, 30.248768254180341 ] } },
{ "type": "Feature", "properties": { "bounding_box": "POLYGON ((634537.7088215419 3347175.958368357, 634539.4213253607 3347175.958368357, 634539.4213253607 3347174.1354009053, 634537.7088215419 3347174.1354009053, 634537.7088215419 3347175.958368357))", "target_id": "3feb78e9-3a6b-4433-88aa-33459c55e37b", "region_outline_version": "2024-12-14", "region_name": "Brewster_57" }, "geometry": { "type": "Point", "coordinates": [ -103.601630462146986, 30.248736334763134 ] } },
{ "type": "Feature", "properties": { "bounding_box": "POLYGON ((634332.2636053457 3347175.847885481, 634334.6942559272 3347175.847885481, 634334.6942559272 3347174.3011252186, 634332.2636053457 3347174.3011252186, 634332.2636053457 3347175.847885481))", "target_id": "3dd49666-4ac5-4764-b50e-eedf519b3c29", "region_outline_version": "2024-12-14", "region_name": "Brewster_57" }, "geometry": { "type": "Point", "coordinates": [ -103.603760412965585, 30.248759627741165 ] } },
{ "type": "Feature", "properties": { "bounding_box": "POLYGON ((634398.8855281025 3347175.737402605, 634400.321821628 3347175.737402605, 634400.321821628 3347174.3563666567, 634398.8855281025 3347174.3563666567, 634398.8855281025 3347175.737402605))", "target_id": "f33fb56b-c96b-4bed-a5a5-d3142d7a7df7", "region_outline_version": "2024-12-14", "region_name": "Brewster_57" }, "geometry": { "type": "Point", "coordinates": [ -103.603074703775306, 30.248752054328616 ] } },
{ "type": "Feature", "properties": { "bounding_box": "POLYGON ((634705.1475013725 3347175.240229664, 634706.0866163699 3347175.240229664, 634706.0866163699 3347174.245883781, 634705.1475013725 3347174.245883781, 634705.1475013725 3347175.240229664))", "target_id": "97acdfeb-4e9b-4924-957c-9b37bb933798", "region_outline_version": "2024-12-14", "region_name": "Brewster_57" }, "geometry": { "type": "Point", "coordinates": [ -103.599894539558079, 30.248715412189981 ] } },
{ "type": "Feature", "properties": { "bounding_box": "POLYGON ((634303.0957983676 3347175.184988226, 634305.0845124798 3347175.184988226, 634305.0845124798 3347172.7543649566, 634303.0957983676 3347172.7543649566, 634303.0957983676 3347175.184988226))", "target_id": "b6a884dc-5cc1-4bb7-a96d-f901ae760840", "region_outline_version": "2024-12-14", "region_name": "Brewster_57" }, "geometry": { "type": "Point", "coordinates": [ -103.604066668930798, 30.248752297454107 ] } },
{ "type": "Feature", "properties": { "bounding_box": "POLYGON ((634718.4055954535 3347175.1297467877, 634722.9354442644 3347175.1297467877, 634722.9354442644 3347170.3789831256, 634718.4055954535 3347170.3789831256, 634718.4055954535 3347175.1297467877))", "target_id": "75dd90c8-5708-4c81-ae1f-09e19a154d9a", "region_outline_version": "2024-12-14", "region_name": "Brewster_57" }, "geometry": { "type": "Point", "coordinates": [ -103.599737746648046, 30.248695572275849 ] } },
{ "type": "Feature", "properties": { "bounding_box": "POLYGON ((634739.6737880416 3347174.964022474, 634740.7786292151 3347174.964022474, 634740.7786292151 3347173.638227964, 634739.6737880416 3347173.638227964, 634739.6737880416 3347174.964022474))", "target_id": "188c5ecc-9fde-47a2-b84b-3439751b10ef", "region_outline_version": "2024-12-14", "region_name": "Brewster_57" }, "geometry": { "type": "Point", "coordinates": [ -103.599535183004448, 30.24870726900874 ] } },
{ "type": "Feature", "properties": { "bounding_box": "POLYGON ((634727.1338407234 3347174.5773324086, 634728.1281977794 3347174.5773324086, 634728.1281977794 3347173.6934694014, 634727.1338407234 3347173.6934694014, 634727.1338407234 3347174.5773324086))", "target_id": "b06df65b-6e3c-4110-87d9-5e2a88650997", "region_outline_version": "2024-12-14", "region_name": "Brewster_57" }, "geometry": { "type": "Point", "coordinates": [ -103.599665796300954, 30.248707505255826 ] } },
{ "type": "Feature", "properties": { "bounding_box": "POLYGON ((634311.6583174616 3347173.417262212, 634313.3708212804 3347173.417262212, 634313.3708212804 3347171.704777636, 634311.6583174616 3347171.704777636, 634311.6583174616 3347173.417262212))", "target_id": "b069b9c8-3da3-4db6-9bbf-5ce7cb6823ef", "region_outline_version": "2024-12-14", "region_name": "Brewster_57" }, "geometry": { "type": "Point", "coordinates": [ -103.603979223906578, 30.248739185206979 ] } },
{ "type": "Feature", "properties": { "bounding_box": "POLYGON ((634704.4845966684 3347173.030572146, 634705.3684696072 3347173.030572146, 634705.3684696072 3347172.2019505776, 634704.4845966684 3347172.2019505776, 634704.4845966684 3347173.030572146))", "target_id": "456cc5b8-42c9-49c3-8278-a6c6a8f081dc", "region_outline_version": "2024-12-14", "region_name": "Brewster_57" }, "geometry": { "type": "Point", "coordinates": [ -103.599901906791189, 30.248696287037188 ] } },
{ "type": "Feature", "properties": { "bounding_box": "POLYGON ((634836.6236010086 3347173.030572146, 634837.7836842407 3347173.030572146, 634837.7836842407 3347171.7600190737, 634836.6236010086 3347171.7600190737, 634836.6236010086 3347173.030572146))", "target_id": "29325e5f-1033-4797-8428-db297d5bc911", "region_outline_version": "2024-12-14", "region_name": "Brewster_57" }, "geometry": { "type": "Point", "coordinates": [ -103.598527388365497, 30.248679930943521 ] } },
{ "type": "Feature", "properties": { "bounding_box": "POLYGON ((634269.8953211067 3347172.699123519, 634271.2763725733 3347172.699123519, 634271.2763725733 3347170.7656731913, 634269.8953211067 3347170.7656731913, 634269.8953211067 3347172.699123519))", "target_id": "9bd886f4-a936-4766-a462-507152c3d8a2", "region_outline_version": "2024-12-14", "region_name": "Brewster_57" }, "geometry": { "type": "Point", "coordinates": [ -103.604414887654755, 30.248735946732545 ] } },
{ "type": "Feature", "properties": { "bounding_box": "POLYGON ((634507.2704472143 3347172.643882081, 634509.0934351505 3347172.643882081, 634509.0934351505 3347170.5999488775, 634507.2704472143 3347170.5999488775, 634507.2704472143 3347172.643882081))", "target_id": "26d82c34-28d2-4c3c-8dfd-80a6253bba24", "region_outline_version": "2024-12-14", "region_name": "Brewster_57" }, "geometry": { "type": "Point", "coordinates": [ -103.601946223655148, 30.248708886874123 ] } },
{ "type": "Feature", "properties": { "bounding_box": "POLYGON ((634173.5531707851 3347172.588640643, 634176.9781784227 3347172.588640643, 634176.9781784227 3347168.1693256083, 634173.5531707851 3347168.1693256083, 634173.5531707851 3347172.588640643))", "target_id": "08151ccb-3597-4cba-a571-54a6d694497e", "region_outline_version": "2024-12-14", "region_name": "Brewster_57" }, "geometry": { "type": "Point", "coordinates": [ -103.605408198782683, 30.248737456067573 ] } },
{ "type": "Feature", "properties": { "bounding_box": "POLYGON ((634737.9060421642 3347172.2019505776, 634739.3423356896 3347172.2019505776, 634739.3423356896 3347170.655190315, 634737.9060421642 3347170.655190315, 634737.9060421642 3347172.2019505776))", "target_id": "0e3a32be-a819-448a-8129-c6853a552a06", "region_outline_version": "2024-12-14", "region_name": "Brewster_57" }, "geometry": { "type": "Point", "coordinates": [ -103.599551578299625, 30.24868160392699 ] } },
{ "type": "Feature", "properties": { "bounding_box": "POLYGON ((634734.5362765853 3347171.649536198, 634736.1935383454 3347171.649536198, 634736.1935383454 3347169.937051622, 634734.5362765853 3347169.937051622, 634734.5362765853 3347171.649536198))", "target_id": "a04f2348-4084-4765-a9a7-66d1eb7d214f", "region_outline_version": "2024-12-14", "region_name": "Brewster_57" }, "geometry": { "type": "Point", "coordinates": [ -103.599586538739658, 30.248676590556489 ] } },
{ "type": "Feature", "properties": { "bounding_box": "POLYGON ((634687.8014949498 3347171.3733290085, 634692.9390064062 3347171.3733290085, 634692.9390064062 3347167.672152667, 634687.8014949498 3347167.672152667, 634687.8014949498 3347171.3733290085))", "target_id": "44f9242a-5163-4356-80a5-9d5b74b9845c", "region_outline_version": "2024-12-14", "region_name": "Brewster_57" }, "geometry": { "type": "Point", "coordinates": [ -103.600054818931497, 30.248670821365039 ] } },
{ "type": "Feature", "properties": { "bounding_box": "POLYGON ((634448.3271706128 3347170.9866389427, 634449.5424959034 3347170.9866389427, 634449.5424959034 3347169.7713273084, 634448.3271706128 3347169.7713273084, 634448.3271706128 3347170.9866389427))", "target_id": "b3569282-16f9-439d-bd92-f3f254659fd7", "region_outline_version": "2024-12-14", "region_name": "Brewster_57" }, "geometry": { "type": "Point", "coordinates": [ -103.602562475090167, 30.248704190457858 ] } },
{ "type": "Feature", "properties": { "bounding_box": "POLYGON ((634708.1305725407 3347170.2132588117, 634709.2906557728 3347170.2132588117, 634709.2906557728 3347169.053188615, 634708.1305725407 3347169.053188615, 634708.1305725407 3347170.2132588117))", "target_id": "f1dad879-a080-4a1e-a94a-27375ecac700", "region_outline_version": "2024-12-14", "region_name": "Brewster_57" }, "geometry": { "type": "Point", "coordinates": [ -103.599862971663526, 30.248669181952756 ] } },
{ "type": "Feature", "properties": { "bounding_box": "POLYGON ((634728.0729557208 3347170.2132588117, 634729.5092492462 3347170.2132588117, 634729.5092492462 3347168.7769814255, 634728.0729557208 3347168.7769814255, 634728.0729557208 3347170.2132588117))", "target_id": "4e276db3-8290-4060-a9de-303da3b324dd", "region_outline_version": "2024-12-14", "region_name": "Brewster_57" }, "geometry": { "type": "Point", "coordinates": [ -103.599654159320167, 30.248665586271706 ] } },
{ "type": "Feature", "properties": { "bounding_box": "POLYGON ((634272.2707296294 3347170.102775936, 634273.5965390375 3347170.102775936, 634273.5965390375 3347168.5560156736, 634272.2707296294 3347168.5560156736, 634272.2707296294 3347170.102775936))", "target_id": "673f8cc6-4ce6-4411-b96c-0d4b59a4bf7e", "region_outline_version": "2024-12-14", "region_name": "Brewster_57" }, "geometry": { "type": "Point", "coordinates": [ -103.604391627904121, 30.248714638664399 ] } },
{ "type": "Feature", "properties": { "bounding_box": "POLYGON ((634756.2464056428 3347169.5503615565, 634759.726655339 3347169.5503615565, 634759.726655339 3347167.727394105, 634756.2464056428 3347167.727394105, 634756.2464056428 3347169.5503615565))", "target_id": "1f288585-f86c-4294-a03f-77d2cc011621", "region_outline_version": "2024-12-14", "region_name": "Brewster_57" }, "geometry": { "type": "Point", "coordinates": [ -103.599352469158788, 30.248655742748976 ] } },
{ "type": "Feature", "properties": { "bounding_box": "POLYGON ((634740.5576609804 3347169.329395805, 634741.3862918604 3347169.329395805, 634741.3862918604 3347168.445532798, 634740.5576609804 3347168.445532798, 634740.5576609804 3347169.329395805))", "target_id": "19cf1f51-fde9-48a2-8837-0c09cabfb7f8", "region_outline_version": "2024-12-14", "region_name": "Brewster_57" }, "geometry": { "type": "Point", "coordinates": [ -103.599527828049162, 30.248658643106548 ] } },
{ "type": "Feature", "properties": { "bounding_box": "POLYGON ((634813.9743569536 3347168.9979471774, 634816.6812178284 3347168.9979471774, 634816.6812178284 3347167.0092554116, 634813.9743569536 3347167.0092554116, 634813.9743569536 3347168.9979471774))", "target_id": "0c12ad6d-fbc1-42e3-81de-2b5f5d43d033", "region_outline_version": "2024-12-14", "region_name": "Brewster_57" }, "geometry": { "type": "Point", "coordinates": [ -103.598755135760626, 30.248642780310938 ] } },
{ "type": "Feature", "properties": { "bounding_box": "POLYGON ((634713.1023578211 3347168.887464301, 634714.4834092878 3347168.887464301, 634714.4834092878 3347167.672152667, 634713.1023578211 3347167.672152667, 634713.1023578211 3347168.887464301))", "target_id": "b6f938c5-75cf-4634-a13c-5bc5f958d6e9", "region_outline_version": "2024-12-14", "region_name": "Brewster_57" }, "geometry": { "type": "Point", "coordinates": [ -103.599810210136638, 30.248656024167367 ] } },
{ "type": "Feature", "properties": { "bounding_box": "POLYGON ((634716.637849576 3347168.887464301, 634730.8350586543 3347168.887464301, 634730.8350586543 3347158.7782811597, 634716.637849576 3347158.7782811597, 634716.637849576 3347168.887464301))", "target_id": "f6dece3c-2532-4492-823c-a0d11b7d3bbe", "region_outline_version": "2024-12-14", "region_name": "Brewster_57" }, "geometry": { "type": "Point", "coordinates": [ -103.599712648338354, 30.248610029909045 ] } },
{ "type": "Feature", "properties": { "bounding_box": "POLYGON ((634761.3286750405 3347168.5560156736, 634762.4335162139 3347168.5560156736, 634762.4335162139 3347167.6169112287, 634761.3286750405 3347167.6169112287, 634761.3286750405 3347168.5560156736))", "target_id": "a595f99c-fffa-41b8-b748-ac3b7a2f9573", "region_outline_version": "2024-12-14", "region_name": "Brewster_57" }, "geometry": { "type": "Point", "coordinates": [ -103.599310553639498, 30.248649192481167 ] } },
{ "type": "Feature", "properties": { "bounding_box": "POLYGON ((634830.2707642615 3347167.0644968497, 634831.1546372002 3347167.0644968497, 634831.1546372002 3347166.125392405, 634830.2707642615 3347166.125392405, 634830.2707642615 3347167.0644968497))", "target_id": "af6e8c3e-5b4d-41dd-be4b-35186c3ec80a", "region_outline_version": "2024-12-14", "region_name": "Brewster_57" }, "geometry": { "type": "Point", "coordinates": [ -103.598595607155303, 30.248627986909757 ] } },
{ "type": "Feature", "properties": { "bounding_box": "POLYGON ((634687.4148005393 3347166.898772536, 634692.0551334675 3347166.898772536, 634692.0551334675 3347162.755664691, 634687.4148005393 3347162.755664691, 634687.4148005393 3347166.898772536))", "target_id": "af1ed168-11ea-4c6d-a20b-06971477c149", "region_outline_version": "2024-12-14", "region_name": "Brewster_57" }, "geometry": { "type": "Point", "coordinates": [ -103.600059846711446, 30.248627722509944 ] } },
{ "type": "Feature", "properties": { "bounding_box": "POLYGON ((634464.1816414512 3347166.8435310978, 634465.6179349767 3347166.8435310978, 634465.6179349767 3347165.4624951496, 634464.1816414512 3347165.4624951496, 634464.1816414512 3347166.8435310978))", "target_id": "b4538ddb-8249-466a-a879-e3b2bcfa077e", "region_outline_version": "2024-12-14", "region_name": "Brewster_57" }, "geometry": { "type": "Point", "coordinates": [ -103.602396321833226, 30.248664450187437 ] } },
{ "type": "Feature", "properties": { "bounding_box": "POLYGON ((634784.2541293888 3347166.0149095287, 634786.3533276183 3347166.0149095287, 634786.3533276183 3347164.247183515, 634784.2541293888 3347164.247183515, 634784.2541293888 3347166.0149095287))", "target_id": "91c59a94-d296-47fb-8c3b-fdf98407ab24", "region_outline_version": "2024-12-14", "region_name": "Brewster_57" }, "geometry": { "type": "Point", "coordinates": [ -103.599068267734722, 30.248620143522029 ] } },
{ "type": "Feature", "properties": { "bounding_box": "POLYGON ((634746.5238033168 3347165.849185215, 634750.2250212478 3347165.849185215, 634750.2250212478 3347162.9213890047, 634746.5238033168 3347162.9213890047, 634746.5238033168 3347165.849185215))", "target_id": "6950958e-860b-407d-9a5d-d4b8867c5613", "region_outline_version": "2024-12-14", "region_name": "Brewster_57" }, "geometry": { "type": "Point", "coordinates": [ -103.599451213805821, 30.248617176301412 ] } },
{ "type": "Feature", "properties": { "bounding_box": "POLYGON ((634760.7210123951 3347165.738702339, 634764.2012620914 3347165.738702339, 634764.2012620914 3347161.3746287427, 634760.7210123951 3347161.3746287427, 634760.7210123951 3347165.738702339))", "target_id": "faa33a0d-9d28-43e2-a8e5-6abd1d93f3f3", "region_outline_version": "2024-12-14", "region_name": "Brewster_57" }, "geometry": { "type": "Point", "coordinates": [ -103.599305450568806, 30.248605439182239 ] } },
{ "type": "Feature", "properties": { "bounding_box": "POLYGON ((634754.368175648 3347165.6834609015, 634757.3512468162 3347165.6834609015, 634757.3512468162 3347163.0318718804, 634754.368175648 3347163.0318718804, 634754.368175648 3347165.6834609015))", "target_id": "72470ff0-c029-49c6-9205-e871c397e2b0", "region_outline_version": "2024-12-14", "region_name": "Brewster_57" }, "geometry": { "type": "Point", "coordinates": [ -103.599372348620605, 30.248617398747932 ] } },
{ "type": "Feature", "properties": { "bounding_box": "POLYGON ((634526.439441573 3347165.5729780253, 634529.4777547999 3347165.5729780253, 634529.4777547999 3347162.0375259975, 634526.439441573 3347162.0375259975, 634526.439441573 3347165.5729780253))", "target_id": "0a153663-5ff5-4deb-9eb9-edd91554ea92", "region_outline_version": "2024-12-14", "region_name": "Brewster_57" }, "geometry": { "type": "Point", "coordinates": [ -103.601742041584359, 30.248636332956231 ] } },
{ "type": "Feature", "properties": { "bounding_box": "POLYGON ((634752.6004297705 3347165.075805084, 634753.4843027092 3347165.075805084, 634753.4843027092 3347164.0814592014, 634752.6004297705 3347164.0814592014, 634752.6004297705 3347165.075805084))", "target_id": "cc8dea55-2a13-43a3-8838-99a81d7c33bd", "region_outline_version": "2024-12-14", "region_name": "Brewster_57" }, "geometry": { "type": "Point", "coordinates": [ -103.599403035789479, 30.248618415169489 ] } },
{ "type": "Feature", "properties": { "bounding_box": "POLYGON ((634329.5015024123 3347164.744356456, 634330.7168277029 3347164.744356456, 634330.7168277029 3347163.58428626, 634329.5015024123 3347163.58428626, 634329.5015024123 3347164.744356456))", "target_id": "d404a704-88cb-43bb-a177-c128dedb3dc1", "region_outline_version": "2024-12-14", "region_name": "Brewster_57" }, "geometry": { "type": "Point", "coordinates": [ -103.60379781184605, 30.248661796226241 ] } },
{ "type": "Feature", "properties": { "bounding_box": "POLYGON ((634758.3456038723 3347164.5233907048, 634760.1133497497 3347164.5233907048, 634760.1133497497 3347162.9766304423, 634758.3456038723 3347162.9766304423, 634758.3456038723 3347164.5233907048))", "target_id": "08650678-07c6-4d5e-a37e-5f0d2315ff7e", "region_outline_version": "2024-12-14", "region_name": "Brewster_57" }, "geometry": { "type": "Point", "coordinates": [ -103.599338316589723, 30.248610788850435 ] } },
{ "type": "Feature", "properties": { "bounding_box": "POLYGON ((634763.5383573873 3347164.191942077, 634769.3387735478 3347164.191942077, 634769.3387735478 3347158.7782811597, 634763.5383573873 3347158.7782811597, 634763.5383573873 3347164.191942077))", "target_id": "dc233b7e-815c-419b-b776-a81b56e73e8f", "region_outline_version": "2024-12-14", "region_name": "Brewster_57" }, "geometry": { "type": "Point", "coordinates": [ -103.599261164952367, 30.248584934170747 ] } },
{ "type": "Feature", "properties": { "bounding_box": "POLYGON ((634684.9841499577 3347163.9157348876, 634686.9176220112 3347163.9157348876, 634686.9176220112 3347162.0927674356, 634684.9841499577 3347162.0927674356, 634684.9841499577 3347163.9157348876))", "target_id": "785f7b12-0bc6-4751-aab7-bed69ae94464", "region_outline_version": "2024-12-14", "region_name": "Brewster_57" }, "geometry": { "type": "Point", "coordinates": [ -103.60010045578673, 30.248611808562295 ] } },
{ "type": "Feature", "properties": { "bounding_box": "POLYGON ((634777.8460505831 3347163.529044822, 634779.5033123431 3347163.529044822, 634779.5033123431 3347162.0375259975, 634777.8460505831 3347162.0375259975, 634777.8460505831 3347163.529044822))", "target_id": "42e2d4b4-2e0e-495c-a333-2da63adc6669", "region_outline_version": "2024-12-14", "region_name": "Brewster_57" }, "geometry": { "type": "Point", "coordinates": [ -103.599136789972647, 30.248599137014054 ] } },
{ "type": "Feature", "properties": { "bounding_box": "POLYGON ((634642.6134909573 3347163.4738033838, 634644.4917209521 3347163.4738033838, 634644.4917209521 3347160.601248611, 634642.6134909573 3347160.601248611, 634642.6134909573 3347163.4738033838))", "target_id": "59ae09a8-7783-4e19-ac39-427c52665ab0", "region_outline_version": "2024-12-14", "region_name": "Brewster_57" }, "geometry": { "type": "Point", "coordinates": [ -103.600539775307027, 30.248609841681926 ] } },
{ "type": "Feature", "properties": { "bounding_box": "POLYGON ((634770.4436147212 3347162.9213890047, 634771.990392364 3347162.9213890047, 634771.990392364 3347159.330695539, 634770.4436147212 3347159.330695539, 634770.4436147212 3347162.9213890047))", "target_id": "c9d24adc-60fe-4f6f-be75-ab07d5101088", "region_outline_version": "2024-12-14", "region_name": "Brewster_57" }, "geometry": { "type": "Point", "coordinates": [ -103.599214943670532, 30.248584557512427 ] } },
{ "type": "Feature", "properties": { "bounding_box": "POLYGON ((634758.1246356376 3347162.534698939, 634759.8371394564 3347162.534698939, 634759.8371394564 3347160.6564900493, 634758.1246356376 3347160.6564900493, 634758.1246356376 3347162.534698939))", "target_id": "1a560053-15d9-4b20-893a-72e369f88270", "region_outline_version": "2024-12-14", "region_name": "Brewster_57" }, "geometry": { "type": "Point", "coordinates": [ -103.599341781104712, 30.248590583137798 ] } },
{ "type": "Feature", "properties": { "bounding_box": "POLYGON ((634753.6500288853 3347162.0927674356, 634754.5891438827 3347162.0927674356, 634754.5891438827 3347161.153662991, 634753.6500288853 3347161.153662991, 634753.6500288853 3347162.0927674356))", "target_id": "b7631aba-a9ca-401c-bdc4-69d0bae5dfe7", "region_outline_version": "2024-12-14", "region_name": "Brewster_57" }, "geometry": { "type": "Point", "coordinates": [ -103.599392138207207, 30.248591647372489 ] } },
{ "type": "Feature", "properties": { "bounding_box": "POLYGON ((634181.0108487055 3347162.0375259975, 634182.8890787004 3347162.0375259975, 634182.8890787004 3347160.601248611, 634181.0108487055 3347160.601248611, 634181.0108487055 3347162.0375259975))", "target_id": "c5d80e03-4ac6-438a-b15d-4fd2b213cbfc", "region_outline_version": "2024-12-14", "region_name": "Brewster_57" }, "geometry": { "type": "Point", "coordinates": [ -103.605337452616382, 30.248652360953781 ] } },
{ "type": "Feature", "properties": { "bounding_box": "POLYGON ((634750.3907474237 3347162.0375259975, 634752.3242194772 3347162.0375259975, 634752.3242194772 3347160.4355242974, 634750.3907474237 3347160.4355242974, 634750.3907474237 3347162.0375259975))", "target_id": "94cad683-d4ae-45aa-bb4e-851f0a4a6dfa", "region_outline_version": "2024-12-14", "region_name": "Brewster_57" }, "geometry": { "type": "Point", "coordinates": [ -103.599421234536962, 30.248588240544311 ] } },
{ "type": "Feature", "properties": { "bounding_box": "POLYGON ((634218.5754486016 3347161.3746287427, 634221.1718253591 3347161.3746287427, 634221.1718253591 3347158.6677982835, 634218.5754486016 3347158.6677982835, 634218.5754486016 3347161.3746287427))", "target_id": "e32ef1aa-6092-4ff4-9f46-63262af234cc", "region_outline_version": "2024-12-14", "region_name": "Brewster_57" }, "geometry": { "type": "Point", "coordinates": [ -103.604942935429648, 30.248636251544212 ] } },
{ "type": "Feature", "properties": { "bounding_box": "POLYGON ((634761.8258535685 3347160.7117314874, 634762.7649685659 3347160.7117314874, 634762.7649685659 3347159.6621441664, 634761.8258535685 3347159.6621441664, 634761.8258535685 3347160.7117314874))", "target_id": "05aeddd4-5537-4749-94bd-078d3904f8ac", "region_outline_version": "2024-12-14", "region_name": "Brewster_57" }, "geometry": { "type": "Point", "coordinates": [ -103.599307405314235, 30.248577871238712 ] } },
{ "type": "Feature", "properties": { "bounding_box": "POLYGON ((634516.2749027776 3347160.048834232, 634518.1531327724 3347160.048834232, 634518.1531327724 3347158.446832532, 634516.2749027776 3347158.446832532, 634516.2749027776 3347160.048834232))", "target_id": "37e0c6ca-34dd-42d3-ab22-1e049c969b58", "region_outline_version": "2024-12-14", "region_name": "Brewster_57" }, "geometry": { "type": "Point", "coordinates": [ -103.601854125547348, 30.248596740345523 ] } },
{ "type": "Feature", "properties": { "bounding_box": "POLYGON ((634763.2069050353 3347159.8278684802, 634764.2012620914 3347159.8278684802, 634764.2012620914 3347158.9440054735, 634763.2069050353 3347158.9440054735, 634763.2069050353 3347159.8278684802))", "target_id": "b866520f-1cf8-4821-bc34-418040a73500", "region_outline_version": "2024-12-14", "region_name": "Brewster_57" }, "geometry": { "type": "Point", "coordinates": [ -103.599292816026477, 30.248570574654103 ] } },
{ "type": "Feature", "properties": { "bounding_box": "POLYGON ((634324.0877806625 3347159.7726270426, 634325.6345583053 3347159.7726270426, 634325.6345583053 3347158.557315408, 634324.0877806625 3347158.557315408, 634324.0877806625 3347159.7726270426))", "target_id": "c6e4ddec-95f4-4dfc-956b-8fb06237dd47", "region_outline_version": "2024-12-14", "region_name": "Brewster_57" }, "geometry": { "type": "Point", "coordinates": [ -103.603852696313922, 30.248617116707422 ] } },
{ "type": "Feature", "properties": { "bounding_box": "POLYGON ((634824.8018004531 3347159.4964198526, 634826.9562407412 3347159.4964198526, 634826.9562407412 3347156.90007227, 634824.8018004531 3347156.90007227, 634824.8018004531 3347159.4964198526))", "target_id": "86feb45a-383f-402f-891d-1e6176093fbb", "region_outline_version": "2024-12-14", "region_name": "Brewster_57" }, "geometry": { "type": "Point", "coordinates": [ -103.598647695712117, 30.248552691211508 ] } },
{ "type": "Feature", "properties": { "bounding_box": "POLYGON ((634496.0563093042 3347159.1097297873, 634497.8792972403 3347159.1097297873, 634497.8792972403 3347157.783935277, 634496.0563093042 3347157.783935277, 634496.0563093042 3347159.1097297873))", "target_id": "5df0e9d3-87b6-4b6b-a434-e64723a12fdc", "region_outline_version": "2024-12-14", "region_name": "Brewster_57" }, "geometry": { "type": "Point", "coordinates": [ -103.602064624684871, 30.248591657219059 ] } },
{ "type": "Feature", "properties": { "bounding_box": "POLYGON ((634385.5169499043 3347158.7782811597, 634387.0084854884 3347158.7782811597, 634387.0084854884 3347157.673452401, 634385.5169499043 3347157.673452401, 634385.5169499043 3347158.7782811597))", "target_id": "2d8956ed-f250-4025-aa08-626a26409128", "region_outline_version": "2024-12-14", "region_name": "Brewster_57" }, "geometry": { "type": "Point", "coordinates": [ -103.603214907671898, 30.248601924263216 ] } },
{ "type": "Feature", "properties": { "bounding_box": "POLYGON ((634529.5882389173 3347158.6677982835, 634530.6930800907 3347158.6677982835, 634530.6930800907 3347157.562969525, 634529.5882389173 3347157.562969525, 634529.5882389173 3347158.6677982835))", "target_id": "7e93879b-4810-4bb6-98ff-9185830095ab", "region_outline_version": "2024-12-14", "region_name": "Brewster_57" }, "geometry": { "type": "Point", "coordinates": [ -103.601719746521056, 30.248584797294164 ] } },
{ "type": "Feature", "properties": { "bounding_box": "POLYGON ((634648.8558435871 3347158.612556846, 634649.9606847605 3347158.612556846, 634649.9606847605 3347157.562969525, 634648.8558435871 3347157.562969525, 634648.8558435871 3347158.612556846))", "target_id": "e07fd3aa-b378-4a7c-a995-4e33cec2f12f", "region_outline_version": "2024-12-14", "region_name": "Brewster_57" }, "geometry": { "type": "Point", "coordinates": [ -103.600480703513085, 30.248571351985536 ] } },
{ "type": "Feature", "properties": { "bounding_box": "POLYGON ((634174.8237381345 3347158.22586678, 634183.4414992871 3347158.22586678, 634183.4414992871 3347151.652135666, 634174.8237381345 3347151.652135666, 634174.8237381345 3347158.22586678))", "target_id": "3b961708-16e4-4682-9e23-d3f50ea0d7d3", "region_outline_version": "2024-12-14", "region_name": "Brewster_57" }, "geometry": { "type": "Point", "coordinates": [ -103.605374984616375, 30.248595008483136 ] } },
{ "type": "Feature", "properties": { "bounding_box": "POLYGON ((634391.0411557714 3347157.8944181525, 634391.92502871 3347157.8944181525, 634391.92502871 3347156.9553137077, 634391.0411557714 3347156.9553137077, 634391.0411557714 3347157.8944181525))", "target_id": "ae784103-a65d-4943-b15d-406983f07a25", "region_outline_version": "2024-12-14", "region_name": "Brewster_57" }, "geometry": { "type": "Point", "coordinates": [ -103.6031609070684, 30.248594012559295 ] } },
{ "type": "Feature", "properties": { "bounding_box": "POLYGON ((634736.7459589321 3347157.839176715, 634738.0717683402 3347157.839176715, 634738.0717683402 3347156.5686236424, 634736.7459589321 3347156.5686236424, 634736.7459589321 3347157.839176715))", "target_id": "fabd55df-7253-4b05-a682-60245afc4504", "region_outline_version": "2024-12-14", "region_name": "Brewster_57" }, "geometry": { "type": "Point", "coordinates": [ -103.599565851877301, 30.248553269528962 ] } },
{ "type": "Feature", "properties": { "bounding_box": "POLYGON ((634714.7596195812 3347157.673452401, 634715.974944872 3347157.673452401, 634715.974944872 3347156.5133822043, 634714.7596195812 3347156.5133822043, 634714.7596195812 3347157.673452401))", "target_id": "e09d3975-6bea-4cc4-83cd-f239b390f8a1", "region_outline_version": "2024-12-14", "region_name": "Brewster_57" }, "geometry": { "type": "Point", "coordinates": [ -103.599795356284773, 30.248555242008596 ] } },
{ "type": "Feature", "properties": { "bounding_box": "POLYGON ((634755.5282588801 3347157.673452401, 634758.2903618136 3347157.673452401, 634758.2903618136 3347155.3533120076, 634755.5282588801 3347155.3533120076, 634755.5282588801 3347157.673452401))", "target_id": "fce50b9f-5b22-4f63-89f8-fa4f652b70d3", "region_outline_version": "2024-12-14", "region_name": "Brewster_57" }, "geometry": { "type": "Point", "coordinates": [ -103.599363617444169, 30.248545842676823 ] } },
{ "type": "Feature", "properties": { "bounding_box": "POLYGON ((634760.2790759257 3347156.7343479563, 634761.7706115099 3347156.7343479563, 634761.7706115099 3347155.4085534457, 634760.2790759257 3347155.4085534457, 634760.2790759257 3347156.7343479563))", "target_id": "59f8cb8c-0fe4-477d-9cea-a5471183cb3d", "region_outline_version": "2024-12-14", "region_name": "Brewster_57" }, "geometry": { "type": "Point", "coordinates": [ -103.599321799820729, 30.24854057565404 ] } },
{ "type": "Feature", "properties": { "bounding_box": "POLYGON ((634639.6304197891 3347156.3476578905, 634640.4590506692 3347156.3476578905, 634640.4590506692 3347155.5190363214, 634639.6304197891 3347155.5190363214, 634639.6304197891 3347156.3476578905))", "target_id": "2e5c1f09-4e63-4537-926f-840544e081fd", "region_outline_version": "2024-12-14", "region_name": "Brewster_57" }, "geometry": { "type": "Point", "coordinates": [ -103.600578241048595, 30.248552986142634 ] } },
{ "type": "Feature", "properties": { "bounding_box": "POLYGON ((634641.3429236079 3347155.7400020733, 634642.2820386053 3347155.7400020733, 634642.2820386053 3347154.8008976285, 634641.3429236079 3347154.8008976285, 634641.3429236079 3347155.7400020733))", "target_id": "bc95ebfb-f469-44ab-b3c6-b30c6036cc4b", "region_outline_version": "2024-12-14", "region_name": "Brewster_57" }, "geometry": { "type": "Point", "coordinates": [ -103.60055995899171, 30.248546655784729 ] } },
{ "type": "Feature", "properties": { "bounding_box": "POLYGON ((634768.3444164917 3347155.6847606353, 634769.1730473717 3347155.6847606353, 634769.1730473717 3347154.8008976285, 634768.3444164917 3347154.8008976285, 634768.3444164917 3347155.6847606353))", "target_id": "466858a5-4f25-4a77-ac7b-28f4aebf77d2", "region_outline_version": "2024-12-14", "region_name": "Brewster_57" }, "geometry": { "type": "Point", "coordinates": [ -103.599240836582354, 30.248532459576424 ] } },
{ "type": "Feature", "properties": { "bounding_box": "POLYGON ((634331.214006231 3347155.5742777595, 634333.9761091645 3347155.5742777595, 634333.9761091645 3347150.8235140974, 634331.214006231 3347150.8235140974, 634331.214006231 3347155.5742777595))", "target_id": "9e71c616-cec6-49de-a86e-c55b8e625000", "region_outline_version": "2024-12-14", "region_name": "Brewster_57" }, "geometry": { "type": "Point", "coordinates": [ -103.603773276264633, 30.248562341894345 ] } },
{ "type": "Feature", "properties": { "bounding_box": "POLYGON ((634626.0408733562 3347155.3533120076, 634627.6428930575 3347155.3533120076, 634627.6428930575 3347153.9722760594, 634626.0408733562 3347153.9722760594, 634626.0408733562 3347155.3533120076))", "target_id": "680dbdad-f4a4-44d1-b11e-a05e25edc66a", "region_outline_version": "2024-12-14", "region_name": "Brewster_57" }, "geometry": { "type": "Point", "coordinates": [ -103.600715503184986, 30.248542821409295 ] } },
{ "type": "Feature", "properties": { "bounding_box": "POLYGON ((634268.6247537571 3347155.187587694, 634272.6021819814 3347155.187587694, 634272.6021819814 3347150.326341156, 634268.6247537571 3347150.326341156, 634268.6247537571 3347155.187587694))", "target_id": "c449969b-0dd7-4723-a911-8073bd426743", "region_outline_version": "2024-12-14", "region_name": "Brewster_57" }, "geometry": { "type": "Point", "coordinates": [ -103.604418648778747, 30.248565105948821 ] } },
{ "type": "Feature", "properties": { "bounding_box": "POLYGON ((634733.6524036465 3347155.132346256, 634738.0717683402 3347155.132346256, 634738.0717683402 3347152.646481549, 634733.6524036465 3347152.646481549, 634733.6524036465 3347155.132346256))", "target_id": "fbebe103-a5ba-4277-83df-e6f386c23661", "region_outline_version": "2024-12-14", "region_name": "Brewster_57" }, "geometry": { "type": "Point", "coordinates": [ -103.599583698422123, 30.248522488931243 ] } },
{ "type": "Feature", "properties": { "bounding_box": "POLYGON ((634638.8570309677 3347154.9666219424, 634639.9066300825 3347154.9666219424, 634639.9066300825 3347153.8065517456, 634638.8570309677 3347153.8065517456, 634638.8570309677 3347154.9666219424))", "target_id": "8b1f3201-80a3-4d0c-b666-73737c255b58", "region_outline_version": "2024-12-14", "region_name": "Brewster_57" }, "geometry": { "type": "Point", "coordinates": [ -103.600585065621516, 30.248539189970099 ] } },
{ "type": "Feature", "properties": { "bounding_box": "POLYGON ((634636.8683168556 3347154.469449001, 634638.0284000876 3347154.469449001, 634638.0284000876 3347153.475103118, 634636.8683168556 3347153.475103118, 634636.8683168556 3347154.469449001))", "target_id": "d3101d7f-d4a3-4112-bb86-a91ade9b3444", "region_outline_version": "2024-12-14", "region_name": "Brewster_57" }, "geometry": { "type": "Point", "coordinates": [ -103.600605483273796, 30.248535538262512 ] } },
{ "type": "Feature", "properties": { "bounding_box": "POLYGON ((634770.7198250145 3347154.414207563, 634772.98474942 3347154.414207563, 634772.98474942 3347152.535998673, 634770.7198250145 3347152.535998673, 634770.7198250145 3347154.414207563))", "target_id": "5ff92fbb-1f2a-485d-9845-f4468846302e", "region_outline_version": "2024-12-14", "region_name": "Brewster_57" }, "geometry": { "type": "Point", "coordinates": [ -103.599209998068702, 30.248515787317363 ] } },
{ "type": "Feature", "properties": { "bounding_box": "POLYGON ((634751.2746203624 3347154.0275174975, 634752.1032512425 3347154.0275174975, 634752.1032512425 3347153.1988959284, 634751.2746203624 3347153.1988959284, 634751.2746203624 3347154.0275174975))", "target_id": "df1540d9-3e70-4e66-8c71-b1a4049fb5b5", "region_outline_version": "2024-12-14", "region_name": "Brewster_57" }, "geometry": { "type": "Point", "coordinates": [ -103.599418420743021, 30.248519654661845 ] } },
{ "type": "Feature", "properties": { "bounding_box": "POLYGON ((634465.7836611527 3347153.9170346214, 634467.6618911475 3347153.9170346214, 634467.6618911475 3347152.4255157975, 634465.7836611527 3347152.4255157975, 634465.7836611527 3347153.9170346214))", "target_id": "e72ef870-71a3-4b77-ae37-466792a8193a", "region_outline_version": "2024-12-14", "region_name": "Brewster_57" }, "geometry": { "type": "Point", "coordinates": [ -103.602379897513032, 30.248547613202764 ] } },
{ "type": "Feature", "properties": { "bounding_box": "POLYGON ((634696.4192561025 3347152.9779301765, 634698.849906684 3347152.9779301765, 634698.849906684 3347150.5473069074, 634696.4192561025 3347150.5473069074, 634696.4192561025 3347152.9779301765))", "target_id": "77591f26-d9b7-485f-8b60-8a5939e29bd2", "region_outline_version": "2024-12-14", "region_name": "Brewster_57" }, "geometry": { "type": "Point", "coordinates": [ -103.599980938168585, 30.248509140458914 ] } },
{ "type": "Feature", "properties": { "bounding_box": "POLYGON ((634776.2992729403 3347152.9779301765, 634780.4976693993 3347152.9779301765, 634780.4976693993 3347150.6577897836, 634776.2992729403 3347150.6577897836, 634776.2992729403 3347152.9779301765))", "target_id": "dec88842-321a-4e8e-bc3f-b796c01fc4a2", "region_outline_version": "2024-12-14", "region_name": "Brewster_57" }, "geometry": { "type": "Point", "coordinates": [ -103.599137909794678, 30.248498753515733 ] } },
{ "type": "Feature", "properties": { "bounding_box": "POLYGON ((634260.283202898 3347152.867447301, 634261.277559954 3347152.867447301, 634261.277559954 3347151.81785998, 634260.283202898 3347151.81785998, 634260.283202898 3347152.867447301))", "target_id": "7b0bd064-baf4-476e-8d42-50f494c7c1bd", "region_outline_version": "2024-12-14", "region_name": "Brewster_57" }, "geometry": { "type": "Point", "coordinates": [ -103.604519884610099, 30.248562455278837 ] } },
{ "type": "Feature", "properties": { "bounding_box": "POLYGON ((634281.7723637208 3347152.756964425, 634284.7001928304 3347152.756964425, 634284.7001928304 3347149.331995273, 634281.7723637208 3347149.331995273, 634281.7723637208 3347152.756964425))", "target_id": "16868b5f-6603-4280-b6e1-c2993ecf37c9", "region_outline_version": "2024-12-14", "region_name": "Brewster_57" }, "geometry": { "type": "Point", "coordinates": [ -103.604287073015968, 30.248549391462387 ] } },
{ "type": "Feature", "properties": { "bounding_box": "POLYGON ((634480.5332908178 3347152.646481549, 634482.4115208125 3347152.646481549, 634482.4115208125 3347150.878755535, 634480.5332908178 3347150.878755535, 634480.5332908178 3347152.646481549))", "target_id": "a0c9f7f7-2c58-4136-ab7f-26ea468f7821", "region_outline_version": "2024-12-14", "region_name": "Brewster_57" }, "geometry": { "type": "Point", "coordinates": [ -103.602226124114949, 30.24853247158261 ] } },
{ "type": "Feature", "properties": { "bounding_box": "POLYGON ((634184.5463404605 3347152.5912401113, 634185.8169078099 3347152.5912401113, 634185.8169078099 3347151.4864113526, 634184.5463404605 3347151.4864113526, 634184.5463404605 3347152.5912401113))", "target_id": "d7342916-0f33-4c9f-aa89-c68b6c8a5859", "region_outline_version": "2024-12-14", "region_name": "Brewster_57" }, "geometry": { "type": "Point", "coordinates": [ -103.605305244330665, 30.24856830091446 ] } },
{ "type": "Feature", "properties": { "bounding_box": "POLYGON ((634711.942274589 3347152.09406717, 634714.0967148772 3347152.09406717, 634714.0967148772 3347148.9453052073, 634711.942274589 3347148.9453052073, 634711.942274589 3347152.09406717))", "target_id": "303e84c1-ac71-408d-b9b4-3044813c7f09", "region_outline_version": "2024-12-14", "region_name": "Brewster_57" }, "geometry": { "type": "Point", "coordinates": [ -103.599820558152928, 30.248496881238207 ] } },
{ "type": "Feature", "properties": { "bounding_box": "POLYGON ((634543.0120591742 3347151.9835842936, 634545.056015345 3347151.9835842936, 634545.056015345 3347149.6082024626, 634543.0120591742 3347149.6082024626, 634543.0120591742 3347151.9835842936))", "target_id": "d268ff9d-2d06-46b8-84a8-f8be12eda84a", "region_outline_version": "2024-12-14", "region_name": "Brewster_57" }, "geometry": { "type": "Point", "coordinates": [ -103.601577498856827, 30.248517340819401 ] } },
{ "type": "Feature", "properties": { "bounding_box": "POLYGON ((634638.3598524397 3347151.81785998, 634639.1884833197 3347151.81785998, 634639.1884833197 3347150.989238411, 634638.3598524397 3347150.989238411, 634638.3598524397 3347151.81785998))", "target_id": "3c8cd90d-6b47-4eb8-8b85-3c50167a3410", "region_outline_version": "2024-12-14", "region_name": "Brewster_57" }, "geometry": { "type": "Point", "coordinates": [ -103.600592023028327, 30.248512261326837 ] } },
{ "type": "Feature", "properties": { "bounding_box": "POLYGON ((634566.4346920506 3347151.5968942284, 634568.2576799867 3347151.5968942284, 634568.2576799867 3347149.2215123973, 634566.4346920506 3347149.2215123973, 634566.4346920506 3347151.5968942284))", "target_id": "0029fd34-c5a0-4e27-bbeb-78284ccf7381", "region_outline_version": "2024-12-14", "region_name": "Brewster_57" }, "geometry": { "type": "Point", "coordinates": [ -103.601333859895774, 30.248511283663465 ] } },
{ "type": "Feature", "properties": { "bounding_box": "POLYGON ((634175.4314007799 3347151.2102041626, 634176.591484012 3347151.2102041626, 634176.591484012 3347149.9948925283, 634175.4314007799 3347149.9948925283, 634175.4314007799 3347151.2102041626))", "target_id": "a9669bb1-7412-4a7a-abaa-6b34bf1c3439", "region_outline_version": "2024-12-14", "region_name": "Brewster_57" }, "geometry": { "type": "Point", "coordinates": [ -103.605401165983181, 30.248556558527028 ] } },
{ "type": "Feature", "properties": { "bounding_box": "POLYGON ((634552.5136932655 3347150.6025483455, 634554.5576494364 3347150.6025483455, 634554.5576494364 3347148.8900637696, 634552.5136932655 3347148.8900637696, 634552.5136932655 3347150.6025483455))", "target_id": "71c1ed13-05b6-4527-81c3-39708a2d5320", "region_outline_version": "2024-12-14", "region_name": "Brewster_57" }, "geometry": { "type": "Point", "coordinates": [ -103.601477454353798, 30.248507054206996 ] } },
{ "type": "Feature", "properties": { "bounding_box": "POLYGON ((634734.8124868786 3347150.2158582797, 634736.1935383454 3347150.2158582797, 634736.1935383454 3347148.9453052073, 634734.8124868786 3347148.9453052073, 634734.8124868786 3347150.2158582797))", "target_id": "5992e107-85e0-426a-9bf6-848bac1f9038", "region_outline_version": "2024-12-14", "region_name": "Brewster_57" }, "geometry": { "type": "Point", "coordinates": [ -103.599587026897865, 30.248485322557858 ] } },
{ "type": "Feature", "properties": { "bounding_box": "POLYGON ((634544.9455312276 3347149.93965109, 634548.0943285719 3347149.93965109, 634548.0943285719 3347146.73564769, 634544.9455312276 3347146.73564769, 634544.9455312276 3347149.93965109))", "target_id": "d4d14e63-41d2-4a50-bf5e-f0656a5271f0", "region_outline_version": "2024-12-14", "region_name": "Brewster_57" }, "geometry": { "type": "Point", "coordinates": [ -103.601551408631707, 30.248494842220662 ] } },
{ "type": "Feature", "properties": { "bounding_box": "POLYGON ((634633.609035394 3347149.7739267764, 634635.1558130368 3347149.7739267764, 634635.1558130368 3347148.2824079525, 634633.609035394 3347148.2824079525, 634633.609035394 3347149.7739267764))", "target_id": "c7f7fa6a-f2e9-4d24-ae55-84989d6f8400", "region_outline_version": "2024-12-14", "region_name": "Brewster_57" }, "geometry": { "type": "Point", "coordinates": [ -103.600638203423273, 30.248491680567916 ] } },
{ "type": "Feature", "properties": { "bounding_box": "POLYGON ((634453.9618605971 3347149.552961025, 634455.9505747093 3347149.552961025, 634455.9505747093 3347147.619510697, 634453.9618605971 3347147.619510697, 634453.9618605971 3347149.552961025))", "target_id": "d1dd7eec-51f4-4325-a625-46b8a5d9c8eb", "region_outline_version": "2024-12-14", "region_name": "Brewster_57" }, "geometry": { "type": "Point", "coordinates": [ -103.602502579006412, 30.24850673234997 ] } },
{ "type": "Feature", "properties": { "bounding_box": "POLYGON ((634310.2772659948 3347148.724339456, 634312.7079165764 3347148.724339456, 634312.7079165764 3347146.183233311, 634310.2772659948 3347146.183233311, 634310.2772659948 3347148.724339456))", "target_id": "dd86af5f-fcc5-4224-9cd6-de44619890ba", "region_outline_version": "2024-12-14", "region_name": "Brewster_57" }, "geometry": { "type": "Point", "coordinates": [ -103.603992788659241, 30.248512475418146 ] } },
{ "type": "Feature", "properties": { "bounding_box": "POLYGON ((634177.4753569507 3347148.1166836387, 634179.9060075321 3347148.1166836387, 634179.9060075321 3347146.846130566, 634177.4753569507 3347146.846130566, 634177.4753569507 3347148.1166836387))", "target_id": "39c5ecf7-38f4-4a45-95ed-8b8ce05dd543", "region_outline_version": "2024-12-14", "region_name": "Brewster_57" }, "geometry": { "type": "Point", "coordinates": [ -103.605373145728478, 30.248527790615618 ] } },
{ "type": "Feature", "properties": { "bounding_box": "POLYGON ((634176.1495475426 3347148.0062007625, 634177.1439045987 3347148.0062007625, 634177.1439045987 3347147.0670963177, 634176.1495475426 3347147.0670963177, 634176.1495475426 3347148.0062007625))", "target_id": "14cde1d2-4d08-4391-8122-2272df9ac30e", "region_outline_version": "2024-12-14", "region_name": "Brewster_57" }, "geometry": { "type": "Point", "coordinates": [ -103.605394859978361, 30.248528701680566 ] } },
{ "type": "Feature", "properties": { "bounding_box": "POLYGON ((634262.8795796555 3347147.564269259, 634265.0340199436 3347147.564269259, 634265.0340199436 3347146.0727504347, 634262.8795796555 3347146.0727504347, 634262.8795796555 3347147.564269259))", "target_id": "08bf44d4-5dd8-4b37-85e8-4213ae6a49dd", "region_outline_version": "2024-12-14", "region_name": "Brewster_57" }, "geometry": { "type": "Point", "coordinates": [ -103.604487872511172, 30.248512372227186 ] } },
{ "type": "Feature", "properties": { "bounding_box": "POLYGON ((634314.5309045125 3347146.790889128, 634319.0055112648 3347146.790889128, 634319.0055112648 3347142.0953669036, 634314.5309045125 3347142.0953669036, 634314.5309045125 3347146.790889128))", "target_id": "0060806a-7d06-4096-b9f1-71bce1aeae38", "region_outline_version": "2024-12-14", "region_name": "Brewster_57" }, "geometry": { "type": "Point", "coordinates": [ -103.603936900593709, 30.248485683763359 ] } },
{ "type": "Feature", "properties": { "bounding_box": "POLYGON ((634210.8968024465 3347146.5146819386, 634213.6589053799 3347146.5146819386, 634213.6589053799 3347143.80785148, 634210.8968024465 3347143.80785148, 634210.8968024465 3347146.5146819386))", "target_id": "fe227cce-2783-4ba9-8696-201b09d21ab8", "region_outline_version": "2024-12-14", "region_name": "Brewster_57" }, "geometry": { "type": "Point", "coordinates": [ -103.605024344195243, 30.248502914828574 ] } },
{ "type": "Feature", "properties": { "bounding_box": "POLYGON ((634745.4189621434 3347146.2384747486, 634747.0762239035 3347146.2384747486, 634747.0762239035 3347144.9126802385, 634745.4189621434 3347144.9126802385, 634745.4189621434 3347146.2384747486))", "target_id": "bc64106b-8c39-4e8a-8539-f4c9f280bdd9", "region_outline_version": "2024-12-14", "region_name": "Brewster_57" }, "geometry": { "type": "Point", "coordinates": [ -103.599475828115501, 30.248447826584044 ] } },
{ "type": "Feature", "properties": { "bounding_box": "POLYGON ((634177.254388716 3347146.017508997, 634178.5249560655 3347146.017508997, 634178.5249560655 3347144.5259901728, 634177.254388716 3347144.5259901728, 634177.254388716 3347146.017508997))", "target_id": "62e5843a-d307-4d8c-9c1e-3ccb3b3a6ed5", "region_outline_version": "2024-12-14", "region_name": "Brewster_57" }, "geometry": { "type": "Point", "coordinates": [ -103.605382122406013, 30.248507741890869 ] } },
{ "type": "Feature", "properties": { "bounding_box": "POLYGON ((634738.7899151029 3347146.017508997, 634741.7177442125 3347146.017508997, 634741.7177442125 3347143.2554371003, 634738.7899151029 3347143.2554371003, 634738.7899151029 3347146.017508997))", "target_id": "94e5bc60-4573-4989-85e6-b27cec576695", "region_outline_version": "2024-12-14", "region_name": "Brewster_57" }, "geometry": { "type": "Point", "coordinates": [ -103.599538510806397, 30.248440344201342 ] } },
{ "type": "Feature", "properties": { "bounding_box": "POLYGON ((634654.0485971022 3347145.6308189314, 634655.6506168036 3347145.6308189314, 634655.6506168036 3347144.3050244213, 634654.0485971022 3347144.3050244213, 634654.0485971022 3347145.6308189314))", "target_id": "55c9a135-3ca7-4653-af9f-4b4e34b3aa67", "region_outline_version": "2024-12-14", "region_name": "Brewster_57" }, "geometry": { "type": "Point", "coordinates": [ -103.600426348374199, 30.248452897512355 ] } },
{ "type": "Feature", "properties": { "bounding_box": "POLYGON ((634185.0987610472 3347145.5755774938, 634185.9826339859 3347145.5755774938, 634185.9826339859 3347144.6917144866, 634185.0987610472 3347144.6917144866, 634185.0987610472 3347145.5755774938))", "target_id": "af005d91-b81a-4d83-8406-76305fcd7394", "region_outline_version": "2024-12-14", "region_name": "Brewster_57" }, "geometry": { "type": "Point", "coordinates": [ -103.605302558591433, 30.248506012122018 ] } },
{ "type": "Feature", "properties": { "bounding_box": "POLYGON ((634175.9285793079 3347144.1393001075, 634177.7515672441 3347144.1393001075, 634177.7515672441 3347142.4820569693, 634175.9285793079 3347142.4820569693, 634175.9285793079 3347144.1393001075))", "target_id": "44e735ef-c320-4b35-8998-7c3cfc5ade39", "region_outline_version": "2024-12-14", "region_name": "Brewster_57" }, "geometry": { "type": "Point", "coordinates": [ -103.60539322226083, 30.248490396560403 ] } },
{ "type": "Feature", "properties": { "bounding_box": "POLYGON ((634467.9381014408 3347144.0288172313, 634470.1477837877 3347144.0288172313, 634470.1477837877 3347141.4877110864, 634467.9381014408 3347141.4877110864, 634467.9381014408 3347144.0288172313))", "target_id": "f31cd58c-32fc-4977-a9ea-7a70da0f1803", "region_outline_version": "2024-12-14", "region_name": "Brewster_57" }, "geometry": { "type": "Point", "coordinates": [ -103.602356854950116, 30.248452919325221 ] } },
{ "type": "Feature", "properties": { "bounding_box": "POLYGON ((634181.8947216443 3347143.80785148, 634182.7233525243 3347143.80785148, 634182.7233525243 3347142.9792299108, 634181.8947216443 3347142.9792299108, 634181.8947216443 3347143.80785148))", "target_id": "372ebeeb-e221-4bf9-9c32-5ddf272f62dd", "region_outline_version": "2024-12-14", "region_name": "Brewster_57" }, "geometry": { "type": "Point", "coordinates": [ -103.605336270009033, 30.248490590004874 ] } },
{ "type": "Feature", "properties": { "bounding_box": "POLYGON ((634816.0735551831 3347143.80785148, 634822.0396975195 3347143.80785148, 634822.0396975195 3347142.20584978, 634816.0735551831 3347142.20584978, 634816.0735551831 3347143.80785148))", "target_id": "c7578d1a-0591-4946-85ad-30803e79990f", "region_outline_version": "2024-12-14", "region_name": "Brewster_57" }, "geometry": { "type": "Point", "coordinates": [ -103.598719728309078, 30.248416331100536 ] } },
{ "type": "Feature", "properties": { "bounding_box": "POLYGON ((634709.6221081248 3347143.586885728, 634710.8374334156 3347143.586885728, 634710.8374334156 3347142.3163326555, 634709.6221081248 3347142.3163326555, 634709.6221081248 3347143.586885728))", "target_id": "8e6ba5ef-839b-4789-b047-d02bfdfbad88", "region_outline_version": "2024-12-14", "region_name": "Brewster_57" }, "geometry": { "type": "Point", "coordinates": [ -103.599850791580735, 30.248428274929697 ] } },
{ "type": "Feature", "properties": { "bounding_box": "POLYGON ((634710.3954969462 3347143.034471349, 634716.0854289893 3347143.034471349, 634716.0854289893 3347135.9635672932, 634710.3954969462 3347135.9635672932, 634710.3954969462 3347143.034471349))", "target_id": "badfdf0e-deda-48ce-a3b5-bad0d5dff35b", "region_outline_version": "2024-12-14", "region_name": "Brewster_57" }, "geometry": { "type": "Point", "coordinates": [ -103.599822987146425, 30.24840025208432 ] } },
{ "type": "Feature", "properties": { "bounding_box": "POLYGON ((634324.1430227212 3347142.758264159, 634325.358348012 3347142.758264159, 634325.358348012 3347141.5981939626, 634324.1430227212 3347141.5981939626, 634324.1430227212 3347142.758264159))", "target_id": "7cd7eeef-66d6-469d-95fa-88a3159766c1", "region_outline_version": "2024-12-14", "region_name": "Brewster_57" }, "geometry": { "type": "Point", "coordinates": [ -103.603856025499624, 30.248463838158955 ] } },
{ "type": "Feature", "properties": { "bounding_box": "POLYGON ((634473.4623073079 3347142.592539845, 634476.2796523 3347142.592539845, 634476.2796523 3347139.7199850725, 634473.4623073079 3347139.7199850725, 634473.4623073079 3347142.592539845))", "target_id": "4f646038-47b5-4549-b540-3b212148de6a", "region_outline_version": "2024-12-14", "region_name": "Brewster_57" }, "geometry": { "type": "Point", "coordinates": [ -103.602296145412282, 30.248437505667336 ] } },
{ "type": "Feature", "properties": { "bounding_box": "POLYGON ((634496.4430037149 3347142.5372984074, 634498.1555075337 3347142.5372984074, 634498.1555075337 3347140.880055269, 634496.4430037149 3347140.880055269, 634496.4430037149 3347142.5372984074))", "target_id": "3038ddbc-f95e-4655-a626-97c5c2acc0e7", "region_outline_version": "2024-12-14", "region_name": "Brewster_57" }, "geometry": { "type": "Point", "coordinates": [ -103.602062953316803, 30.248440485158419 ] } },
{ "type": "Feature", "properties": { "bounding_box": "POLYGON ((634776.4649991163 3347142.1506083417, 634778.0670188176 3347142.1506083417, 634778.0670188176 3347140.990538145, 634776.4649991163 3347140.990538145, 634776.4649991163 3347142.1506083417))", "target_id": "0b44fd80-725a-4e4a-a4d0-634695274138", "region_outline_version": "2024-12-14", "region_name": "Brewster_57" }, "geometry": { "type": "Point", "coordinates": [ -103.599154250552346, 30.248408073116714 ] } },
{ "type": "Feature", "properties": { "bounding_box": "POLYGON ((634618.2517430836 3347141.984884028, 634620.0747310197 3347141.984884028, 634620.0747310197 3347140.438123766, 634618.2517430836 3347140.438123766, 634618.2517430836 3347141.984884028))", "target_id": "ab46158f-0205-48ad-adb2-30a38a0e6d39", "region_outline_version": "2024-12-14", "region_name": "Brewster_57" }, "geometry": { "type": "Point", "coordinates": [ -103.60079717112005, 30.248422544113971 ] } },
{ "type": "Feature", "properties": { "bounding_box": "POLYGON ((634628.1400715857 3347141.6534354, 634629.1896707003 3347141.6534354, 634629.1896707003 3347140.4933652035, 634628.1400715857 3347140.4933652035, 634628.1400715857 3347141.6534354))", "target_id": "154a677c-595d-4dfd-90c0-99ffd2ffc66d", "region_outline_version": "2024-12-14", "region_name": "Brewster_57" }, "geometry": { "type": "Point", "coordinates": [ -103.600698327106727, 30.248420432723453 ] } },
{ "type": "Feature", "properties": { "bounding_box": "POLYGON ((634582.786341417 3347141.5981939626, 634584.3883611185 3347141.5981939626, 634584.3883611185 3347140.0514337, 634582.786341417 3347140.0514337, 634582.786341417 3347141.5981939626))", "target_id": "6f68c257-18cf-4c82-b2e3-c855f3976941", "region_outline_version": "2024-12-14", "region_name": "Brewster_57" }, "geometry": { "type": "Point", "coordinates": [ -103.601166543873106, 30.248423164208379 ] } },
{ "type": "Feature", "properties": { "bounding_box": "POLYGON ((634691.7789231741 3347141.4877110864, 634694.8724784597 3347141.4877110864, 634694.8724784597 3347138.504673438, 634691.7789231741 3347138.504673438, 634691.7789231741 3347141.4877110864))", "target_id": "6295db57-6324-4fc3-b9bc-7eaf7873553e", "region_outline_version": "2024-12-14", "region_name": "Brewster_57" }, "geometry": { "type": "Point", "coordinates": [ -103.600025911155441, 30.2484033701407 ] } },
{ "type": "Feature", "properties": { "bounding_box": "POLYGON ((634241.9980814779 3347141.432469649, 634249.3452752811 3347141.432469649, 634249.3452752811 3347136.3502573585, 634241.9980814779 3347136.3502573585, 634241.9980814779 3347141.432469649))", "target_id": "8fc2c874-054d-4b3e-9509-ca7e3548e37f", "region_outline_version": "2024-12-14", "region_name": "Brewster_57" }, "geometry": { "type": "Point", "coordinates": [ -103.604673062216335, 30.248440313771507 ] } },
{ "type": "Feature", "properties": { "bounding_box": "POLYGON ((634239.0150103098 3347141.3772282107, 634241.335176774 3347141.3772282107, 634241.335176774 3347139.7752265106, 634239.0150103098 3347139.7752265106, 634239.0150103098 3347141.3772282107))", "target_id": "1d76e941-ba28-491b-bd0a-fd9daac66279", "region_outline_version": "2024-12-14", "region_name": "Brewster_57" }, "geometry": { "type": "Point", "coordinates": [ -103.604734271256604, 30.248458961372641 ] } },
{ "type": "Feature", "properties": { "bounding_box": "POLYGON ((634179.5745551802 3347140.880055269, 634180.4031860603 3347140.880055269, 634180.4031860603 3347140.0514337, 634179.5745551802 3347140.0514337, 634179.5745551802 3347140.880055269))", "target_id": "558bfa7c-fc16-414d-8491-57b371b30662", "region_outline_version": "2024-12-14", "region_name": "Brewster_57" }, "geometry": { "type": "Point", "coordinates": [ -103.605360752485453, 30.248464433353135 ] } },
{ "type": "Feature", "properties": { "bounding_box": "POLYGON ((634450.647337077 3347140.5486066416, 634453.1332297171 3347140.5486066416, 634453.1332297171 3347136.5712231104, 634450.647337077 3347136.5712231104, 634450.647337077 3347140.5486066416))", "target_id": "a4ec5aeb-f40b-4f0b-aad7-3860907b636e", "region_outline_version": "2024-12-14", "region_name": "Brewster_57" }, "geometry": { "type": "Point", "coordinates": [ -103.602535711369896, 30.248416804775932 ] } },
{ "type": "Feature", "properties": { "bounding_box": "POLYGON ((634601.5133993063 3347140.438123766, 634602.5077563624 3347140.438123766, 634602.5077563624 3347139.3332950072, 634601.5133993063 3347139.3332950072, 634601.5133993063 3347140.438123766))", "target_id": "0c26582a-92f4-4ec1-8115-ae26a1796241", "region_outline_version": "2024-12-14", "region_name": "Brewster_57" }, "geometry": { "type": "Point", "coordinates": [ -103.600975608461383, 30.248412471385226 ] } },
{ "type": "Feature", "properties": { "bounding_box": "POLYGON ((634305.5816910078 3347140.3276408897, 634307.3494368853 3347140.3276408897, 634307.3494368853 3347138.504673438, 634305.5816910078 3347138.504673438, 634305.5816910078 3347140.3276408897))", "target_id": "70b49abe-4617-4c84-8391-3531ab3e2b98", "region_outline_version": "2024-12-14", "region_name": "Brewster_57" }, "geometry": { "type": "Point", "coordinates": [ -103.604046887163832, 30.248441318634196 ] } },
{ "type": "Feature", "properties": { "bounding_box": "POLYGON ((634638.138884205 3347140.272399452, 634639.1884833197 3347140.272399452, 634639.1884833197 3347139.1123292553, 634638.138884205 3347139.1123292553, 634638.138884205 3347140.272399452))", "target_id": "e670fc4f-9452-4fa9-a746-08322a95776b", "region_outline_version": "2024-12-14", "region_name": "Brewster_57" }, "geometry": { "type": "Point", "coordinates": [ -103.600594394080261, 30.248406561845336 ] } },
{ "type": "Feature", "properties": { "bounding_box": "POLYGON ((634779.8347646951 3347139.3332950072, 634782.1549311593 3347139.3332950072, 634782.1549311593 3347137.12363749, 634779.8347646951 3347137.12363749, 634779.8347646951 3347139.3332950072))", "target_id": "c8476702-1183-4ecb-948e-f64dfc09bde2", "region_outline_version": "2024-12-14", "region_name": "Brewster_57" }, "geometry": { "type": "Point", "coordinates": [ -103.599116196528811, 30.248377978537622 ] } },
{ "type": "Feature", "properties": { "bounding_box": "POLYGON ((634727.4652930754 3347139.1675706934, 634729.9511857156 3347139.1675706934, 634729.9511857156 3347137.5103275552, 634727.4652930754 3347137.5103275552, 634727.4652930754 3347139.1675706934))", "target_id": "2902acbb-216a-4f70-9c8b-d0eb1ec59ae9", "region_outline_version": "2024-12-14", "region_name": "Brewster_57" }, "geometry": { "type": "Point", "coordinates": [ -103.599658829542591, 30.248384318780282 ] } },
{ "type": "Feature", "properties": { "bounding_box": "POLYGON ((634775.7468523536 3347137.5103275552, 634776.5754832336 3347137.5103275552, 634776.5754832336 3347136.681705986, 634775.7468523536 3347136.681705986, 634775.7468523536 3347137.5103275552))", "target_id": "edc15f47-5e0e-4e35-9a28-754af55e94ab", "region_outline_version": "2024-12-14", "region_name": "Brewster_57" }, "geometry": { "type": "Point", "coordinates": [ -103.599166239339425, 30.248367924337121 ] } },
{ "type": "Feature", "properties": { "bounding_box": "POLYGON ((634238.462589723 3347136.239774483, 634241.2799347152 3347136.239774483, 634241.2799347152 3347133.2014953964, 634238.462589723 3347133.2014953964, 634238.462589723 3347136.239774483))", "target_id": "053ee566-6fdb-4825-9b5b-14d2a86b23d5", "region_outline_version": "2024-12-14", "region_name": "Brewster_57" }, "geometry": { "type": "Point", "coordinates": [ -103.604739669978215, 30.248406435728171 ] } },
{ "type": "Feature", "properties": { "bounding_box": "POLYGON ((634281.4409113688 3347136.074050169, 634285.4183395931 3347136.074050169, 634285.4183395931 3347133.4224611484, 634281.4409113688 3347133.4224611484, 634281.4409113688 3347136.074050169))", "target_id": "90a39254-72ee-4ad0-9a47-a2b233d16a0b", "region_outline_version": "2024-12-14", "region_name": "Brewster_57" }, "geometry": { "type": "Point", "coordinates": [ -103.604285973253184, 30.2484015806914 ] } },
{ "type": "Feature", "properties": { "bounding_box": "POLYGON ((634727.2443248407 3347135.908325855, 634729.6197333635 3347135.908325855, 634729.6197333635 3347133.532944024, 634727.2443248407 3347133.532944024, 634727.2443248407 3347135.908325855))", "target_id": "606a474e-212c-4466-b08e-f86d21696301", "region_outline_version": "2024-12-14", "region_name": "Brewster_57" }, "geometry": { "type": "Point", "coordinates": [ -103.599662165545681, 30.248350451085624 ] } },
{ "type": "Feature", "properties": { "bounding_box": "POLYGON ((634307.9570995307 3347135.2454286, 634309.0619407041 3347135.2454286, 634309.0619407041 3347134.2510827174, 634307.9570995307 3347134.2510827174, 634307.9570995307 3347135.2454286))", "target_id": "83907be4-82ed-4bfb-8731-1653c1551d05", "region_outline_version": "2024-12-14", "region_name": "Brewster_57" }, "geometry": { "type": "Point", "coordinates": [ -103.604026108721811, 30.248398764144721 ] } },
{ "type": "Feature", "properties": { "bounding_box": "POLYGON ((634300.4994216101 3347135.0244628484, 634303.4272507197 3347135.0244628484, 634303.4272507197 3347133.0357710826, 634300.4994216101 3347133.0357710826, 634300.4994216101 3347135.0244628484))", "target_id": "2b8c6d2a-ae79-44d8-a3fe-dbc8baa0b835", "region_outline_version": "2024-12-14", "region_name": "Brewster_57" }, "geometry": { "type": "Point", "coordinates": [ -103.604093563619671, 30.248393036712706 ] } },
{ "type": "Feature", "properties": { "bounding_box": "POLYGON ((634694.7067522837 3347134.9139799722, 634697.6898234519 3347134.9139799722, 634697.6898234519 3347131.8204594483, 634694.7067522837 3347131.8204594483, 634694.7067522837 3347134.9139799722))", "target_id": "4ea6a810-a5d9-4721-aa87-9c0f36a18085", "region_outline_version": "2024-12-14", "region_name": "Brewster_57" }, "geometry": { "type": "Point", "coordinates": [ -103.599997425101634, 30.248343600667326 ] } },
{ "type": "Feature", "properties": { "bounding_box": "POLYGON ((634276.4691260884 3347134.0301169655, 634280.6122804887 3347134.0301169655, 634280.6122804887 3347131.378527945, 634276.4691260884 3347131.378527945, 634276.4691260884 3347134.0301169655))", "target_id": "68d59af7-8c91-42de-a63e-b989ae708839", "region_outline_version": "2024-12-14", "region_name": "Brewster_57" }, "geometry": { "type": "Point", "coordinates": [ -103.604337643411256, 30.24838301552046 ] } },
{ "type": "Feature", "properties": { "bounding_box": "POLYGON ((634258.4049729032 3347133.91963409, 634261.9957067168 3347133.91963409, 634261.9957067168 3347130.6051478134, 634258.4049729032 3347130.6051478134, 634258.4049729032 3347133.91963409))", "target_id": "b05effbe-feb3-4763-9d4e-9572a8268be5", "region_outline_version": "2024-12-14", "region_name": "Brewster_57" }, "geometry": { "type": "Point", "coordinates": [ -103.604528221186541, 30.248381521676531 ] } },
{ "type": "Feature", "properties": { "bounding_box": "POLYGON ((634732.9894989425 3347133.3672197103, 634736.0278121694 3347133.3672197103, 634736.0278121694 3347130.4946649377, 634732.9894989425 3347130.4946649377, 634732.9894989425 3347133.3672197103))", "target_id": "4b11c5a9-e2d4-4677-bc9d-64af4743a911", "region_outline_version": "2024-12-14", "region_name": "Brewster_57" }, "geometry": { "type": "Point", "coordinates": [ -103.599600147939498, 30.248326736269025 ] } },
{ "type": "Feature", "properties": { "bounding_box": "POLYGON ((634687.2490743631 3347133.311978272, 634690.8950502354 3347133.311978272, 634690.8950502354 3347128.008800231, 634687.2490743631 3347128.008800231, 634687.2490743631 3347133.311978272))", "target_id": "0b52d538-8dce-48f6-ad9e-49777dd71606", "region_outline_version": "2024-12-14", "region_name": "Brewster_57" }, "geometry": { "type": "Point", "coordinates": [ -103.600073101744115, 30.24832151900214 ] } },
{ "type": "Feature", "properties": { "bounding_box": "POLYGON ((634186.9217489833 3347133.2014953964, 634191.506839853 3347133.2014953964, 634191.506839853 3347129.0583875515, 634186.9217489833 3347129.0583875515, 634186.9217489833 3347133.2014953964))", "target_id": "4af05f85-c45b-4c57-92d1-1eacb67a65a6", "region_outline_version": "2024-12-14", "region_name": "Brewster_57" }, "geometry": { "type": "Point", "coordinates": [ -103.605265783359442, 30.248379098827542 ] } },
{ "type": "Feature", "properties": { "bounding_box": "POLYGON ((634282.7667207769 3347132.870046769, 634284.4792245957 3347132.870046769, 634284.4792245957 3347131.0470793173, 634282.7667207769 3347131.0470793173, 634282.7667207769 3347132.870046769))", "target_id": "73862c36-004c-4007-849d-852fbfc68efc", "region_outline_version": "2024-12-14", "region_name": "Brewster_57" }, "geometry": { "type": "Point", "coordinates": [ -103.604284937080592, 30.248376440351116 ] } },
{ "type": "Feature", "properties": { "bounding_box": "POLYGON ((634512.5736848466 3347132.2623909516, 634514.6728830761 3347132.2623909516, 634514.6728830761 3347130.218457748, 634512.5736848466 3347130.218457748, 634512.5736848466 3347132.2623909516))", "target_id": "8b1d766a-5d2c-4afe-ae99-4f6369cf75e8", "region_outline_version": "2024-12-14", "region_name": "Brewster_57" }, "geometry": { "type": "Point", "coordinates": [ -103.60189511280754, 30.248344218380396 ] } },
{ "type": "Feature", "properties": { "bounding_box": "POLYGON ((634316.8510709767 3347129.9422505586, 634318.0111542088 3347129.9422505586, 634318.0111542088 3347128.9479046757, 634316.8510709767 3347128.9479046757, 634316.8510709767 3347129.9422505586))", "target_id": "ad2468db-ca0a-4947-b7e1-3b329df599b5", "region_outline_version": "2024-12-14", "region_name": "Brewster_57" }, "geometry": { "type": "Point", "coordinates": [ -103.603933926133152, 30.248349889971035 ] } },
{ "type": "Feature", "properties": { "bounding_box": "POLYGON ((634324.6402012493 3347129.8870091205, 634327.6232724175 3347129.8870091205, 634327.6232724175 3347126.6830057204, 634324.6402012493 3347126.6830057204, 634324.6402012493 3347129.8870091205))", "target_id": "f1a4d0fb-46f0-4507-be47-83653adbda4c", "region_outline_version": "2024-12-14", "region_name": "Brewster_57" }, "geometry": { "type": "Point", "coordinates": [ -103.603842907090737, 30.248337699494229 ] } },
{ "type": "Feature", "properties": { "bounding_box": "POLYGON ((634724.2612536725 3347129.445077617, 634725.9737574913 3347129.445077617, 634725.9737574913 3347127.8983173547, 634724.2612536725 3347127.8983173547, 634724.2612536725 3347129.445077617))", "target_id": "99b84628-d366-471c-a4bc-8c2372ae5c3b", "region_outline_version": "2024-12-14", "region_name": "Brewster_57" }, "geometry": { "type": "Point", "coordinates": [ -103.599697959514259, 30.248297913906057 ] } },
{ "type": "Feature", "properties": { "bounding_box": "POLYGON ((634273.8175072722 3347129.334594741, 634276.0824316777 3347129.334594741, 634276.0824316777 3347126.848730034, 634273.8175072722 3347126.848730034, 634273.8175072722 3347129.334594741))", "target_id": "55887185-5510-4dbc-86c0-1cb2975fe4ef", "region_outline_version": "2024-12-14", "region_name": "Brewster_57" }, "geometry": { "type": "Point", "coordinates": [ -103.604375571221652, 30.248341770468684 ] } },
{ "type": "Feature", "properties": { "bounding_box": "POLYGON ((634278.4025981419 3347129.334594741, 634279.894133726 3347129.334594741, 634279.894133726 3347127.843075917, 634278.4025981419 3347127.843075917, 634278.4025981419 3347129.334594741))", "target_id": "a7080e1d-7f9c-46ba-9233-1c67cb604fc9", "region_outline_version": "2024-12-14", "region_name": "Brewster_57" }, "geometry": { "type": "Point", "coordinates": [ -103.604331553141222, 30.248346343924439 ] } },
{ "type": "Feature", "properties": { "bounding_box": "POLYGON ((634424.8492956777 3347128.56121461, 634426.8932518485 3347128.56121461, 634426.8932518485 3347126.6277642823, 634424.8492956777 3347126.6277642823, 634424.8492956777 3347128.56121461))", "target_id": "6d609a08-6db2-473a-a5f1-f1413504789a", "region_outline_version": "2024-12-14", "region_name": "Brewster_57" }, "geometry": { "type": "Point", "coordinates": [ -103.60280745723189, 30.248321301547463 ] } },
{ "type": "Feature", "properties": { "bounding_box": "POLYGON ((634607.0376051734 3347128.2850074205, 634607.8662360535 3347128.2850074205, 634607.8662360535 3347127.4563858514, 634607.0376051734 3347127.4563858514, 634607.0376051734 3347128.2850074205))", "target_id": "a31610e6-240e-4614-bbe4-49da31ac6181", "region_outline_version": "2024-12-14", "region_name": "Brewster_57" }, "geometry": { "type": "Point", "coordinates": [ -103.600920507355795, 30.248303435119524 ] } },
{ "type": "Feature", "properties": { "bounding_box": "POLYGON ((634714.1519569358 3347128.0640416685, 634717.963658984 3347128.0640416685, 634717.963658984 3347124.418106765, 634714.1519569358 3347124.418106765, 634714.1519569358 3347128.0640416685))", "target_id": "85a68b6e-7fc0-4453-9a19-c9d7d3414942", "region_outline_version": "2024-12-14", "region_name": "Brewster_57" }, "geometry": { "type": "Point", "coordinates": [ -103.599791233022984, 30.248276544154908 ] } },
{ "type": "Feature", "properties": { "bounding_box": "POLYGON ((634185.9826339859 3347127.732593041, 634188.4685266261 3347127.732593041, 634188.4685266261 3347125.246728334, 634185.9826339859 3347125.246728334, 634185.9826339859 3347127.732593041))", "target_id": "87b7e1a6-ac2a-4b60-9f9d-b8620723b141", "region_outline_version": "2024-12-14", "region_name": "Brewster_57" }, "geometry": { "type": "Point", "coordinates": [ -103.605287670049293, 30.248337757942487 ] } },
{ "type": "Feature", "properties": { "bounding_box": "POLYGON ((634757.5722150509 3347127.5668687276, 634758.8427824003 3347127.5668687276, 634758.8427824003 3347126.406798531, 634757.5722150509 3347126.406798531, 634757.5722150509 3347127.5668687276))", "target_id": "631c3309-e928-4cd1-8728-73427ea1ce38", "region_outline_version": "2024-12-14", "region_name": "Brewster_57" }, "geometry": { "type": "Point", "coordinates": [ -103.599353949887941, 30.248278510354965 ] } },
{ "type": "Feature", "properties": { "bounding_box": "POLYGON ((634281.4409113688 3347127.069695786, 634283.3743834223 3347127.069695786, 634283.3743834223 3347123.7552095097, 634281.4409113688 3347123.7552095097, 634281.4409113688 3347127.069695786))", "target_id": "84d51323-0d52-40f9-9543-fa4785669af8", "region_outline_version": "2024-12-14", "region_name": "Brewster_57" }, "geometry": { "type": "Point", "coordinates": [ -103.604298906244395, 30.248316934676261 ] } },
{ "type": "Feature", "properties": { "bounding_box": "POLYGON ((634225.6464321115 3347127.014454348, 634229.5686182771 3347127.014454348, 634229.5686182771 3347123.2027951307, 634225.6464321115 3347123.2027951307, 634225.6464321115 3347127.014454348))", "target_id": "1afb7519-2873-478e-8de2-84e740c369a0", "region_outline_version": "2024-12-14", "region_name": "Brewster_57" }, "geometry": { "type": "Point", "coordinates": [ -103.604866096546971, 30.248319489231658 ] } },
{ "type": "Feature", "properties": { "bounding_box": "POLYGON ((634294.9752157431 3347126.6830057204, 634297.2401401486 3347126.6830057204, 634297.2401401486 3347124.639072517, 634294.9752157431 3347124.639072517, 634294.9752157431 3347126.6830057204))", "target_id": "e7e06f8e-f4dd-4b45-ac43-849e42fae038", "region_outline_version": "2024-12-14", "region_name": "Brewster_57" }, "geometry": { "type": "Point", "coordinates": [ -103.604156726735283, 30.248317417988044 ] } },
{ "type": "Feature", "properties": { "bounding_box": "POLYGON ((634548.1495706305 3347126.185832779, 634550.9669156228 3347126.185832779, 634550.9669156228 3347123.644726634, 634548.1495706305 3347123.644726634, 634548.1495706305 3347126.185832779))", "target_id": "f0584489-047e-45c2-a57c-38345c265b23", "region_outline_version": "2024-12-14", "region_name": "Brewster_57" }, "geometry": { "type": "Point", "coordinates": [ -103.60152172315405, 30.248283369009055 ] } },
{ "type": "Feature", "properties": { "bounding_box": "POLYGON ((634603.4468713598 3347124.694313955, 634605.1593751786 3347124.694313955, 634605.1593751786 3347122.871346503, 634603.4468713598 3347122.871346503, 634603.4468713598 3347124.694313955))", "target_id": "b7f12774-eae0-4df9-aca1-1e528e4a9b2b", "region_outline_version": "2024-12-14", "region_name": "Brewster_57" }, "geometry": { "type": "Point", "coordinates": [ -103.600953074111104, 30.248266489653215 ] } },
{ "type": "Feature", "properties": { "bounding_box": "POLYGON ((634277.3529990271 3347124.583831079, 634278.4578402006 3347124.583831079, 634278.4578402006 3347123.423760882, 634277.3529990271 3347123.423760882, 634277.3529990271 3347124.583831079))", "target_id": "9f91d0fc-c7ed-4aa4-bf47-239d17f8045f", "region_outline_version": "2024-12-14", "region_name": "Brewster_57" }, "geometry": { "type": "Point", "coordinates": [ -103.60434503105391, 30.248304844898186 ] } },
{ "type": "Feature", "properties": { "bounding_box": "POLYGON ((634311.4925912856 3347124.583831079, 634312.431706283 3347124.583831079, 634312.431706283 3347123.699968072, 634311.4925912856 3347123.699968072, 634311.4925912856 3347124.583831079))", "target_id": "89b45721-36e9-4702-a4a4-3aa0b6cd44b6", "region_outline_version": "2024-12-14", "region_name": "Brewster_57" }, "geometry": { "type": "Point", "coordinates": [ -103.603991463664869, 30.248302518914066 ] } },
{ "type": "Feature", "properties": { "bounding_box": "POLYGON ((634258.5154570205 3347123.9209338236, 634260.946107602 3347123.9209338236, 634260.946107602 3347121.7112763063, 634258.5154570205 3347121.7112763063, 634258.5154570205 3347123.9209338236))", "target_id": "1584881e-5b7b-4eae-89ca-decea8ac2bed", "region_outline_version": "2024-12-14", "region_name": "Brewster_57" }, "geometry": { "type": "Point", "coordinates": [ -103.604534284970796, 30.24829644582859 ] } },
{ "type": "Feature", "properties": { "bounding_box": "POLYGON ((634696.1430458091 3347123.9209338236, 634698.2422440386 3347123.9209338236, 634698.2422440386 3347121.932242058, 634696.1430458091 3347121.932242058, 634696.1430458091 3347123.9209338236))", "target_id": "d981452d-a290-4f6a-b5f1-54f09203448e", "region_outline_version": "2024-12-14", "region_name": "Brewster_57" }, "geometry": { "type": "Point", "coordinates": [ -103.599988575358083, 30.248248576795653 ] } },
{ "type": "Feature", "properties": { "bounding_box": "POLYGON ((634571.903655859 3347123.865692386, 634574.8314849684 3347123.865692386, 634574.8314849684 3347120.9931376134, 634571.903655859 3347120.9931376134, 634571.903655859 3347123.865692386))", "target_id": "bb19648f-5c92-46ae-8c1b-b1675dc53399", "region_outline_version": "2024-12-14", "region_name": "Brewster_57" }, "geometry": { "type": "Point", "coordinates": [ -103.60127512683772, 30.248257575803599 ] } },
{ "type": "Feature", "properties": { "bounding_box": "POLYGON ((634238.0206532537 3347123.810450948, 634241.6113870672 3347123.810450948, 634241.6113870672 3347118.783480096, 634238.0206532537 3347118.783480096, 634238.0206532537 3347123.810450948))", "target_id": "8c2763e8-4e1f-4d07-9e87-c85ebd100d6a", "region_outline_version": "2024-12-14", "region_name": "Brewster_57" }, "geometry": { "type": "Point", "coordinates": [ -103.604740759374351, 30.248288496886708 ] } },
{ "type": "Feature", "properties": { "bounding_box": "POLYGON ((634533.5656671415 3347123.810450948, 634535.499139195 3347123.810450948, 634535.499139195 3347121.7665177444, 634533.5656671415 3347121.7665177444, 634533.5656671415 3347123.810450948))", "target_id": "b47a2e0b-8278-4d6c-83ec-b9e67a23605f", "region_outline_version": "2024-12-14", "region_name": "Brewster_57" }, "geometry": { "type": "Point", "coordinates": [ -103.601679181684943, 30.248265705227798 ] } },
{ "type": "Feature", "properties": { "bounding_box": "POLYGON ((634579.0851234861 3347123.3685194445, 634583.0073096517 3347123.3685194445, 634583.0073096517 3347120.330240358, 634579.0851234861 3347120.330240358, 634579.0851234861 3347123.3685194445))", "target_id": "31732f36-d448-4316-8baf-68aa51fa34c5", "region_outline_version": "2024-12-14", "region_name": "Brewster_57" }, "geometry": { "type": "Point", "coordinates": [ -103.601194245809907, 30.2482512598854 ] } },
{ "type": "Feature", "properties": { "bounding_box": "POLYGON ((634762.5992423899 3347123.2580365688, 634763.925051798 3347123.2580365688, 634763.925051798 3347121.87700062, 634762.5992423899 3347121.87700062, 634762.5992423899 3347123.2580365688))", "target_id": "dd0280c8-9dc1-4c98-ac69-6d16c26a734c", "region_outline_version": "2024-12-14", "region_name": "Brewster_57" }, "geometry": { "type": "Point", "coordinates": [ -103.599302038199966, 30.248238109363804 ] } },
{ "type": "Feature", "properties": { "bounding_box": "POLYGON ((634267.1884602318 3347123.037070817, 634271.9392772774 3347123.037070817, 634271.9392772774 3347118.2310657166, 634267.1884602318 3347118.2310657166, 634267.1884602318 3347123.037070817))", "target_id": "560ad5b2-9366-4d6a-969a-f5b6663cd03a", "region_outline_version": "2024-12-14", "region_name": "Brewster_57" }, "geometry": { "type": "Point", "coordinates": [ -103.6044287593257, 30.248274701556138 ] } },
{ "type": "Feature", "properties": { "bounding_box": "POLYGON ((634708.241056658 3347122.097966372, 634711.5003381196 3347122.097966372, 634711.5003381196 3347117.34720271, 634708.241056658 3347117.34720271, 634708.241056658 3347122.097966372))", "target_id": "16f636a2-dbe7-4f59-9b5a-059e4d534b0a", "region_outline_version": "2024-12-14", "region_name": "Brewster_57" }, "geometry": { "type": "Point", "coordinates": [ -103.599857101492702, 30.248218470662199 ] } },
{ "type": "Feature", "properties": { "bounding_box": "POLYGON ((634234.9823400268 3347121.932242058, 634236.4738756109 3347121.932242058, 634236.4738756109 3347120.55120611, 634234.9823400268 3347120.55120611, 634234.9823400268 3347121.932242058))", "target_id": "1d08054b-7529-4bac-b5cd-e0e728078f38", "region_outline_version": "2024-12-14", "region_name": "Brewster_57" }, "geometry": { "type": "Point", "coordinates": [ -103.604783992076165, 30.248285131576093 ] } },
{ "type": "Feature", "properties": { "bounding_box": "POLYGON ((634648.4139071178 3347121.6007934306, 634651.562704462 3347121.6007934306, 634651.562704462 3347119.888308855, 634648.4139071178 3347119.888308855, 634648.4139071178 3347121.6007934306))", "target_id": "5d0e041e-8607-4238-852f-18248f8a2e23", "region_outline_version": "2024-12-14", "region_name": "Brewster_57" }, "geometry": { "type": "Point", "coordinates": [ -103.60047906676661, 30.2482348015083 ] } },
{ "type": "Feature", "properties": { "bounding_box": "POLYGON ((634555.9387009031 3347121.3798276787, 634558.314109426 3347121.3798276787, 634558.314109426 3347119.1701701614, 634555.9387009031 3347119.1701701614, 634555.9387009031 3347121.3798276787))", "target_id": "2ff00abb-4400-437e-912c-b297f77d6b7e", "region_outline_version": "2024-12-14", "region_name": "Brewster_57" }, "geometry": { "type": "Point", "coordinates": [ -103.601444013731339, 30.248241129631229 ] } },
{ "type": "Feature", "properties": { "bounding_box": "POLYGON ((634776.1335467643 3347121.158861927, 634777.2936299964 3347121.158861927, 634777.2936299964 3347120.0540331686, 634776.1335467643 3347120.0540331686, 634776.1335467643 3347121.158861927))", "target_id": "4252e68a-0f8b-4f14-b8ef-e54fa73fc203", "region_outline_version": "2024-12-14", "region_name": "Brewster_57" }, "geometry": { "type": "Point", "coordinates": [ -103.599162820424397, 30.248218944766755 ] } },
{ "type": "Feature", "properties": { "bounding_box": "POLYGON ((634779.3375861672 3347121.158861927, 634780.2767011645 3347121.158861927, 634780.2767011645 3347120.2197574824, 634779.3375861672 3347120.2197574824, 634779.3375861672 3347121.158861927))", "target_id": "ea77b2e6-503e-461e-b462-eb42a1a22530", "region_outline_version": "2024-12-14", "region_name": "Brewster_57" }, "geometry": { "type": "Point", "coordinates": [ -103.599130395758777, 30.248219553977624 ] } },
{ "type": "Feature", "properties": { "bounding_box": "POLYGON ((634506.1103639823 3347121.103620489, 634507.1047210383 3347121.103620489, 634507.1047210383 3347119.667343103, 634506.1103639823 3347119.667343103, 634506.1103639823 3347121.103620489))", "target_id": "f9d5f379-7aa0-4a91-a3b7-c8ccb051e5a8", "region_outline_version": "2024-12-14", "region_name": "Brewster_57" }, "geometry": { "type": "Point", "coordinates": [ -103.601969431799318, 30.248247045723136 ] } },
{ "type": "Feature", "properties": { "bounding_box": "POLYGON ((634337.6220850368 3347120.7169304234, 634339.1136206209 3347120.7169304234, 634339.1136206209 3347119.1701701614, 634337.6220850368 3347119.1701701614, 634337.6220850368 3347120.7169304234))", "target_id": "4b801ca7-0ce4-4b0e-81ce-392bc09ddbd2", "region_outline_version": "2024-12-14", "region_name": "Brewster_57" }, "geometry": { "type": "Point", "coordinates": [ -103.603717825018919, 30.248262023451527 ] } },
{ "type": "Feature", "properties": { "bounding_box": "POLYGON ((634658.3574776785 3347120.385481796, 634660.8433703186 3347120.385481796, 634660.8433703186 3347117.5681684613, 634658.3574776785 3347117.5681684613, 634658.3574776785 3347120.385481796))", "target_id": "c2f8a81c-69f0-4739-91a9-c7e7ce21f3a5", "region_outline_version": "2024-12-14", "region_name": "Brewster_57" }, "geometry": { "type": "Point", "coordinates": [ -103.60038143463953, 30.248218336710277 ] } },
{ "type": "Feature", "properties": { "bounding_box": "POLYGON ((634488.5433893249 3347120.109274606, 634490.3663772611 3347120.109274606, 634490.3663772611 3347118.2863071547, 634488.5433893249 3347118.2863071547, 634488.5433893249 3347120.109274606))", "target_id": "22b839ca-4baf-4df5-a7cc-b57ebff9f332", "region_outline_version": "2024-12-14", "region_name": "Brewster_57" }, "geometry": { "type": "Point", "coordinates": [ -103.602147168348864, 30.248237916838647 ] } },
{ "type": "Feature", "properties": { "bounding_box": "POLYGON ((634569.5834893947 3347119.7778259786, 634571.737929683 3347119.7778259786, 634571.737929683 3347117.6786513375, 634569.5834893947 3347117.6786513375, 634569.5834893947 3347119.7778259786))", "target_id": "73994859-9e63-477a-b76e-54c174a87696", "region_outline_version": "2024-12-14", "region_name": "Brewster_57" }, "geometry": { "type": "Point", "coordinates": [ -103.601303767209018, 30.248224958524077 ] } },
{ "type": "Feature", "properties": { "bounding_box": "POLYGON ((634760.9972226885 3347119.7778259786, 634761.9363376859 3347119.7778259786, 634761.9363376859 3347118.838721534, 634760.9972226885 3347118.838721534, 634760.9972226885 3347119.7778259786))", "target_id": "44a34098-794d-4dfe-970c-82b3ca1e6821", "region_outline_version": "2024-12-14", "region_name": "Brewster_57" }, "geometry": { "type": "Point", "coordinates": [ -103.599321304463558, 30.248209169873864 ] } },
{ "type": "Feature", "properties": { "bounding_box": "POLYGON ((634241.7218711847 3347119.446377351, 634243.4343750034 3347119.446377351, 634243.4343750034 3347117.6234098994, 634241.7218711847 3347117.6234098994, 634241.7218711847 3347119.446377351))", "target_id": "f1c0455a-aa90-4f11-a3a6-d95bc8a90804", "region_outline_version": "2024-12-14", "region_name": "Brewster_57" }, "geometry": { "type": "Point", "coordinates": [ -103.604713652355429, 30.248259679032916 ] } },
{ "type": "Feature", "properties": { "bounding_box": "POLYGON ((634704.1531443164 3347119.0596872857, 634706.8600051913 3347119.0596872857, 634706.8600051913 3347116.6290640165, 634704.1531443164 3347116.6290640165, 634704.1531443164 3347119.0596872857))", "target_id": "3f142be6-753a-4018-bcb2-539e3598ae7a", "region_outline_version": "2024-12-14", "region_name": "Brewster_57" }, "geometry": { "type": "Point", "coordinates": [ -103.59990260064437, 30.248202478893642 ] } },
{ "type": "Feature", "properties": { "bounding_box": "POLYGON ((634778.7299235218 3347118.783480096, 634780.4976693993 3347118.783480096, 634780.4976693993 3347117.0157540822, 634778.7299235218 3347117.0157540822, 634778.7299235218 3347118.783480096))", "target_id": "f30f8ae4-d488-4ec7-bdba-1bf0f28a143f", "region_outline_version": "2024-12-14", "region_name": "Brewster_57" }, "geometry": { "type": "Point", "coordinates": [ -103.599132299253938, 30.248193441481913 ] } },
{ "type": "Feature", "properties": { "bounding_box": "POLYGON ((634746.0266247888 3347118.507272906, 634747.1867080209 3347118.507272906, 634747.1867080209 3347117.34720271, 634746.0266247888 3347117.34720271, 634746.0266247888 3347118.507272906))", "target_id": "5019d61e-664b-4bdb-9cbd-e38dd7406a2b", "region_outline_version": "2024-12-14", "region_name": "Brewster_57" }, "geometry": { "type": "Point", "coordinates": [ -103.599476158883519, 30.248198333282904 ] } },
{ "type": "Feature", "properties": { "bounding_box": "POLYGON ((634523.5116124635 3347118.120582841, 634525.2241162823 3347118.120582841, 634525.2241162823 3347116.5738225784, 634523.5116124635 3347116.5738225784, 634523.5116124635 3347118.120582841))", "target_id": "8c9a7019-f578-4c4b-a20e-55e9cd853a81", "region_outline_version": "2024-12-14", "region_name": "Brewster_57" }, "geometry": { "type": "Point", "coordinates": [ -103.601785177190308, 30.248217573239447 ] } },
{ "type": "Feature", "properties": { "bounding_box": "POLYGON ((634757.1855206402 3347117.6234098994, 634758.3456038723 3347117.6234098994, 634758.3456038723 3347116.5738225784, 634757.1855206402 3347116.5738225784, 634757.1855206402 3347117.6234098994))", "target_id": "336fc20f-36ed-492c-b476-bb1ad4de9a19", "region_outline_version": "2024-12-14", "region_name": "Brewster_57" }, "geometry": { "type": "Point", "coordinates": [ -103.599359878141158, 30.248189605148525 ] } },
{ "type": "Feature", "properties": { "bounding_box": "POLYGON ((634648.3034230004 3347117.4024441475, 634649.6292324085 3347117.4024441475, 634649.6292324085 3347116.0766496374, 634648.3034230004 3347116.0766496374, 634648.3034230004 3347117.4024441475))", "target_id": "d87b67bb-fd43-41a7-a613-bf770c088620", "region_outline_version": "2024-12-14", "region_name": "Brewster_57" }, "geometry": { "type": "Point", "coordinates": [ -103.600489979943504, 30.248198475361956 ] } },
{ "type": "Feature", "properties": { "bounding_box": "POLYGON ((634493.73614284 3347116.960512644, 634495.2829204828 3347116.960512644, 634495.2829204828 3347115.6347181336, 634493.73614284 3347115.6347181336, 634493.73614284 3347116.960512644))", "target_id": "d1df5cf3-207a-4fdf-90eb-6e7b9b9653d3", "region_outline_version": "2024-12-14", "region_name": "Brewster_57" }, "geometry": { "type": "Point", "coordinates": [ -103.602095320855057, 30.248211678925546 ] } },
{ "type": "Feature", "properties": { "bounding_box": "POLYGON ((634760.1133497497 3347116.5738225784, 634762.6544844486 3347116.5738225784, 634762.6544844486 3347113.922233558, 634760.1133497497 3347113.922233558, 634760.1133497497 3347116.5738225784))", "target_id": "6ef76a4d-0104-4339-bfc8-da01a3495c63", "region_outline_version": "2024-12-14", "region_name": "Brewster_57" }, "geometry": { "type": "Point", "coordinates": [ -103.599323528718742, 30.248170342216842 ] } },
{ "type": "Feature", "properties": { "bounding_box": "POLYGON ((634471.5288352544 3347116.4633397027, 634472.7994026039 3347116.4633397027, 634472.7994026039 3347115.1927866302, 634471.5288352544 3347115.1927866302, 634471.5288352544 3347116.4633397027))", "target_id": "086a454a-49c7-4fc1-bf07-dcb2d2b06840", "region_outline_version": "2024-12-14", "region_name": "Brewster_57" }, "geometry": { "type": "Point", "coordinates": [ -103.602327486988131, 30.248209815085652 ] } },
{ "type": "Feature", "properties": { "bounding_box": "POLYGON ((634274.8118643283 3347116.352856827, 634276.5243681471 3347116.352856827, 634276.5243681471 3347114.695613689, 634274.8118643283 3347114.695613689, 634274.8118643283 3347116.352856827))", "target_id": "39d5bf3e-ef72-45cc-9e29-6bedc778b0be", "region_outline_version": "2024-12-14", "region_name": "Brewster_57" }, "geometry": { "type": "Point", "coordinates": [ -103.604369485292835, 30.248228803200821 ] } },
{ "type": "Feature", "properties": { "bounding_box": "POLYGON ((634424.8492956777 3347116.131891075, 634426.6722836138 3347116.131891075, 634426.6722836138 3347114.364165061, 634424.8492956777 3347114.364165061, 634424.8492956777 3347116.131891075))", "target_id": "55eebfbd-3c24-4104-9173-bb3b6f029764", "region_outline_version": "2024-12-14", "region_name": "Brewster_57" }, "geometry": { "type": "Point", "coordinates": [ -103.602809940605511, 30.248209892351152 ] } },
{ "type": "Feature", "properties": { "bounding_box": "POLYGON ((634264.1501470049 3347115.6899595717, 634266.7465237624 3347115.6899595717, 634266.7465237624 3347113.811750682, 634264.1501470049 3347113.811750682, 634264.1501470049 3347115.6899595717))", "target_id": "6bc629ba-49a9-409f-9599-9aed3a998cc6", "region_outline_version": "2024-12-14", "region_name": "Brewster_57" }, "geometry": { "type": "Point", "coordinates": [ -103.604474245191511, 30.248224132680754 ] } },
{ "type": "Feature", "properties": { "bounding_box": "POLYGON ((634326.2422209507 3347115.413752382, 634328.0099668282 3347115.413752382, 634328.0099668282 3347113.535543492, 634326.2422209507 3347113.535543492, 634326.2422209507 3347115.413752382))", "target_id": "fe644737-cfc5-4d5f-a436-208724154331", "region_outline_version": "2024-12-14", "region_name": "Brewster_57" }, "geometry": { "type": "Point", "coordinates": [ -103.603835259405258, 30.248213551507973 ] } },
{ "type": "Feature", "properties": { "bounding_box": "POLYGON ((634609.5234978136 3347115.303269506, 634610.5178548697 3347115.303269506, 634610.5178548697 3347114.3089236235, 634609.5234978136 3347114.3089236235, 634609.5234978136 3347115.303269506))", "target_id": "9b898830-bf73-4a83-b18a-6d3f9276e7e5", "region_outline_version": "2024-12-14", "region_name": "Brewster_57" }, "geometry": { "type": "Point", "coordinates": [ -103.600895387492429, 30.248185369602659 ] } },
{ "type": "Feature", "properties": { "bounding_box": "POLYGON ((634748.7887277222 3347115.1927866302, 634752.3794615358 3347115.1927866302, 634752.3794615358 3347112.044024668, 634748.7887277222 3347112.044024668, 634748.7887277222 3347115.1927866302))", "target_id": "304aa869-cf5b-4b45-b9ae-6aae476bd31a", "region_outline_version": "2024-12-14", "region_name": "Brewster_57" }, "geometry": { "type": "Point", "coordinates": [ -103.599434645940406, 30.248158488332408 ] } },
{ "type": "Feature", "properties": { "bounding_box": "POLYGON ((634719.2342263334 3347114.585130813, 634721.9410872083 3347114.585130813, 634721.9410872083 3347111.6573346024, 634719.2342263334 3347111.6573346024, 634719.2342263334 3347114.585130813))", "target_id": "aff393af-fbb4-4b8e-b621-38ecb09a877c", "region_outline_version": "2024-12-14", "region_name": "Brewster_57" }, "geometry": { "type": "Point", "coordinates": [ -103.599747592843244, 30.248158259668347 ] } },
{ "type": "Feature", "properties": { "bounding_box": "POLYGON ((634570.7435726268 3347114.364165061, 634572.2903502696 3347114.364165061, 634572.2903502696 3347113.204094865, 634570.7435726268 3347113.204094865, 634570.7435726268 3347114.364165061))", "target_id": "c7237314-11fa-4f61-8a58-1a731a7319ba", "region_outline_version": "2024-12-14", "region_name": "Brewster_57" }, "geometry": { "type": "Point", "coordinates": [ -103.601295701711166, 30.248180213196676 ] } },
{ "type": "Feature", "properties": { "bounding_box": "POLYGON ((634255.4219017349 3347113.8669921197, 634257.3553737884 3347113.8669921197, 634257.3553737884 3347112.044024668, 634255.4219017349 3347112.044024668, 634255.4219017349 3347113.8669921197))", "target_id": "a72c2ab8-e3e4-49af-b5dd-8834ea6593ec", "region_outline_version": "2024-12-14", "region_name": "Brewster_57" }, "geometry": { "type": "Point", "coordinates": [ -103.604569461188333, 30.248207543602803 ] } },
{ "type": "Feature", "properties": { "bounding_box": "POLYGON ((634567.2633229306 3347113.6460263683, 634569.36252116 3347113.6460263683, 634569.36252116 3347111.602093165, 634567.2633229306 3347111.602093165, 634567.2633229306 3347113.6460263683))", "target_id": "5245f0f4-2100-424c-b7ca-015344e2376d", "region_outline_version": "2024-12-14", "region_name": "Brewster_57" }, "geometry": { "type": "Point", "coordinates": [ -103.601328988628921, 30.24816971632319 ] } },
{ "type": "Feature", "properties": { "bounding_box": "POLYGON ((634295.1961839778 3347113.4250606163, 634297.1296560313 3347113.4250606163, 634297.1296560313 3347111.270644537, 634295.1961839778 3347111.270644537, 634295.1961839778 3347113.4250606163))", "target_id": "4343bf7b-b4f3-49b0-a592-62b6f399658f", "region_outline_version": "2024-12-14", "region_name": "Brewster_57" }, "geometry": { "type": "Point", "coordinates": [ -103.604157865834424, 30.248198306075405 ] } },
{ "type": "Feature", "properties": { "bounding_box": "POLYGON ((634515.1148195455 3347111.8230589163, 634516.8273233643 3347111.8230589163, 634516.8273233643 3347109.613401399, 634515.1148195455 3347109.613401399, 634515.1148195455 3347111.8230589163))", "target_id": "287f3df5-1674-44d8-86fd-b5d1417dcd43", "region_outline_version": "2024-12-14", "region_name": "Brewster_57" }, "geometry": { "type": "Point", "coordinates": [ -103.601872087988454, 30.248158505127879 ] } },
{ "type": "Feature", "properties": { "bounding_box": "POLYGON ((634638.6913047917 3347111.7125760405, 634639.6304197891 3347111.7125760405, 634639.6304197891 3347110.8839544714, 634638.6913047917 3347110.8839544714, 634638.6913047917 3347111.7125760405))", "target_id": "0669cdf2-20af-4aea-9861-c926bec234cb", "region_outline_version": "2024-12-14", "region_name": "Brewster_57" }, "geometry": { "type": "Point", "coordinates": [ -103.600593133305694, 30.248150405862702 ] } },
{ "type": "Feature", "properties": { "bounding_box": "POLYGON ((634486.3337069781 3347111.1049202234, 634489.2615360877 3347111.1049202234, 634489.2615360877 3347108.5638140785, 634486.3337069781 3347108.5638140785, 634486.3337069781 3347111.1049202234))", "target_id": "f0e1e658-616d-4a00-a7cb-a221f0adbbc4", "region_outline_version": "2024-12-14", "region_name": "Brewster_57" }, "geometry": { "type": "Point", "coordinates": [ -103.602165739826447, 30.248154032333026 ] } },
{ "type": "Feature", "properties": { "bounding_box": "POLYGON ((634782.54162557 3347110.9391959095, 634783.5912246847 3347110.9391959095, 634783.5912246847 3347110.0000914647, 634782.54162557 3347110.0000914647, 634782.54162557 3347110.9391959095))", "target_id": "fa6efca1-96d7-42bd-9902-71a38470d027", "region_outline_version": "2024-12-14", "region_name": "Brewster_57" }, "geometry": { "type": "Point", "coordinates": [ -103.599097783310739, 30.248126804060579 ] } },
{ "type": "Feature", "properties": { "bounding_box": "POLYGON ((634196.1471727813 3347110.8839544714, 634207.3060686329 3347110.8839544714, 634207.3060686329 3347098.123182309, 634196.1471727813 3347098.123182309, 634196.1471727813 3347110.8839544714))", "target_id": "1539608f-b53d-4534-8a1e-fa95164f9ec6", "region_outline_version": "2024-12-14", "region_name": "Brewster_57" }, "geometry": { "type": "Point", "coordinates": [ -103.605138282026715, 30.248137386677055 ] } },
{ "type": "Feature", "properties": { "bounding_box": "POLYGON ((634440.7590085749 3347110.7734715957, 634442.084817983 3347110.7734715957, 634442.084817983 3347109.5029185233, 634440.7590085749 3347109.5029185233, 634440.7590085749 3347110.7734715957))", "target_id": "b6c9a159-087e-4cc4-a957-623b8e8bca2f", "region_outline_version": "2024-12-14", "region_name": "Brewster_57" }, "geometry": { "type": "Point", "coordinates": [ -103.602648224889833, 30.248161432003382 ] } },
{ "type": "Feature", "properties": { "bounding_box": "POLYGON ((634715.6987345786 3347110.7182301576, 634719.0132580989 3347110.7182301576, 634719.0132580989 3347106.6303637507, 634715.6987345786 3347106.6303637507, 634715.6987345786 3347110.7182301576))", "target_id": "3d35c86e-958f-4ded-bdcb-0d04e896cd27", "region_outline_version": "2024-12-14", "region_name": "Brewster_57" }, "geometry": { "type": "Point", "coordinates": [ -103.599780096365777, 30.248116314105861 ] } },
{ "type": "Feature", "properties": { "bounding_box": "POLYGON ((634696.0878037505 3347110.0553329024, 634697.5240972759 3347110.0553329024, 634697.5240972759 3347108.619055516, 634696.0878037505 3347108.619055516, 634696.0878037505 3347110.0553329024))", "target_id": "754941a2-53c2-4039-8def-fb15f75b4aec", "region_outline_version": "2024-12-14", "region_name": "Brewster_57" }, "geometry": { "type": "Point", "coordinates": [ -103.599994560086245, 30.248126300476837 ] } },
{ "type": "Feature", "properties": { "bounding_box": "POLYGON ((634262.8795796555 3347109.9448500266, 634264.0396628876 3347109.9448500266, 634264.0396628876 3347108.840021268, 634262.8795796555 3347108.840021268, 634262.8795796555 3347109.9448500266))", "target_id": "61b70f92-a484-477e-a07f-3cb68857f58c", "region_outline_version": "2024-12-14", "region_name": "Brewster_57" }, "geometry": { "type": "Point", "coordinates": [ -103.604497038954833, 30.248174395017369 ] } },
{ "type": "Feature", "properties": { "bounding_box": "POLYGON ((634216.3657662548 3347109.558159961, 634220.4536785964 3347109.558159961, 634220.4536785964 3347105.249327802, 634216.3657662548 3347105.249327802, 634216.3657662548 3347109.558159961))", "target_id": "ae831100-d4bd-4d4d-b6bd-a26dd551ba3b", "region_outline_version": "2024-12-14", "region_name": "Brewster_57" }, "geometry": { "type": "Point", "coordinates": [ -103.604963851638601, 30.248161718687737 ] } },
{ "type": "Feature", "properties": { "bounding_box": "POLYGON ((634690.7845661181 3347109.392435647, 634695.6458672811 3347109.392435647, 634695.6458672811 3347104.1997404816, 634690.7845661181 3347104.1997404816, 634690.7845661181 3347109.392435647))", "target_id": "266ee595-c3f2-4898-83ac-892515783537", "region_outline_version": "2024-12-14", "region_name": "Brewster_57" }, "geometry": { "type": "Point", "coordinates": [ -103.600032279481482, 30.248105229985242 ] } },
{ "type": "Feature", "properties": { "bounding_box": "POLYGON ((634703.379755495 3347109.005745582, 634705.3132275485 3347109.005745582, 634705.3132275485 3347107.127536692, 634703.379755495 3347107.127536692, 634703.379755495 3347109.005745582))", "target_id": "2b631069-8741-4947-a5c1-4be9fd665d99", "region_outline_version": "2024-12-14", "region_name": "Brewster_57" }, "geometry": { "type": "Point", "coordinates": [ -103.599915615882111, 30.248113498254966 ] } },
{ "type": "Feature", "properties": { "bounding_box": "POLYGON ((634212.2226118546 3347108.895262706, 634215.0399568467 3347108.895262706, 634215.0399568467 3347106.243673685, 634212.2226118546 3347106.243673685, 634212.2226118546 3347108.895262706))", "target_id": "988c25aa-e68a-4af9-801b-69e586b40e34", "region_outline_version": "2024-12-14", "region_name": "Brewster_57" }, "geometry": { "type": "Point", "coordinates": [ -103.605016180079332, 30.248163910276649 ] } },
{ "type": "Feature", "properties": { "bounding_box": "POLYGON ((634265.3654722957 3347108.840021268, 634270.4477416934 3347108.840021268, 634270.4477416934 3347104.3102233573, 634265.3654722957 3347104.3102233573, 634265.3654722957 3347108.840021268))", "target_id": "0e2cb35a-ad28-4f3b-b0a0-f79813dca8af", "region_outline_version": "2024-12-14", "region_name": "Brewster_57" }, "geometry": { "type": "Point", "coordinates": [ -103.604451616464218, 30.248147717857282 ] } },
{ "type": "Feature", "properties": { "bounding_box": "POLYGON ((634537.4326112485 3347108.3980897646, 634539.8080197714 3347108.3980897646, 634539.8080197714 3347106.1331908093, 634537.4326112485 3347106.1331908093, 634537.4326112485 3347108.3980897646))", "target_id": "fd39318e-bdac-4bdb-85fe-813c6fb54b60", "region_outline_version": "2024-12-14", "region_name": "Brewster_57" }, "geometry": { "type": "Point", "coordinates": [ -103.601638273652, 30.248125641706693 ] } },
{ "type": "Feature", "properties": { "bounding_box": "POLYGON ((634657.5288467983 3347107.6247096336, 634658.7441720892 3347107.6247096336, 634658.7441720892 3347106.1884322474, 634657.5288467983 3347106.1884322474, 634657.5288467983 3347107.6247096336))", "target_id": "4c0168d3-0f26-4b35-ba3e-6fd80aec15c3", "region_outline_version": "2024-12-14", "region_name": "Brewster_57" }, "geometry": { "type": "Point", "coordinates": [ -103.600397069862851, 30.248108914658765 ] } },
{ "type": "Feature", "properties": { "bounding_box": "POLYGON ((634258.4602149618 3347107.5142267575, 634264.5920834743 3347107.5142267575, 634264.5920834743 3347100.77477133, 634258.4602149618 3347100.77477133, 634258.4602149618 3347107.5142267575))", "target_id": "fd8afb6a-1a2c-4347-bb06-50fd751d42d5", "region_outline_version": "2024-12-14", "region_name": "Brewster_57" }, "geometry": { "type": "Point", "coordinates": [ -103.604521280789825, 30.248131409367822 ] } },
{ "type": "Feature", "properties": { "bounding_box": "POLYGON ((634179.8507654736 3347106.9618123784, 634191.175387501 3347106.9618123784, 634191.175387501 3347097.57076793, 634179.8507654736 3347097.57076793, 634179.8507654736 3347106.9618123784))", "target_id": "b820f9ca-198a-4f08-8bb8-c21b67658f6b", "region_outline_version": "2024-12-14", "region_name": "Brewster_57" }, "geometry": { "type": "Point", "coordinates": [ -103.605310291620142, 30.248117612617786 ] } },
{ "type": "Feature", "properties": { "bounding_box": "POLYGON ((634291.1635136948 3347106.6856051884, 634293.0417436896 3347106.6856051884, 634293.0417436896 3347104.917879175, 634291.1635136948 3347104.917879175, 634291.1635136948 3347106.6856051884))", "target_id": "53352016-7c05-426f-a758-95966639ee5b", "region_outline_version": "2024-12-14", "region_name": "Brewster_57" }, "geometry": { "type": "Point", "coordinates": [ -103.604200119141339, 30.248139561291296 ] } },
{ "type": "Feature", "properties": { "bounding_box": "POLYGON ((634685.6470546618 3347106.5198808745, 634688.6853678887 3347106.5198808745, 634688.6853678887 3347104.089257606, 634685.6470546618 3347104.089257606, 634685.6470546618 3347106.5198808745))", "target_id": "524ddb1f-0545-45f1-9a40-4625a6a1aa21", "region_outline_version": "2024-12-14", "region_name": "Brewster_57" }, "geometry": { "type": "Point", "coordinates": [ -103.600093245167955, 30.248091222546538 ] } },
{ "type": "Feature", "properties": { "bounding_box": "POLYGON ((634547.4866659265 3347105.9674664955, 634549.8620744493 3347105.9674664955, 634549.8620744493 3347103.3711189125, 634547.4866659265 3347103.3711189125, 634547.4866659265 3347105.9674664955))", "target_id": "8787e4e8-63b4-4804-b6ee-fa276bc81b71", "region_outline_version": "2024-12-14", "region_name": "Brewster_57" }, "geometry": { "type": "Point", "coordinates": [ -103.601534722355964, 30.248100413525542 ] } },
{ "type": "Feature", "properties": { "bounding_box": "POLYGON ((634240.7827561873 3347105.9122250574, 634243.489617062 3347105.9122250574, 634243.489617062 3347103.094911723, 634240.7827561873 3347103.094911723, 634240.7827561873 3347105.9122250574))", "target_id": "3839ae40-6a58-4bd5-8320-546546f63910", "region_outline_version": "2024-12-14", "region_name": "Brewster_57" }, "geometry": { "type": "Point", "coordinates": [ -103.604719073025265, 30.248132867409819 ] } },
{ "type": "Feature", "properties": { "bounding_box": "POLYGON ((634255.1456914416 3347105.636017868, 634256.416258791 3347105.636017868, 634256.416258791 3347103.5920846644, 634255.1456914416 3347103.5920846644, 634255.1456914416 3347105.636017868))", "target_id": "fd80cad5-eaf1-4446-9818-6a751a9a0b05", "region_outline_version": "2024-12-14", "region_name": "Brewster_57" }, "geometry": { "type": "Point", "coordinates": [ -103.604577758162861, 30.248132365893479 ] } },
{ "type": "Feature", "properties": { "bounding_box": "POLYGON ((634489.9244407917 3347105.30456924, 634492.4103334319 3347105.30456924, 634492.4103334319 3347102.321531592, 634489.9244407917 3347102.321531592, 634489.9244407917 3347105.30456924))", "target_id": "d910e44e-6fd4-4b63-b929-866e59485fa5", "region_outline_version": "2024-12-14", "region_name": "Brewster_57" }, "geometry": { "type": "Point", "coordinates": [ -103.602131281080332, 30.24809903393453 ] } },
{ "type": "Feature", "properties": { "bounding_box": "POLYGON ((634654.7115018062 3347105.1388449264, 634655.5401326863 3347105.1388449264, 634655.5401326863 3347104.3102233573, 634654.7115018062 3347104.3102233573, 634654.7115018062 3347105.1388449264))", "target_id": "f14bacbc-508a-40ff-885d-0afd1e5534d6", "region_outline_version": "2024-12-14", "region_name": "Brewster_57" }, "geometry": { "type": "Point", "coordinates": [ -103.600428079604555, 30.248089327965683 ] } },
{ "type": "Feature", "properties": { "bounding_box": "POLYGON ((634551.5193362095 3347104.752154861, 634553.784260615 3347104.752154861, 634553.784260615 3347102.5977387815, 634551.5193362095 3347102.5977387815, 634551.5193362095 3347104.752154861))", "target_id": "0f23b943-279e-4add-b0c2-22150ec701d7", "region_outline_version": "2024-12-14", "region_name": "Brewster_57" }, "geometry": { "type": "Point", "coordinates": [ -103.601493261981489, 30.24809061847548 ] } },
{ "type": "Feature", "properties": { "bounding_box": "POLYGON ((634330.7720697616 3347104.475947671, 634331.9321529937 3347104.475947671, 634331.9321529937 3347103.150153161, 634330.7720697616 3347103.150153161, 634330.7720697616 3347104.475947671))", "target_id": "c8e37556-fc8a-44f9-b917-1fd348e29379", "region_outline_version": "2024-12-14", "region_name": "Brewster_57" }, "geometry": { "type": "Point", "coordinates": [ -103.603792234791712, 30.248117065993132 ] } },
{ "type": "Feature", "properties": { "bounding_box": "POLYGON ((634634.7138765674 3347104.4207062335, 634636.8130747969 3347104.4207062335, 634636.8130747969 3347102.7634630953, 634634.7138765674 3347102.7634630953, 634634.7138765674 3347104.4207062335))", "target_id": "0e8d732a-bc85-4a85-b98e-d2f837a4c777", "region_outline_version": "2024-12-14", "region_name": "Brewster_57" }, "geometry": { "type": "Point", "coordinates": [ -103.600629450119229, 30.248081783007851 ] } },
{ "type": "Feature", "properties": { "bounding_box": "POLYGON ((634471.5840773131 3347104.0340161677, 634473.4623073079 3347104.0340161677, 634473.4623073079 3347101.8796000886, 634471.5840773131 3347101.8796000886, 634471.5840773131 3347104.0340161677))", "target_id": "c01fa374-838c-4a50-bbe5-8c8054326787", "region_outline_version": "2024-12-14", "region_name": "Brewster_57" }, "geometry": { "type": "Point", "coordinates": [ -103.602325321701201, 30.248093269133417 ] } },
{ "type": "Feature", "properties": { "bounding_box": "POLYGON ((634194.2137007279 3347103.868291854, 634196.3128989574 3347103.868291854, 634196.3128989574 3347101.9900829643, 634194.2137007279 3347101.9900829643, 634194.2137007279 3347103.868291854))", "target_id": "ff583dae-85fa-46f4-826a-c8fa168bd666", "region_outline_version": "2024-12-14", "region_name": "Brewster_57" }, "geometry": { "type": "Point", "coordinates": [ -103.605207001376485, 30.248124263812329 ] } },
{ "type": "Feature", "properties": { "bounding_box": "POLYGON ((634239.3464626617 3347103.6473261025, 634240.4513038351 3347103.6473261025, 634240.4513038351 3347102.6529802196, 634239.3464626617 3347102.6529802196, 634239.3464626617 3347103.6473261025))", "target_id": "8e5441e0-1a34-47d7-a61d-09f18a0d1e1d", "region_outline_version": "2024-12-14", "region_name": "Brewster_57" }, "geometry": { "type": "Point", "coordinates": [ -103.604742972348348, 30.248121157509022 ] } },
{ "type": "Feature", "properties": { "bounding_box": "POLYGON ((634658.9098982651 3347103.5368432263, 634663.6054732521 3347103.5368432263, 634663.6054732521 3347100.4433227023, 634658.9098982651 3347100.4433227023, 634658.9098982651 3347103.5368432263))", "target_id": "e85368ea-fe2c-4e57-81fe-9358b0ec93c4", "region_outline_version": "2024-12-14", "region_name": "Brewster_57" }, "geometry": { "type": "Point", "coordinates": [ -103.600363651137442, 30.24806308085077 ] } },
{ "type": "Feature", "properties": { "bounding_box": "POLYGON ((634707.080973426 3347103.315877475, 634709.2354137141 3347103.315877475, 634709.2354137141 3347101.161461395, 634707.080973426 3347101.161461395, 634707.080973426 3347103.315877475))", "target_id": "17988abf-9cba-49df-89d1-46c3d41037f9", "region_outline_version": "2024-12-14", "region_name": "Brewster_57" }, "geometry": { "type": "Point", "coordinates": [ -103.599877371780437, 30.248060940581755 ] } },
{ "type": "Feature", "properties": { "bounding_box": "POLYGON ((634278.0711457899 3347103.150153161, 634280.059859902 3347103.150153161, 634280.059859902 3347101.492910023, 634278.0711457899 3347101.492910023, 634278.0711457899 3347103.150153161))", "target_id": "5aa1e404-5ce5-45be-b62a-9b5e6c0898de", "region_outline_version": "2024-12-14", "region_name": "Brewster_57" }, "geometry": { "type": "Point", "coordinates": [ -103.604336099402047, 30.2481095660318 ] } },
{ "type": "Feature", "properties": { "bounding_box": "POLYGON ((634256.9686793777 3347102.8187045334, 634257.9077943751 3347102.8187045334, 634257.9077943751 3347101.934841526, 634256.9686793777 3347101.934841526, 634256.9686793777 3347102.8187045334))", "target_id": "3903d978-e0ef-404f-a4fd-de9bc18ebee3", "region_outline_version": "2024-12-14", "region_name": "Brewster_57" }, "geometry": { "type": "Point", "coordinates": [ -103.604560666800694, 30.248112137537124 ] } },
{ "type": "Feature", "properties": { "bounding_box": "POLYGON ((634269.8953211067 3347101.106219957, 634272.0497613947 3347101.106219957, 634272.0497613947 3347099.2280110675, 634269.8953211067 3347099.2280110675, 634269.8953211067 3347101.106219957))", "target_id": "85d552f5-5ab4-447d-a356-d66360508f48", "region_outline_version": "2024-12-14", "region_name": "Brewster_57" }, "geometry": { "type": "Point", "coordinates": [ -103.604420674894271, 30.248090865900224 ] } },
{ "type": "Feature", "properties": { "bounding_box": "POLYGON ((634503.0720507554 3347100.719529892, 634504.9502807502 3347100.719529892, 634504.9502807502 3347098.89656244, 634503.0720507554 3347098.89656244, 634503.0720507554 3347100.719529892))", "target_id": "42b39201-17b0-4d11-8efa-48e65d97316a", "region_outline_version": "2024-12-14", "region_name": "Brewster_57" }, "geometry": { "type": "Point", "coordinates": [ -103.601999094854108, 30.248061613503705 ] } },
{ "type": "Feature", "properties": { "bounding_box": "POLYGON ((634192.1145024984 3347100.553805578, 634195.0423316079 3347100.553805578, 634195.0423316079 3347098.012699433, 634192.1145024984 3347098.012699433, 634192.1145024984 3347100.553805578))", "target_id": "fbbadf67-5c5c-40da-b796-aa7eefce33c5", "region_outline_version": "2024-12-14", "region_name": "Brewster_57" }, "geometry": { "type": "Point", "coordinates": [ -103.605224339832787, 30.248090599228721 ] } },
{ "type": "Feature", "properties": { "bounding_box": "POLYGON ((634767.2948173769 3347099.780425447, 634768.5653847264 3347099.780425447, 634768.5653847264 3347098.4546309365, 634767.2948173769 3347098.4546309365, 634767.2948173769 3347099.780425447))", "target_id": "343602b7-0030-4562-87b8-5e86766255e8", "region_outline_version": "2024-12-14", "region_name": "Brewster_57" }, "geometry": { "type": "Point", "coordinates": [ -103.59925668877429, 30.24802641658934 ] } },
{ "type": "Feature", "properties": { "bounding_box": "POLYGON ((634652.6675456354 3347099.0622867537, 634655.0429541583 3347099.0622867537, 634655.0429541583 3347096.6316634845, 634652.6675456354 3347096.6316634845, 634652.6675456354 3347099.0622867537))", "target_id": "b2673f0a-c245-4ff2-ad7c-e1b55a7d4007", "region_outline_version": "2024-12-14", "region_name": "Brewster_57" }, "geometry": { "type": "Point", "coordinates": [ -103.600441679708993, 30.248027513467125 ] } },
{ "type": "Feature", "properties": { "bounding_box": "POLYGON ((634724.9241583765 3347099.007045316, 634726.526178078 3347099.007045316, 634726.526178078 3347097.6260093674, 634724.9241583765 3347097.6260093674, 634724.9241583765 3347099.007045316))", "target_id": "26020b5c-e58b-435f-848c-11d2125f01b4", "region_outline_version": "2024-12-14", "region_name": "Brewster_57" }, "geometry": { "type": "Point", "coordinates": [ -103.599695300796824, 30.248023730237382 ] } },
{ "type": "Feature", "properties": { "bounding_box": "POLYGON ((634280.6675225474 3347098.89656244, 634282.8219628355 3347098.89656244, 634282.8219628355 3347096.6316634845, 634280.6675225474 3347096.6316634845, 634280.6675225474 3347098.89656244))", "target_id": "0ceed36f-c229-497f-aa62-d0038776bae9", "region_outline_version": "2024-12-14", "region_name": "Brewster_57" }, "geometry": { "type": "Point", "coordinates": [ -103.604308920788213, 30.248068316714459 ] } },
{ "type": "Feature", "properties": { "bounding_box": "POLYGON ((634204.1572712886 3347097.57076793, 634205.6488068727 3347097.57076793, 634205.6488068727 3347096.0240076673, 634204.1572712886 3347096.0240076673, 634204.1572712886 3347097.57076793))", "target_id": "802ef9b7-cc48-42f4-904f-7bd62e94fa4b", "region_outline_version": "2024-12-14", "region_name": "Brewster_57" }, "geometry": { "type": "Point", "coordinates": [ -103.605107873262838, 30.248067555310808 ] } },
{ "type": "Feature", "properties": { "bounding_box": "POLYGON ((634198.6883074802 3347097.349802178, 634202.7762198218 3347097.349802178, 634202.7762198218 3347092.378072764, 634198.6883074802 3347092.378072764, 634198.6883074802 3347097.349802178))", "target_id": "b5470374-82f8-4674-a8cd-c1eb3f6fa5d2", "region_outline_version": "2024-12-14", "region_name": "Brewster_57" }, "geometry": { "type": "Point", "coordinates": [ -103.605152714230385, 30.248053774886241 ] } },
{ "type": "Feature", "properties": { "bounding_box": "POLYGON ((634406.3984480817 3347097.29456074, 634407.6137733725 3347097.29456074, 634407.6137733725 3347095.526834726, 634406.3984480817 3347095.526834726, 634406.3984480817 3347097.29456074))", "target_id": "204e8890-0c12-4990-85e0-20c125398e10", "region_outline_version": "2024-12-14", "region_name": "Brewster_57" }, "geometry": { "type": "Point", "coordinates": [ -103.603006931753228, 30.248041579477047 ] } },
{ "type": "Feature", "properties": { "bounding_box": "POLYGON ((634191.506839853 3347097.128836426, 634193.9927324932 3347097.128836426, 634193.9927324932 3347094.974420347, 634191.506839853 3347094.974420347, 634191.506839853 3347097.128836426))", "target_id": "4d024732-7fcb-48d8-ac50-cdb85a39ef4d", "region_outline_version": "2024-12-14", "region_name": "Brewster_57" }, "geometry": { "type": "Point", "coordinates": [ -103.605233719046538, 30.248061843920244 ] } },
{ "type": "Feature", "properties": { "bounding_box": "POLYGON ((634670.4554885273 3347096.0240076673, 634671.6708138181 3347096.0240076673, 634671.6708138181 3347095.0849032225, 634670.4554885273 3347095.0849032225, 634670.4554885273 3347096.0240076673))", "target_id": "47630e4f-bff5-4fed-bb57-a1d99301c241", "region_outline_version": "2024-12-14", "region_name": "Brewster_57" }, "geometry": { "type": "Point", "coordinates": [ -103.600263568905675, 30.248004731555653 ] } },
{ "type": "Feature", "properties": { "bounding_box": "POLYGON ((634646.9776135923 3347095.582076164, 634649.4635062325 3347095.582076164, 634649.4635062325 3347093.3171772086, 634646.9776135923 3347093.3171772086, 634646.9776135923 3347095.582076164))", "target_id": "1e2454a0-2ed1-432b-9b16-b7c138d6c3c5", "region_outline_version": "2024-12-14", "region_name": "Brewster_57" }, "geometry": { "type": "Point", "coordinates": [ -103.600501159389296, 30.247997381362897 ] } },
{ "type": "Feature", "properties": { "bounding_box": "POLYGON ((634207.4717948089 3347095.526834726, 634211.5597071504 3347095.526834726, 634211.5597071504 3347088.069240605, 634207.4717948089 3347088.069240605, 634207.4717948089 3347095.526834726))", "target_id": "414fdd5f-722c-4f2d-bdb3-189cea67f2ab", "region_outline_version": "2024-12-14", "region_name": "Brewster_57" }, "geometry": { "type": "Point", "coordinates": [ -103.605057647787191, 30.248022768957437 ] } },
{ "type": "Feature", "properties": { "bounding_box": "POLYGON ((634317.1825233287 3347095.41635185, 634319.9446262622 3347095.41635185, 634319.9446262622 3347093.7591087124, 634317.1825233287 3347093.7591087124, 634317.1825233287 3347095.41635185))", "target_id": "75d9d7d8-fd4f-4804-9d8f-06296c4302a8", "region_outline_version": "2024-12-14", "region_name": "Brewster_57" }, "geometry": { "type": "Point", "coordinates": [ -103.603926848047237, 30.248034949604293 ] } },
{ "type": "Feature", "properties": { "bounding_box": "POLYGON ((634769.6702258998 3347095.41635185, 634770.8855511905 3347095.41635185, 634770.8855511905 3347094.4772474053, 634769.6702258998 3347094.4772474053, 634769.6702258998 3347095.41635185))", "target_id": "e5b67fc1-af25-4f53-a305-7db2acb30643", "region_outline_version": "2024-12-14", "region_name": "Brewster_57" }, "geometry": { "type": "Point", "coordinates": [ -103.599232737578987, 30.247988120572785 ] } },
{ "type": "Feature", "properties": { "bounding_box": "POLYGON ((634443.8525638605 3347094.753454595, 634445.4545835619 3347094.753454595, 634445.4545835619 3347093.4829015224, 634443.8525638605 3347093.4829015224, 634443.8525638605 3347094.753454595))", "target_id": "1508c0cf-f24f-4c37-8aa1-d567245537db", "region_outline_version": "2024-12-14", "region_name": "Brewster_57" }, "geometry": { "type": "Point", "coordinates": [ -103.602616181115039, 30.248016992916451 ] } },
{ "type": "Feature", "properties": { "bounding_box": "POLYGON ((634771.990392364 3347094.3115230915, 634773.5371700067 3347094.3115230915, 634773.5371700067 3347093.040970019, 634771.990392364 3347093.040970019, 634771.990392364 3347094.3115230915))", "target_id": "dfdb9b8f-e876-4efa-b6bd-9865ee9e18e5", "region_outline_version": "2024-12-14", "region_name": "Brewster_57" }, "geometry": { "type": "Point", "coordinates": [ -103.599206931916854, 30.247976400235682 ] } },
{ "type": "Feature", "properties": { "bounding_box": "POLYGON ((634185.3197292819 3347094.2562816534, 634188.4685266261 3347094.2562816534, 634188.4685266261 3347092.046624136, 634185.3197292819 3347092.046624136, 634185.3197292819 3347094.2562816534))", "target_id": "58fba8f9-8b1f-4128-98b0-4db928346672", "region_outline_version": "2024-12-14", "region_name": "Brewster_57" }, "geometry": { "type": "Point", "coordinates": [ -103.605295815447107, 30.248036888029837 ] } },
{ "type": "Feature", "properties": { "bounding_box": "POLYGON ((634400.4323057453 3347093.427660085, 634402.3657777988 3347093.427660085, 634402.3657777988 3347091.8256583847, 634400.4323057453 3347091.8256583847, 634400.4323057453 3347093.427660085))", "target_id": "d0da0544-4174-4d50-ab52-5ef1de6d828d", "region_outline_version": "2024-12-14", "region_name": "Brewster_57" }, "geometry": { "type": "Point", "coordinates": [ -103.603065717542677, 30.248007604526347 ] } },
{ "type": "Feature", "properties": { "bounding_box": "POLYGON ((634736.1382962867 3347093.040970019, 634738.1270103989 3347093.040970019, 634738.1270103989 3347091.3284854433, 634736.1382962867 3347091.3284854433, 634736.1382962867 3347093.040970019))", "target_id": "2981825a-2fd4-41aa-8bdf-2d9f9a29de8a", "region_outline_version": "2024-12-14", "region_name": "Brewster_57" }, "geometry": { "type": "Point", "coordinates": [ -103.599577245712339, 30.247966978086541 ] } },
{ "type": "Feature", "properties": { "bounding_box": "POLYGON ((634514.1757045481 3347092.820004267, 634516.6063551296 3347092.820004267, 634516.6063551296 3347090.665588188, 634514.1757045481 3347090.665588188, 634514.1757045481 3347092.820004267))", "target_id": "cdf613a3-ccee-4cf1-990c-fe07e0805818", "region_outline_version": "2024-12-14", "region_name": "Brewster_57" }, "geometry": { "type": "Point", "coordinates": [ -103.601882423746304, 30.247988238926414 ] } },
{ "type": "Feature", "properties": { "bounding_box": "POLYGON ((634691.1160184701 3347092.7647628295, 634692.8285222889 3347092.7647628295, 634692.8285222889 3347091.0522782532, 634691.1160184701 3347091.0522782532, 634691.1160184701 3347092.7647628295))", "target_id": "126112fe-abd4-4703-aa11-22a42907c53a", "region_outline_version": "2024-12-14", "region_name": "Brewster_57" }, "geometry": { "type": "Point", "coordinates": [ -103.600046776536288, 30.247969650879757 ] } },
{ "type": "Feature", "properties": { "bounding_box": "POLYGON ((634695.8115934571 3347092.5437970776, 634697.7450655106 3347092.5437970776, 634697.7450655106 3347090.7760710637, 634695.8115934571 3347090.7760710637, 634695.8115934571 3347092.5437970776))", "target_id": "33c05429-094f-4e28-965c-d83f5a074001", "region_outline_version": "2024-12-14", "region_name": "Brewster_57" }, "geometry": { "type": "Point", "coordinates": [ -103.599997504349872, 30.247967056825964 ] } },
{ "type": "Feature", "properties": { "bounding_box": "POLYGON ((634611.2360016324 3347091.9361412604, 634613.1694736859 3347091.9361412604, 634613.1694736859 3347090.0026909327, 634611.2360016324 3347090.0026909327, 634611.2360016324 3347091.9361412604))", "target_id": "34e888be-13aa-421d-8b3d-3276ce194075", "region_outline_version": "2024-12-14", "region_name": "Brewster_57" }, "geometry": { "type": "Point", "coordinates": [ -103.600876655996274, 30.247969986552711 ] } },
{ "type": "Feature", "properties": { "bounding_box": "POLYGON ((634191.2858716183 3347090.9970368156, 634194.0479745519 3347090.9970368156, 634194.0479745519 3347088.1797234807, 634191.2858716183 3347088.1797234807, 634191.2858716183 3347090.9970368156))", "target_id": "a711a38b-879d-4732-8e1a-ab5d1ffd920b", "region_outline_version": "2024-12-14", "region_name": "Brewster_57" }, "geometry": { "type": "Point", "coordinates": [ -103.60523632506829, 30.248003658845917 ] } },
{ "type": "Feature", "properties": { "bounding_box": "POLYGON ((634246.859382641 3347089.671242305, 634247.853739697 3347089.671242305, 634247.853739697 3347088.7321378603, 634246.859382641 3347088.7321378603, 634246.859382641 3347089.671242305))", "target_id": "ab1709e9-9886-4af4-b640-dbab546a23fd", "region_outline_version": "2024-12-14", "region_name": "Brewster_57" }, "geometry": { "type": "Point", "coordinates": [ -103.604667154289629, 30.247994718084644 ] } },
{ "type": "Feature", "properties": { "bounding_box": "POLYGON ((634762.3782741552 3347089.2293108017, 634763.9802938567 3347089.2293108017, 634763.9802938567 3347088.124482043, 634762.3782741552 3347088.124482043, 634762.3782741552 3347089.2293108017))", "target_id": "3ec56cfe-d79f-4939-840d-22b8101e98e8", "region_outline_version": "2024-12-14", "region_name": "Brewster_57" }, "geometry": { "type": "Point", "coordinates": [ -103.599307509972604, 30.247932526327457 ] } },
{ "type": "Feature", "properties": { "bounding_box": "POLYGON ((634222.8290871192 3347089.118827926, 634224.6520750554 3347089.118827926, 634224.6520750554 3347087.6825505397, 634222.8290871192 3347087.6825505397, 634222.8290871192 3347089.118827926))", "target_id": "df9753ae-9808-4312-bcf3-19f61cd4ac79", "region_outline_version": "2024-12-14", "region_name": "Brewster_57" }, "geometry": { "type": "Point", "coordinates": [ -103.604912791968701, 30.247989894351662 ] } },
{ "type": "Feature", "properties": { "bounding_box": "POLYGON ((634589.8020828682 3347088.5664135464, 634591.4593446284 3347088.5664135464, 634591.4593446284 3347087.516826226, 634589.8020828682 3347087.516826226, 634589.8020828682 3347088.5664135464))", "target_id": "cd20d50a-d282-4180-92a9-615eaaf82f4f", "region_outline_version": "2024-12-14", "region_name": "Brewster_57" }, "geometry": { "type": "Point", "coordinates": [ -103.601100159219826, 30.247945794232816 ] } },
{ "type": "Feature", "properties": { "bounding_box": "POLYGON ((634486.6651593301 3347087.5720676635, 634490.6978296131 3347087.5720676635, 634490.6978296131 3347083.6499255705, 634486.6651593301 3347083.6499255705, 634486.6651593301 3347087.5720676635))", "target_id": "7ced4d14-c825-4697-ae6b-1219b69629ff", "region_outline_version": "2024-12-14", "region_name": "Brewster_57" }, "geometry": { "type": "Point", "coordinates": [ -103.602160571822012, 30.247934903952807 ] } },
{ "type": "Feature", "properties": { "bounding_box": "POLYGON ((634587.0399799347 3347087.074894722, 634588.4762734601 3347087.074894722, 634588.4762734601 3347085.3624101463, 634587.0399799347 3347085.3624101463, 634587.0399799347 3347087.074894722))", "target_id": "b3e2f6c5-a135-4198-af23-bd405fac3dea", "region_outline_version": "2024-12-14", "region_name": "Brewster_57" }, "geometry": { "type": "Point", "coordinates": [ -103.601129841923267, 30.247929497106689 ] } },
{ "type": "Feature", "properties": { "bounding_box": "POLYGON ((634248.8480967531 3347087.0196532845, 634249.8424538092 3347087.0196532845, 634249.8424538092 3347085.749100212, 634248.8480967531 3347085.749100212, 634248.8480967531 3347087.0196532845))", "target_id": "4bf9814c-ade1-4e94-8c4e-7807d2b8513b", "region_outline_version": "2024-12-14", "region_name": "Brewster_57" }, "geometry": { "type": "Point", "coordinates": [ -103.604647008321109, 30.247968833830349 ] } },
{ "type": "Feature", "properties": { "bounding_box": "POLYGON ((634258.2392467271 3347086.8539289706, 634260.6698973087 3347086.8539289706, 634260.6698973087 3347083.8156498843, 634258.2392467271 3347083.8156498843, 634258.2392467271 3347086.8539289706))", "target_id": "57a08be4-40f7-4f98-8c65-2ca318e2d96c", "region_outline_version": "2024-12-14", "region_name": "Brewster_57" }, "geometry": { "type": "Point", "coordinates": [ -103.604542540588554, 30.247958568423343 ] } },
{ "type": "Feature", "properties": { "bounding_box": "POLYGON ((634758.1246356376 3347086.1910317154, 634759.229476811 3347086.1910317154, 634759.229476811 3347085.2519272706, 634758.1246356376 3347085.2519272706, 634758.1246356376 3347086.1910317154))", "target_id": "3ce61182-7273-4122-a36e-1b4818d08eb0", "region_outline_version": "2024-12-14", "region_name": "Brewster_57" }, "geometry": { "type": "Point", "coordinates": [ -103.599354423316612, 30.247906120946848 ] } },
{ "type": "Feature", "properties": { "bounding_box": "POLYGON ((634354.8023652834 3347086.1357902773, 634355.686238222 3347086.1357902773, 634355.686238222 3347085.1966858325, 634354.8023652834 3347085.1966858325, 634354.8023652834 3347086.1357902773))", "target_id": "830be21e-822d-4fc1-a634-3ae556b2efab", "region_outline_version": "2024-12-14", "region_name": "Brewster_57" }, "geometry": { "type": "Point", "coordinates": [ -103.603546712591395, 30.247950734007162 ] } },
{ "type": "Feature", "properties": { "bounding_box": "POLYGON ((634590.520229631 3347086.0253074015, 634591.9012810977 3347086.0253074015, 634591.9012810977 3347084.533788577, 634590.520229631 3347084.533788577, 634590.520229631 3347086.0253074015))", "target_id": "773edeae-4f65-4a46-9b30-0885496a2438", "region_outline_version": "2024-12-14", "region_name": "Brewster_57" }, "geometry": { "type": "Point", "coordinates": [ -103.601094695449206, 30.247921206041642 ] } },
{ "type": "Feature", "properties": { "bounding_box": "POLYGON ((634642.1163124293 3347085.8043416496, 634643.3868797787 3347085.8043416496, 634643.3868797787 3347084.533788577, 634642.1163124293 3347084.533788577, 634642.1163124293 3347085.8043416496))", "target_id": "43727db3-f0bd-4b0a-ad48-01bf61121b25", "region_outline_version": "2024-12-14", "region_name": "Brewster_57" }, "geometry": { "type": "Point", "coordinates": [ -103.600558554650036, 30.247914092749088 ] } },
{ "type": "Feature", "properties": { "bounding_box": "POLYGON ((634528.5386398025 3347085.141444395, 634529.5329968586 3347085.141444395, 634529.5329968586 3347083.8708913224, 634528.5386398025 3347083.8708913224, 634528.5386398025 3347085.141444395))", "target_id": "34640f55-295f-40cb-8a86-2078175dc16b", "region_outline_version": "2024-12-14", "region_name": "Brewster_57" }, "geometry": { "type": "Point", "coordinates": [ -103.601741075133859, 30.247920700455555 ] } },
{ "type": "Feature", "properties": { "bounding_box": "POLYGON ((634209.1842986277 3347084.975720081, 634215.3714091987 3347084.975720081, 634215.3714091987 3347078.954403346, 634209.1842986277 3347078.954403346, 634209.1842986277 3347084.975720081))", "target_id": "309fb565-3aed-4fed-aa8f-11cd31aef458", "region_outline_version": "2024-12-14", "region_name": "Brewster_57" }, "geometry": { "type": "Point", "coordinates": [ -103.605032223547141, 30.24793613808858 ] } },
{ "type": "Feature", "properties": { "bounding_box": "POLYGON ((634205.427838638 3347083.981374198, 634207.4165527502 3347083.981374198, 634207.4165527502 3347081.8269581185, 634205.427838638 3347081.8269581185, 634205.427838638 3347083.981374198))", "target_id": "a8169e37-bcc7-4966-b313-965530b57f9f", "region_outline_version": "2024-12-14", "region_name": "Brewster_57" }, "geometry": { "type": "Point", "coordinates": [ -103.605093598400188, 30.247942172016209 ] } },
{ "type": "Feature", "properties": { "bounding_box": "POLYGON ((634754.865354176 3347083.4289598186, 634756.5778579948 3347083.4289598186, 634756.5778579948 3347080.9430951118, 634754.865354176 3347080.9430951118, 634754.865354176 3347083.4289598186))", "target_id": "f3cbb5dd-0507-41f2-929a-d009dbf4270d", "region_outline_version": "2024-12-14", "region_name": "Brewster_57" }, "geometry": { "type": "Point", "coordinates": [ -103.599385976575789, 30.247876971688925 ] } },
{ "type": "Feature", "properties": { "bounding_box": "POLYGON ((634269.674352872 3347083.152752629, 634272.8231502161 3347083.152752629, 634272.8231502161 3347080.390680732, 634269.674352872 3347080.390680732, 634269.674352872 3347083.152752629))", "target_id": "ea487cab-6b34-44d7-b272-f5dc7296568c", "region_outline_version": "2024-12-14", "region_name": "Brewster_57" }, "geometry": { "type": "Point", "coordinates": [ -103.604418474301539, 30.247925673847273 ] } },
{ "type": "Feature", "properties": { "bounding_box": "POLYGON ((634493.570416664 3347082.7660625633, 634495.1171943068 3347082.7660625633, 634495.1171943068 3347081.440268053, 634493.570416664 3347081.440268053, 634493.570416664 3347082.7660625633))", "target_id": "413f73c0-4a5d-4a34-96e8-d5b22321d395", "region_outline_version": "2024-12-14", "region_name": "Brewster_57" }, "geometry": { "type": "Point", "coordinates": [ -103.602101839366, 30.247903385430078 ] } },
{ "type": "Feature", "properties": { "bounding_box": "POLYGON ((634196.7548354267 3347081.9374409947, 634199.2959701256 3347081.9374409947, 634199.2959701256 3347079.1201276598, 634196.7548354267 3347079.1201276598, 634196.7548354267 3347081.9374409947))", "target_id": "7cf76d31-0064-40a8-b14d-4c98a2411b5e", "region_outline_version": "2024-12-14", "region_name": "Brewster_57" }, "geometry": { "type": "Point", "coordinates": [ -103.605180591995648, 30.247922118758908 ] } },
{ "type": "Feature", "properties": { "bounding_box": "POLYGON ((634598.9722646076 3347081.6612338047, 634601.6238834237 3347081.6612338047, 634601.6238834237 3347077.1314358944, 634598.9722646076 3347077.1314358944, 634598.9722646076 3347081.6612338047))", "target_id": "c637c274-1ae6-4613-84aa-62f38fe7d217", "region_outline_version": "2024-12-14", "region_name": "Brewster_57" }, "geometry": { "type": "Point", "coordinates": [ -103.601001839593309, 30.247867435338456 ] } },
{ "type": "Feature", "properties": { "bounding_box": "POLYGON ((634622.7263498359 3347081.6612338047, 634623.720706892 3347081.6612338047, 634623.720706892 3347080.72212936, 634622.7263498359 3347080.72212936, 634622.7263498359 3347081.6612338047))", "target_id": "ea46620b-e5ce-4af0-92c1-916292dd9e68", "region_outline_version": "2024-12-14", "region_name": "Brewster_57" }, "geometry": { "type": "Point", "coordinates": [ -103.600762503954854, 30.247880496610438 ] } },
{ "type": "Feature", "properties": { "bounding_box": "POLYGON ((634695.5906252224 3347080.556405046, 634697.4136131586 3347080.556405046, 634697.4136131586 3347078.5677132807, 634695.5906252224 3347078.5677132807, 634695.5906252224 3347080.556405046))", "target_id": "0bf4046f-e573-4a10-81e4-78a479b16992", "region_outline_version": "2024-12-14", "region_name": "Brewster_57" }, "geometry": { "type": "Point", "coordinates": [ -103.600001154015231, 30.247857879920929 ] } },
{ "type": "Feature", "properties": { "bounding_box": "POLYGON ((634646.701403299 3347080.2249564184, 634648.6348753524 3347080.2249564184, 634648.6348753524 3347078.401988967, 634646.701403299 3347078.401988967, 634646.701403299 3347080.2249564184))", "target_id": "397db3bb-2180-4a8e-b054-2ae13c862fd3", "region_outline_version": "2024-12-14", "region_name": "Brewster_57" }, "geometry": { "type": "Point", "coordinates": [ -103.600509499958889, 30.247860942005413 ] } },
{ "type": "Feature", "properties": { "bounding_box": "POLYGON ((634489.4272622637 3347080.1697149808, 634494.9514681308 3347080.1697149808, 634494.9514681308 3347075.750399946, 634489.4272622637 3347075.750399946, 634489.4272622637 3347080.1697149808))", "target_id": "4591920e-d051-4f53-b9f5-89f125560f7c", "region_outline_version": "2024-12-14", "region_name": "Brewster_57" }, "geometry": { "type": "Point", "coordinates": [ -103.602123523996951, 30.247865115059078 ] } },
{ "type": "Feature", "properties": { "bounding_box": "POLYGON ((634261.277559954 3347079.3410934117, 634263.9291787702 3347079.3410934117, 634263.9291787702 3347076.9657115806, 634261.277559954 3347076.9657115806, 634261.277559954 3347079.3410934117))", "target_id": "6b0c4ef7-522e-4db8-8c6a-aa4746dcb3a1", "region_outline_version": "2024-12-14", "region_name": "Brewster_57" }, "geometry": { "type": "Point", "coordinates": [ -103.604509504859152, 30.247893079943729 ] } },
{ "type": "Feature", "properties": { "bounding_box": "POLYGON ((634249.4005173398 3347079.064886222, 634253.3227035054 3347079.064886222, 634253.3227035054 3347075.5294341943, 634249.4005173398 3347075.5294341943, 634249.4005173398 3347079.064886222))", "target_id": "70260958-b5da-49ed-b1bd-e55bd2c36f31", "region_outline_version": "2024-12-14", "region_name": "Brewster_57" }, "geometry": { "type": "Point", "coordinates": [ -103.604627051726439, 30.247887037632587 ] } },
{ "type": "Feature", "properties": { "bounding_box": "POLYGON ((634651.728430638 3347078.4572304045, 634652.5570615181 3347078.4572304045, 634652.5570615181 3347077.628608836, 634651.728430638 3347077.628608836, 634651.728430638 3347078.4572304045))", "target_id": "e258c1da-8258-4697-87f6-cd7c3d85c84e", "region_outline_version": "2024-12-14", "region_name": "Brewster_57" }, "geometry": { "type": "Point", "coordinates": [ -103.600462489357028, 30.247848949191283 ] } },
{ "type": "Feature", "properties": { "bounding_box": "POLYGON ((634509.3696454437 3347077.8495745873, 634513.6785260201 3347077.8495745873, 634513.6785260201 3347073.7064667423, 634509.3696454437 3347073.7064667423, 634509.3696454437 3347077.8495745873))", "target_id": "04235d46-253c-40f4-aaf8-604a908fd5a1", "region_outline_version": "2024-12-14", "region_name": "Brewster_57" }, "geometry": { "type": "Point", "coordinates": [ -103.601923574841933, 30.247844272069482 ] } },
{ "type": "Feature", "properties": { "bounding_box": "POLYGON ((634539.8080197714 3347077.6838502735, 634541.0785871207 3347077.6838502735, 634541.0785871207 3347076.579021515, 634539.8080197714 3347076.579021515, 634539.8080197714 3347077.6838502735))", "target_id": "4a8a13d6-14d2-4b1e-b3f9-2dc97c2e7198", "region_outline_version": "2024-12-14", "region_name": "Brewster_57" }, "geometry": { "type": "Point", "coordinates": [ -103.60162373532701, 30.247852883100872 ] } },
{ "type": "Feature", "properties": { "bounding_box": "POLYGON ((634497.2716345949 3347077.5733673978, 634501.1938207606 3347077.5733673978, 634501.1938207606 3347073.430259553, 634497.2716345949 3347073.430259553, 634497.2716345949 3347077.5733673978))", "target_id": "7a146043-f639-4a6e-a6a6-3311f717f8c4", "region_outline_version": "2024-12-14", "region_name": "Brewster_57" }, "geometry": { "type": "Point", "coordinates": [ -103.602051931990971, 30.247843317635528 ] } },
{ "type": "Feature", "properties": { "bounding_box": "POLYGON ((634341.0470926744 3347077.24191877, 634342.7595964932 3347077.24191877, 634342.7595964932 3347075.805641384, 634341.0470926744 3347075.805641384, 634341.0470926744 3347077.24191877))", "target_id": "7e08540f-9303-4d34-a98e-b0e8c562fdc1", "region_outline_version": "2024-12-14", "region_name": "Brewster_57" }, "geometry": { "type": "Point", "coordinates": [ -103.603686830037702, 30.247869428854063 ] } },
{ "type": "Feature", "properties": { "bounding_box": "POLYGON ((634183.7177095804 3347076.1370900115, 634185.5406975166 3347076.1370900115, 634185.5406975166 3347074.03791537, 634183.7177095804 3347074.03791537, 634183.7177095804 3347076.1370900115))", "target_id": "bd9a3966-c959-44fe-aff4-2141dc118d47", "region_outline_version": "2024-12-14", "region_name": "Brewster_57" }, "geometry": { "type": "Point", "coordinates": [ -103.605321433572968, 30.247874879316907 ] } },
{ "type": "Feature", "properties": { "bounding_box": "POLYGON ((634270.4477416934 3347076.1370900115, 634271.8840352187 3347076.1370900115, 634271.8840352187 3347074.921778377, 634270.4477416934 3347074.921778377, 634270.4477416934 3347076.1370900115))", "target_id": "a9f0f84b-f0ab-4bc5-bb21-b22bc2dcb604", "region_outline_version": "2024-12-14", "region_name": "Brewster_57" }, "geometry": { "type": "Point", "coordinates": [ -103.604421785517161, 30.247868327215777 ] } },
{ "type": "Feature", "properties": { "bounding_box": "POLYGON ((634450.5920950182 3347076.0818485734, 634453.1884717757 3347076.0818485734, 634453.1884717757 3347073.7064667423, 634450.5920950182 3347073.7064667423, 634450.5920950182 3347076.0818485734))", "target_id": "8d7ee53b-711c-4926-8f08-48be427eb583", "region_outline_version": "2024-12-14", "region_name": "Brewster_57" }, "geometry": { "type": "Point", "coordinates": [ -103.602543710755086, 30.247842810360115 ] } },
{ "type": "Feature", "properties": { "bounding_box": "POLYGON ((634440.2618300469 3347075.9161242596, 634441.4219132789 3347075.9161242596, 634441.4219132789 3347074.5903297495, 634440.2618300469 3347074.5903297495, 634440.2618300469 3347075.9161242596))", "target_id": "da79e2f1-4d71-4204-98c2-06e2088e9624", "region_outline_version": "2024-12-14", "region_name": "Brewster_57" }, "geometry": { "type": "Point", "coordinates": [ -103.602658458933874, 30.247847126865775 ] } },
{ "type": "Feature", "properties": { "bounding_box": "POLYGON ((634525.942263045 3347074.977019815, 634529.3672706826 3347074.977019815, 634529.3672706826 3347072.8778451732, 634525.942263045 3347072.8778451732, 634525.942263045 3347074.977019815))", "target_id": "50b91000-7e9c-4d4e-b588-b54778d67444", "region_outline_version": "2024-12-14", "region_name": "Brewster_57" }, "geometry": { "type": "Point", "coordinates": [ -103.601760133851215, 30.247824127213764 ] } },
{ "type": "Feature", "properties": { "bounding_box": "POLYGON ((634625.1017583588 3347074.7008126252, 634627.8638612923 3347074.7008126252, 634627.8638612923 3347072.1044650422, 634625.1017583588 3347072.1044650422, 634625.1017583588 3347074.7008126252))", "target_id": "89ea8dfb-ebb4-438e-bb97-e127f1b8dd63", "region_outline_version": "2024-12-14", "region_name": "Brewster_57" }, "geometry": { "type": "Point", "coordinates": [ -103.600729180959917, 30.247810008105777 ] } },
{ "type": "Feature", "properties": { "bounding_box": "POLYGON ((634522.5172554074 3347073.872191056, 634525.3346003996 3347073.872191056, 634525.3346003996 3347070.944394846, 634522.5172554074 3347070.944394846, 634522.5172554074 3347073.872191056))", "target_id": "b097d860-aac7-4e77-af93-8a604d712c5a", "region_outline_version": "2024-12-14", "region_name": "Brewster_57" }, "geometry": { "type": "Point", "coordinates": [ -103.601794332251174, 30.247813326627664 ] } },
{ "type": "Feature", "properties": { "bounding_box": "POLYGON ((634252.3283464494 3347073.8169496185, 634254.3170605615 3347073.8169496185, 634254.3170605615 3347071.9387407284, 634252.3283464494 3347071.9387407284, 634252.3283464494 3347073.8169496185))", "target_id": "6a6c4d85-edc6-4577-8c78-31bf69edafb1", "region_outline_version": "2024-12-14", "region_name": "Brewster_57" }, "geometry": { "type": "Point", "coordinates": [ -103.60460732825274, 30.247846686992446 ] } },
{ "type": "Feature", "properties": { "bounding_box": "POLYGON ((634530.472111856 3347073.6512253047, 634531.3559847947 3347073.6512253047, 634531.3559847947 3347072.8226037356, 634530.472111856 3347072.8226037356, 634530.472111856 3347073.6512253047))", "target_id": "24615346-4797-46d0-b4da-3a99a2ccaff5", "region_outline_version": "2024-12-14", "region_name": "Brewster_57" }, "geometry": { "type": "Point", "coordinates": [ -103.601722806869191, 30.247819045395897 ] } },
{ "type": "Feature", "properties": { "bounding_box": "POLYGON ((634656.1477953317 3347073.485500991, 634660.0147394385 3347073.485500991, 634660.0147394385 3347070.9996362836, 634656.1477953317 3347070.9996362836, 634656.1477953317 3347073.485500991))", "target_id": "5d690b4f-2c77-4339-a225-15c7281ab4da", "region_outline_version": "2024-12-14", "region_name": "Brewster_57" }, "geometry": { "type": "Point", "coordinates": [ -103.60040292096599, 30.247796182317263 ] } },
{ "type": "Feature", "properties": { "bounding_box": "POLYGON ((634555.6624906098 3347072.546396546, 634556.9883000179 3347072.546396546, 634556.9883000179 3347071.3863263493, 634555.6624906098 3347071.3863263493, 634555.6624906098 3347072.546396546))", "target_id": "76525775-14f5-48bf-96b2-29e7bd5d12b9", "region_outline_version": "2024-12-14", "region_name": "Brewster_57" }, "geometry": { "type": "Point", "coordinates": [ -103.601459172170323, 30.247805172793523 ] } },
{ "type": "Feature", "properties": { "bounding_box": "POLYGON ((634261.4985281887 3347072.2149479184, 634262.9900637728 3347072.2149479184, 634262.9900637728 3347070.668187656, 634261.4985281887 3347070.668187656, 634261.4985281887 3347072.2149479184))", "target_id": "e2def607-73a0-4be3-8e18-d895c7b88806", "region_outline_version": "2024-12-14", "region_name": "Brewster_57" }, "geometry": { "type": "Point", "coordinates": [ -103.604514626983104, 30.247832473228552 ] } },
{ "type": "Feature", "properties": { "bounding_box": "POLYGON ((634449.1005594342 3347072.2149479184, 634451.3654838396 3347072.2149479184, 634451.3654838396 3347069.839566087, 634449.1005594342 3347069.839566087, 634449.1005594342 3347072.2149479184))", "target_id": "8fb0bd04-b765-49f8-a6b4-ebfdb82934e4", "region_outline_version": "2024-12-14", "region_name": "Brewster_57" }, "geometry": { "type": "Point", "coordinates": [ -103.602561512033901, 30.247808359698762 ] } },
{ "type": "Feature", "properties": { "bounding_box": "POLYGON ((634587.316190228 3347071.662533539, 634589.9125669856 3347071.662533539, 634589.9125669856 3347068.900461642, 634587.316190228 3347068.900461642, 634587.316190228 3347071.662533539))", "target_id": "c6b856b0-ebef-40ee-8332-01fc574ecd18", "region_outline_version": "2024-12-14", "region_name": "Brewster_57" }, "geometry": { "type": "Point", "coordinates": [ -103.601122856415444, 30.247785207617699 ] } },
{ "type": "Feature", "properties": { "bounding_box": "POLYGON ((634257.7420681991 3347071.275843473, 634259.3440879006 3347071.275843473, 634259.3440879006 3347069.6738417735, 634257.7420681991 3347069.6738417735, 634257.7420681991 3347071.275843473))", "target_id": "8721c228-8541-4a31-a85b-5b9f76dd7701", "region_outline_version": "2024-12-14", "region_name": "Brewster_57" }, "geometry": { "type": "Point", "coordinates": [ -103.60455343336622, 30.247824596268362 ] } },
{ "type": "Feature", "properties": { "bounding_box": "POLYGON ((634554.447165319 3347070.115773277, 634557.0435420765 3347070.115773277, 634557.0435420765 3347068.127081511, 634554.447165319 3347068.127081511, 634554.447165319 3347070.115773277))", "target_id": "2ff5d7b6-4ccb-4d83-bbbc-6c3a5395dc4b", "region_outline_version": "2024-12-14", "region_name": "Brewster_57" }, "geometry": { "type": "Point", "coordinates": [ -103.601466838246211, 30.24777929237257 ] } },
{ "type": "Feature", "properties": { "bounding_box": "POLYGON ((634464.0711573339 3347069.7843246493, 634466.059871446 3347069.7843246493, 634466.059871446 3347067.6851500077, 634464.0711573339 3347067.6851500077, 634464.0711573339 3347069.7843246493))", "target_id": "7fa6172c-8c09-4afe-b4fb-2c7d2d21862e", "region_outline_version": "2024-12-14", "region_name": "Brewster_57" }, "geometry": { "type": "Point", "coordinates": [ -103.602407491304447, 30.247785127859274 ] } },
{ "type": "Feature", "properties": { "bounding_box": "POLYGON ((634743.8721845006 3347069.5081174597, 634748.9544538982 3347069.5081174597, 634748.9544538982 3347062.602937718, 634743.8721845006 3347062.602937718, 634743.8721845006 3347069.5081174597))", "target_id": "ab78ca14-b4fa-4d57-ade0-9bdceecf04f3", "region_outline_version": "2024-12-14", "region_name": "Brewster_57" }, "geometry": { "type": "Point", "coordinates": [ -103.599484086478611, 30.247728177085587 ] } },
{ "type": "Feature", "properties": { "bounding_box": "POLYGON ((634528.5938818612 3347069.342393146, 634530.472111856 3347069.342393146, 634530.472111856 3347068.0165986354, 634528.5938818612 3347068.0165986354, 634528.5938818612 3347069.342393146))", "target_id": "3c3cb751-48d9-4876-9331-8aa53f7d5dff", "region_outline_version": "2024-12-14", "region_name": "Brewster_57" }, "geometry": { "type": "Point", "coordinates": [ -103.60173811621037, 30.247778241573766 ] } },
{ "type": "Feature", "properties": { "bounding_box": "POLYGON ((634775.6916102949 3347068.900461642, 634777.4041141137 3347068.900461642, 634777.4041141137 3347066.0831483076, 634775.6916102949 3347066.0831483076, 634775.6916102949 3347068.900461642))", "target_id": "14ee8688-b180-47c9-818c-d99c99af5923", "region_outline_version": "2024-12-14", "region_name": "Brewster_57" }, "geometry": { "type": "Point", "coordinates": [ -103.599169456547514, 30.247738638185748 ] } },
{ "type": "Feature", "properties": { "bounding_box": "POLYGON ((634237.468232667 3347068.4585301387, 634239.9541253072 3347068.4585301387, 634239.9541253072 3347065.585975366, 634237.468232667 3347065.585975366, 634237.468232667 3347068.4585301387))", "target_id": "72555de1-52b2-4c6b-8b06-d28cdaf6ced3", "region_outline_version": "2024-12-14", "region_name": "Brewster_57" }, "geometry": { "type": "Point", "coordinates": [ -103.604759973337792, 30.24779531093996 ] } },
{ "type": "Feature", "properties": { "bounding_box": "POLYGON ((634678.5208290933 3347068.0165986354, 634680.067606736 3347068.0165986354, 634680.067606736 3347066.635562687, 634678.5208290933 3347066.635562687, 634678.5208290933 3347068.0165986354))", "target_id": "a001c70f-98b9-4275-9523-81cccb843506", "region_outline_version": "2024-12-14", "region_name": "Brewster_57" }, "geometry": { "type": "Point", "coordinates": [ -103.600181351432482, 30.247749517863525 ] } },
{ "type": "Feature", "properties": { "bounding_box": "POLYGON ((634409.9891818953 3347067.519425694, 634411.5912015968 3347067.519425694, 634411.5912015968 3347065.75169968, 634409.9891818953 3347065.75169968, 634409.9891818953 3347067.519425694))", "target_id": "72e9a4b0-55a9-4b33-8f51-8ccd4f7b4552", "region_outline_version": "2024-12-14", "region_name": "Brewster_57" }, "geometry": { "type": "Point", "coordinates": [ -103.602971244409957, 30.247772792884092 ] } },
{ "type": "Feature", "properties": { "bounding_box": "POLYGON ((634195.37378396 3347067.132735628, 634197.5834663068 3347067.132735628, 634197.5834663068 3347064.978319549, 634195.37378396 3347064.978319549, 634195.37378396 3347067.132735628))", "target_id": "724b7093-89e7-49f4-b1e3-fa3b21546a92", "region_outline_version": "2024-12-14", "region_name": "Brewster_57" }, "geometry": { "type": "Point", "coordinates": [ -103.605198931576368, 30.24779126881884 ] } },
{ "type": "Feature", "properties": { "bounding_box": "POLYGON ((634209.0738145103 3347066.359355497, 634210.786318329 3347066.359355497, 634210.786318329 3347064.6468709214, 634209.0738145103 3347064.6468709214, 634209.0738145103 3347066.359355497))", "target_id": "c48ce0e6-c126-453b-9f09-319a0779a803", "region_outline_version": "2024-12-14", "region_name": "Brewster_57" }, "geometry": { "type": "Point", "coordinates": [ -103.605058511295624, 30.247784790073691 ] } },
{ "type": "Feature", "properties": { "bounding_box": "POLYGON ((634486.0574966848 3347065.972665432, 634487.0518537408 3347065.972665432, 634487.0518537408 3347064.978319549, 634486.0574966848 3347064.978319549, 634486.0574966848 3347065.972665432))", "target_id": "1168f14c-2063-4231-a37c-e027aac5da61", "region_outline_version": "2024-12-14", "region_name": "Brewster_57" }, "geometry": { "type": "Point", "coordinates": [ -103.602184700924582, 30.247754098029901 ] } },
{ "type": "Feature", "properties": { "bounding_box": "POLYGON ((634515.8329663082 3347065.199285301, 634516.8273233643 3347065.199285301, 634516.8273233643 3347064.2601808556, 634515.8329663082 3347064.2601808556, 634515.8329663082 3347065.199285301))", "target_id": "cade046d-ca63-46cb-8e4b-4cb5b33f4f7a", "region_outline_version": "2024-12-14", "region_name": "Brewster_57" }, "geometry": { "type": "Point", "coordinates": [ -103.601875326549035, 30.247743916151087 ] } },
{ "type": "Feature", "properties": { "bounding_box": "POLYGON ((634471.1421408437 3347064.4811466075, 634471.9707717238 3347064.4811466075, 634471.9707717238 3347063.6525250385, 634471.1421408437 3347063.6525250385, 634471.1421408437 3347064.4811466075))", "target_id": "fde070e3-73ec-4efa-8eda-ddbcaaf350ee", "region_outline_version": "2024-12-14", "region_name": "Brewster_57" }, "geometry": { "type": "Point", "coordinates": [ -103.602340770646506, 30.247742899904846 ] } },
{ "type": "Feature", "properties": { "bounding_box": "POLYGON ((634204.1020292299 3347063.321076411, 634206.6431639288 3347063.321076411, 634206.6431639288 3347060.835211704, 634204.1020292299 3347060.835211704, 634204.1020292299 3347063.321076411))", "target_id": "6bd51eae-c062-4987-9ad7-66d6309e6a0f", "region_outline_version": "2024-12-14", "region_name": "Brewster_57" }, "geometry": { "type": "Point", "coordinates": [ -103.605107270856749, 30.247754486297282 ] } },
{ "type": "Feature", "properties": { "bounding_box": "POLYGON ((634521.4676562926 3347063.321076411, 634522.40677129 3347063.321076411, 634522.40677129 3347062.492454842, 634521.4676562926 3347062.492454842, 634521.4676562926 3347063.321076411))", "target_id": "8f1da434-c801-4d6e-958d-522ebb9552e1", "region_outline_version": "2024-12-14", "region_name": "Brewster_57" }, "geometry": { "type": "Point", "coordinates": [ -103.601817406127807, 30.247726846965431 ] } },
{ "type": "Feature", "properties": { "bounding_box": "POLYGON ((634527.2680724531 3347062.1057647765, 634530.0854174453 3347062.1057647765, 634530.0854174453 3347059.896107259, 634527.2680724531 3347059.896107259, 634527.2680724531 3347062.1057647765))", "target_id": "e5b45412-9b86-4452-bead-f52556f1809d", "region_outline_version": "2024-12-14", "region_name": "Brewster_57" }, "geometry": { "type": "Point", "coordinates": [ -103.601749220431785, 30.24771081013445 ] } },
{ "type": "Feature", "properties": { "bounding_box": "POLYGON ((634210.289139801 3347062.0505233384, 634211.7254333264 3347062.0505233384, 634211.7254333264 3347060.614245952, 634210.289139801 3347060.614245952, 634210.289139801 3347062.0505233384))", "target_id": "30ac13b0-1d71-4abd-9a1d-cd04f89c6e4c", "region_outline_version": "2024-12-14", "region_name": "Brewster_57" }, "geometry": { "type": "Point", "coordinates": [ -103.605048658563916, 30.247746977805718 ] } },
{ "type": "Feature", "properties": { "bounding_box": "POLYGON ((634237.136780315 3347061.2219017697, 634239.7331570724 3347061.2219017697, 634239.7331570724 3347058.9570028144, 634237.136780315 3347058.9570028144, 634237.136780315 3347061.2219017697))", "target_id": "f6fa679f-5cb5-4e0d-8a07-75c46033adb2", "region_outline_version": "2024-12-14", "region_name": "Brewster_57" }, "geometry": { "type": "Point", "coordinates": [ -103.604763526914894, 30.247732891695581 ] } },
{ "type": "Feature", "properties": { "bounding_box": "POLYGON ((634771.7141820706 3347059.6751415073, 634776.2440308816 3347059.6751415073, 634776.2440308816 3347056.084448042, 634771.7141820706 3347056.084448042, 634771.7141820706 3347059.6751415073))", "target_id": "975b9010-70e5-4288-b8ca-149508f7a0a5", "region_outline_version": "2024-12-14", "region_name": "Brewster_57" }, "geometry": { "type": "Point", "coordinates": [ -103.59919537598158, 30.247652285673947 ] } },
{ "type": "Feature", "properties": { "bounding_box": "POLYGON ((634530.5825959733 3347059.177968566, 634531.5217109707 3347059.177968566, 634531.5217109707 3347058.1283812453, 634530.5825959733 3347058.1283812453, 634530.5825959733 3347059.177968566))", "target_id": "3e442976-90b9-450c-8810-e9c00135cc9c", "region_outline_version": "2024-12-14", "region_name": "Brewster_57" }, "geometry": { "type": "Point", "coordinates": [ -103.601723428189217, 30.247687635743496 ] } },
{ "type": "Feature", "properties": { "bounding_box": "POLYGON ((634216.8077027241 3347059.06748569, 634218.3544803669 3347059.06748569, 634218.3544803669 3347057.7416911796, 634216.8077027241 3347057.7416911796, 634216.8077027241 3347059.06748569))", "target_id": "becc2b78-dc47-4366-8b26-74caab5a5383", "region_outline_version": "2024-12-14", "region_name": "Brewster_57" }, "geometry": { "type": "Point", "coordinates": [ -103.604980692724894, 30.247720139963381 ] } },
{ "type": "Feature", "properties": { "bounding_box": "POLYGON ((634540.9681030033 3347058.7912785006, 634554.2261970843 3347058.7912785006, 634554.2261970843 3347045.257126207, 634540.9681030033 3347045.257126207, 634540.9681030033 3347058.7912785006))", "target_id": "9ab5d9cc-a344-4a14-88e4-e9c31546a8a5", "region_outline_version": "2024-12-14", "region_name": "Brewster_57" }, "geometry": { "type": "Point", "coordinates": [ -103.60155381498717, 30.247624047965502 ] } },
{ "type": "Feature", "properties": { "bounding_box": "POLYGON ((634660.5671600252 3347057.520725428, 634664.5445882495 3347057.520725428, 634664.5445882495 3347054.095756276, 634660.5671600252 3347054.095756276, 634660.5671600252 3347057.520725428))", "target_id": "bd9b993f-2865-41c6-a016-c45106d7cf75", "region_outline_version": "2024-12-14", "region_name": "Brewster_57" }, "geometry": { "type": "Point", "coordinates": [ -103.600356117570769, 30.247648005720045 ] } },
{ "type": "Feature", "properties": { "bounding_box": "POLYGON ((634578.7536711341 3347056.2501723557, 634580.5214170115 3347056.2501723557, 634580.5214170115 3347054.5376877794, 634578.7536711341 3347054.5376877794, 634578.7536711341 3347056.2501723557))", "target_id": "a6a96b09-243d-4472-81e1-d06951481a53", "region_outline_version": "2024-12-14", "region_name": "Brewster_57" }, "geometry": { "type": "Point", "coordinates": [ -103.601219940847386, 30.247653478255351 ] } },
{ "type": "Feature", "properties": { "bounding_box": "POLYGON ((634699.7890216814 3347055.752999414, 634702.1644302043 3347055.752999414, 634702.1644302043 3347052.8804446417, 634699.7890216814 3347052.8804446417, 634699.7890216814 3347055.752999414))", "target_id": "296f295e-3552-45be-80f6-537f140fc1b9", "region_outline_version": "2024-12-14", "region_name": "Brewster_57" }, "geometry": { "type": "Point", "coordinates": [ -103.599957503483026, 30.247630483458853 ] } },
{ "type": "Feature", "properties": { "bounding_box": "POLYGON ((634245.4230891155 3347055.034860721, 634246.6384144063 3347055.034860721, 634246.6384144063 3347053.8195490865, 634245.4230891155 3347053.8195490865, 634245.4230891155 3347055.034860721))", "target_id": "46b1a00c-f730-484b-9d2b-078abacf7f53", "region_outline_version": "2024-12-14", "region_name": "Brewster_57" }, "geometry": { "type": "Point", "coordinates": [ -103.604685537029454, 30.247680744501672 ] } },
{ "type": "Feature", "properties": { "bounding_box": "POLYGON ((634571.0197829203 3347054.2062391522, 634572.3455923283 3347054.2062391522, 634572.3455923283 3347052.548996014, 634571.0197829203 3347052.548996014, 634571.0197829203 3347054.2062391522))", "target_id": "e7f05191-e60d-49b3-ae8b-b9448d4075bf", "region_outline_version": "2024-12-14", "region_name": "Brewster_57" }, "geometry": { "type": "Point", "coordinates": [ -103.60130134935028, 30.247635797246463 ] } },
{ "type": "Feature", "properties": { "bounding_box": "POLYGON ((634717.797932808 3347053.5985833346, 634720.7810039762 3347053.5985833346, 634720.7810039762 3347050.339338497, 634717.797932808 3347050.339338497, 634717.797932808 3347053.5985833346))", "target_id": "655340f0-68b2-4a53-8a4c-abdaf90d4644", "region_outline_version": "2024-12-14", "region_name": "Brewster_57" }, "geometry": { "type": "Point", "coordinates": [ -103.599767127616019, 30.247602149649282 ] } },
{ "type": "Feature", "properties": { "bounding_box": "POLYGON ((634716.803575752 3347053.2118932693, 634717.7426907494 3347053.2118932693, 634717.7426907494 3347052.1623059483, 634716.803575752 3347052.1623059483, 634716.803575752 3347053.2118932693))", "target_id": "8824a063-3531-4922-bc81-f7092baf16d1", "region_outline_version": "2024-12-14", "region_name": "Brewster_57" }, "geometry": { "type": "Point", "coordinates": [ -103.599788732937569, 30.247612941711967 ] } },
{ "type": "Feature", "properties": { "bounding_box": "POLYGON ((634217.2496391935 3347052.548996014, 634224.4311068207 3347052.548996014, 634224.4311068207 3347048.0744395414, 634217.2496391935 3347048.0744395414, 634217.2496391935 3347052.548996014))", "target_id": "16b40bd1-fe7a-4c6c-9d64-529f8a5ae657", "region_outline_version": "2024-12-14", "region_name": "Brewster_57" }, "geometry": { "type": "Point", "coordinates": [ -103.604944214088704, 30.247645038170329 ] } },
{ "type": "Feature", "properties": { "bounding_box": "POLYGON ((634267.2989443492 3347051.9965816345, 634268.7904799333 3347051.9965816345, 634268.7904799333 3347050.6155456863, 634267.2989443492 3347050.6155456863, 634267.2989443492 3347051.9965816345))", "target_id": "090ed913-b3b2-4945-9eee-1b78ead5232a", "region_outline_version": "2024-12-14", "region_name": "Brewster_57" }, "geometry": { "type": "Point", "coordinates": [ -103.604457241858924, 30.247650545278088 ] } },
{ "type": "Feature", "properties": { "bounding_box": "POLYGON ((634212.0568856784 3347051.8308573207, 634213.8798736146 3347051.8308573207, 634213.8798736146 3347048.7925782343, 634212.0568856784 3347048.7925782343, 634212.0568856784 3347051.8308573207))", "target_id": "890b8771-83bb-4e08-afbe-98667eb91ea5", "region_outline_version": "2024-12-14", "region_name": "Brewster_57" }, "geometry": { "type": "Point", "coordinates": [ -103.60503005476852, 30.247646901675566 ] } },
{ "type": "Feature", "properties": { "bounding_box": "POLYGON ((634553.8395026736 3347051.0574771897, 634556.6568476658 3347051.0574771897, 634556.6568476658 3347049.0687854243, 634553.8395026736 3347049.0687854243, 634553.8395026736 3347051.0574771897))", "target_id": "b69e173d-0842-46e7-8936-457ce90b6ee8", "region_outline_version": "2024-12-14", "region_name": "Brewster_57" }, "geometry": { "type": "Point", "coordinates": [ -103.601472152004803, 30.247607851650802 ] } },
{ "type": "Feature", "properties": { "bounding_box": "POLYGON ((634229.4028921011 3347050.891752876, 634231.0049118025 3347050.891752876, 634231.0049118025 3347049.400234052, 634229.4028921011 3347049.400234052, 634229.4028921011 3347050.891752876))", "target_id": "2887af4b-f047-415b-9fdd-fddfa0f17cbd", "region_outline_version": "2024-12-14", "region_name": "Brewster_57" }, "geometry": { "type": "Point", "coordinates": [ -103.604850308573845, 30.247643903843752 ] } },
{ "type": "Feature", "properties": { "bounding_box": "POLYGON ((634331.876910935 3347049.400234052, 634332.8712679911 3347049.400234052, 634332.8712679911 3347048.350646731, 634331.876910935 3347048.350646731, 634331.876910935 3347049.400234052))", "target_id": "33d102da-f8a8-4693-a27d-8ac376be188a", "region_outline_version": "2024-12-14", "region_name": "Brewster_57" }, "geometry": { "type": "Point", "coordinates": [ -103.603788939029087, 30.247621289777076 ] } },
{ "type": "Feature", "properties": { "bounding_box": "POLYGON ((634225.7016741701 3347049.289751176, 634226.9169994609 3347049.289751176, 634226.9169994609 3347048.2954052933, 634225.7016741701 3347048.2954052933, 634225.7016741701 3347049.289751176))", "target_id": "3f632434-d346-45dd-a8f1-1961d73bc729", "region_outline_version": "2024-12-14", "region_name": "Brewster_57" }, "geometry": { "type": "Point", "coordinates": [ -103.604891263805541, 30.247632389761144 ] } },
{ "type": "Feature", "properties": { "bounding_box": "POLYGON ((634522.6829815834 3347048.0191981033, 634524.0087909915 3347048.0191981033, 634524.0087909915 3347046.859127907, 634522.6829815834 3347046.859127907, 634522.6829815834 3347048.0191981033))", "target_id": "fd9181ea-5b97-4b8f-b95c-77fb7624f220", "region_outline_version": "2024-12-14", "region_name": "Brewster_57" }, "geometry": { "type": "Point", "coordinates": [ -103.601804901674384, 30.247587226570243 ] } },
{ "type": "Feature", "properties": { "bounding_box": "POLYGON ((634250.0634220439 3347047.8534737895, 634251.1682632173 3347047.8534737895, 634251.1682632173 3347046.748645031, 634250.0634220439 3347046.748645031, 634250.0634220439 3347047.8534737895))", "target_id": "81428774-5f86-4a00-91cd-1cc3fb38dfc2", "region_outline_version": "2024-12-14", "region_name": "Brewster_57" }, "geometry": { "type": "Point", "coordinates": [ -103.604638910290447, 30.247616091825517 ] } },
{ "type": "Feature", "properties": { "bounding_box": "POLYGON ((634590.2992613963 3347047.6877494757, 634596.4311299087 3347047.6877494757, 634596.4311299087 3347041.279742676, 634590.2992613963 3347041.279742676, 634590.2992613963 3347047.6877494757))", "target_id": "6ab08969-725b-4ddb-b5e2-50c18c0dae79", "region_outline_version": "2024-12-14", "region_name": "Brewster_57" }, "geometry": { "type": "Point", "coordinates": [ -103.601077054011228, 30.247550970903667 ] } },
{ "type": "Feature", "properties": { "bounding_box": "POLYGON ((634666.478060303 3347047.6877494757, 634668.7429847085 3347047.6877494757, 634668.7429847085 3347046.4724378414, 634666.478060303 3347046.4724378414, 634666.478060303 3347047.6877494757))", "target_id": "e7281924-2f6d-4ea4-9387-19665bc6b9b9", "region_outline_version": "2024-12-14", "region_name": "Brewster_57" }, "geometry": { "type": "Point", "coordinates": [ -103.600306245590602, 30.247567506244046 ] } },
{ "type": "Feature", "properties": { "bounding_box": "POLYGON ((634633.5537933353 3347047.356300848, 634635.7082336235 3347047.356300848, 634635.7082336235 3347045.5333333965, 634633.5537933353 3347045.5333333965, 634633.5537933353 3347047.356300848))", "target_id": "e48c2c9b-9481-473a-b3fa-787b4d86e257", "region_outline_version": "2024-12-14", "region_name": "Brewster_57" }, "geometry": { "type": "Point", "coordinates": [ -103.600649047874654, 30.247565936957134 ] } },
{ "type": "Feature", "properties": { "bounding_box": "POLYGON ((634759.3399609283 3347047.1905765347, 634761.0524647471 3347047.1905765347, 634761.0524647471 3347045.146643331, 634759.3399609283 3347045.146643331, 634759.3399609283 3347047.1905765347))", "target_id": "0adbcbfe-54a5-4edd-9e14-8d4ead10ff95", "region_outline_version": "2024-12-14", "region_name": "Brewster_57" }, "geometry": { "type": "Point", "coordinates": [ -103.599343100647587, 30.24754938932173 ] } },
{ "type": "Feature", "properties": { "bounding_box": "POLYGON ((634659.8490132625 3347046.4724378414, 634661.948211492 3347046.4724378414, 634661.948211492 3347044.262780324, 634659.8490132625 3347044.262780324, 634659.8490132625 3347046.4724378414))", "target_id": "fe1c3f36-a31c-43a6-8c65-41caa368db57", "region_outline_version": "2024-12-14", "region_name": "Brewster_57" }, "geometry": { "type": "Point", "coordinates": [ -103.600376142672772, 30.247552932978309 ] } },
{ "type": "Feature", "properties": { "bounding_box": "POLYGON ((634740.8338712737 3347046.4171964033, 634744.811299498 3347046.4171964033, 634744.811299498 3347041.3349841135, 634740.8338712737 3347041.3349841135, 634740.8338712737 3347046.4171964033))", "target_id": "6a2ed02e-c4ac-435e-a1a7-bcb2f2cadb3f", "region_outline_version": "2024-12-14", "region_name": "Brewster_57" }, "geometry": { "type": "Point", "coordinates": [ -103.599523533882888, 30.247528580981744 ] } },
{ "type": "Feature", "properties": { "bounding_box": "POLYGON ((634248.5718864597 3347045.257126207, 634251.4444735106 3347045.257126207, 634251.4444735106 3347042.5502957483, 634248.5718864597 3347042.5502957483, 634248.5718864597 3347045.257126207))", "target_id": "121ae850-1034-4f43-9ecb-53cca7efc9c5", "region_outline_version": "2024-12-14", "region_name": "Brewster_57" }, "geometry": { "type": "Point", "coordinates": [ -103.604646760127167, 30.247585487271319 ] } },
{ "type": "Feature", "properties": { "bounding_box": "POLYGON ((634612.9485054512 3347044.7599532655, 634615.9868186781 3347044.7599532655, 634615.9868186781 3347041.5007084273, 634612.9485054512 3347041.5007084273, 634612.9485054512 3347044.7599532655))", "target_id": "32d58f76-ed5c-4644-890f-6638a2c62cc6", "region_outline_version": "2024-12-14", "region_name": "Brewster_57" }, "geometry": { "type": "Point", "coordinates": [ -103.600859053347151, 30.247538123644652 ] } },
{ "type": "Feature", "properties": { "bounding_box": "POLYGON ((634657.749815033 3347044.428504638, 634659.1861085586 3347044.428504638, 634659.1861085586 3347043.268434441, 634657.749815033 3347043.268434441, 634657.749815033 3347044.428504638))", "target_id": "5d44fa2f-d5d8-4b62-ad2a-d3cae5d95c64", "region_outline_version": "2024-12-14", "region_name": "Brewster_57" }, "geometry": { "type": "Point", "coordinates": [ -103.600400896774445, 30.247539913045994 ] } },
{ "type": "Feature", "properties": { "bounding_box": "POLYGON ((634552.6241773829 3347044.0970560103, 634553.6737764976 3347044.0970560103, 634553.6737764976 3347043.1027101274, 634552.6241773829 3347043.1027101274, 634552.6241773829 3347044.0970560103))", "target_id": "42d55459-5680-4171-be3c-5cefa850595a", "region_outline_version": "2024-12-14", "region_name": "Brewster_57" }, "geometry": { "type": "Point", "coordinates": [ -103.601495646006327, 30.247549290919469 ] } },
{ "type": "Feature", "properties": { "bounding_box": "POLYGON ((634374.4132961114 3347043.0474686893, 634375.9048316956 3347043.0474686893, 634375.9048316956 3347041.9426399306, 634374.4132961114 3347041.9426399306, 634374.4132961114 3347043.0474686893))", "target_id": "79b7eacd-77c5-4c73-964e-a86ca3cb4f1c", "region_outline_version": "2024-12-14", "region_name": "Brewster_57" }, "geometry": { "type": "Point", "coordinates": [ -103.603345149468353, 30.247558934172233 ] } },
{ "type": "Feature", "properties": { "bounding_box": "POLYGON ((634630.0183015805 3347042.1636056826, 634632.0070156925 3347042.1636056826, 634632.0070156925 3347040.174913917, 634630.0183015805 3347040.174913917, 634630.0183015805 3347042.1636056826))", "target_id": "1d11a9df-534d-48fb-9c3c-1cedc3afa01e", "region_outline_version": "2024-12-14", "region_name": "Brewster_57" }, "geometry": { "type": "Point", "coordinates": [ -103.600687144825642, 30.247518705939413 ] } },
{ "type": "Feature", "properties": { "bounding_box": "POLYGON ((634575.6048737898 3347041.887398493, 634576.4335046699 3347041.887398493, 634576.4335046699 3347041.058776924, 634575.6048737898 3347041.058776924, 634575.6048737898 3347041.887398493))", "target_id": "a3ed9d1b-b815-4983-9c0d-7439814fa72b", "region_outline_version": "2024-12-14", "region_name": "Brewster_57" }, "geometry": { "type": "Point", "coordinates": [ -103.601258173270779, 30.247527481438922 ] } },
{ "type": "Feature", "properties": { "bounding_box": "POLYGON ((634345.466457368 3347040.064431041, 634350.1067902964 3347040.064431041, 634350.1067902964 3347036.3080132618, 634345.466457368 3347036.3080132618, 634345.466457368 3347040.064431041))", "target_id": "1c53d45b-231a-4201-aaf7-f745643d9cb8", "region_outline_version": "2024-12-14", "region_name": "Brewster_57" }, "geometry": { "type": "Point", "coordinates": [ -103.603631415526024, 30.247522477142851 ] } },
{ "type": "Feature", "properties": { "bounding_box": "POLYGON ((634737.1878954015 3347037.9652563995, 634741.8282283298 3347037.9652563995, 634741.8282283298 3347033.8773899926, 634737.1878954015 3347033.8773899926, 634737.1878954015 3347037.9652563995))", "target_id": "a30b8874-4865-4b29-99be-4592a8c24340", "region_outline_version": "2024-12-14", "region_name": "Brewster_57" }, "geometry": { "type": "Point", "coordinates": [ -103.599559253344609, 30.247459532713652 ] } },
{ "type": "Feature", "properties": { "bounding_box": "POLYGON ((634743.6512162659 3347037.8547735238, 634746.1923509648 3347037.8547735238, 634746.1923509648 3347035.8108403203, 634743.6512162659 3347035.8108403203, 634743.6512162659 3347037.8547735238))", "target_id": "2e2f5449-e8f5-424a-825f-0e0cb1d98a29", "region_outline_version": "2024-12-14", "region_name": "Brewster_57" }, "geometry": { "type": "Point", "coordinates": [ -103.599504520680398, 30.247467078384119 ] } },
{ "type": "Feature", "properties": { "bounding_box": "POLYGON ((634557.6512047219 3347037.468083458, 634559.0322561887 3347037.468083458, 634559.0322561887 3347036.1975303856, 634557.6512047219 3347036.1975303856, 634557.6512047219 3347037.468083458))", "target_id": "1685341d-93e2-4d75-95ee-58ecaf6e0ac2", "region_outline_version": "2024-12-14", "region_name": "Brewster_57" }, "geometry": { "type": "Point", "coordinates": [ -103.601442492644892, 30.247488167613838 ] } },
{ "type": "Feature", "properties": { "bounding_box": "POLYGON ((634553.6737764976 3347035.8108403203, 634556.2149111965 3347035.8108403203, 634556.2149111965 3347033.711665679, 634553.6737764976 3347033.711665679, 634553.6737764976 3347035.8108403203))", "target_id": "fe89fc03-ab2d-4701-ae8c-69d610a07f1f", "region_outline_version": "2024-12-14", "region_name": "Brewster_57" }, "geometry": { "type": "Point", "coordinates": [ -103.601479284817628, 30.247468687674907 ] } },
{ "type": "Feature", "properties": { "bounding_box": "POLYGON ((634584.2226349425 3347034.7060115617, 634586.7085275827 3347034.7060115617, 634586.7085275827 3347032.3306297306, 634584.2226349425 3347032.3306297306, 634584.2226349425 3347034.7060115617))", "target_id": "f6508499-fe0d-4d73-b46c-562017818528", "region_outline_version": "2024-12-14", "region_name": "Brewster_57" }, "geometry": { "type": "Point", "coordinates": [ -103.601160525619605, 30.247454775530244 ] } },
{ "type": "Feature", "properties": { "bounding_box": "POLYGON ((634530.6930800907 3347033.711665679, 634532.2398577334 3347033.711665679, 634532.2398577334 3347032.385871168, 634530.6930800907 3347032.385871168, 634530.6930800907 3347033.711665679))", "target_id": "591f7159-65ae-4343-a44f-34f5fd90c66e", "region_outline_version": "2024-12-14", "region_name": "Brewster_57" }, "geometry": { "type": "Point", "coordinates": [ -103.601721973973611, 30.247455956633765 ] } },
{ "type": "Feature", "properties": { "bounding_box": "POLYGON ((634636.8130747969 3347033.2144927373, 634638.4150944983 3347033.2144927373, 634638.4150944983 3347031.612491037, 634636.8130747969 3347031.612491037, 634636.8130747969 3347033.2144927373))", "target_id": "3be4581b-def1-4818-83b0-5557bcff3c7e", "region_outline_version": "2024-12-14", "region_name": "Brewster_57" }, "geometry": { "type": "Point", "coordinates": [ -103.600619312327012, 30.247439068008919 ] } },
{ "type": "Feature", "properties": { "bounding_box": "POLYGON ((634328.3966612389 3347032.60683692, 634329.9986809402 3347032.60683692, 634329.9986809402 3347031.170559534, 634328.3966612389 3347031.170559534, 634328.3966612389 3347032.60683692))", "target_id": "7a47e0f4-366d-4c1f-9582-42a17d8a0c3d", "region_outline_version": "2024-12-14", "region_name": "Brewster_57" }, "geometry": { "type": "Point", "coordinates": [ -103.60382450426664, 30.247468454979149 ] } },
{ "type": "Feature", "properties": { "bounding_box": "POLYGON ((634559.8056450101 3347032.385871168, 634562.2915376503 3347032.385871168, 634562.2915376503 3347029.8447650233, 634559.8056450101 3347029.8447650233, 634559.8056450101 3347032.385871168))", "target_id": "3e476f26-bf17-46b0-af11-03ac8a7e7142", "region_outline_version": "2024-12-14", "region_name": "Brewster_57" }, "geometry": { "type": "Point", "coordinates": [ -103.601416583006142, 30.247433628792784 ] } },
{ "type": "Feature", "properties": { "bounding_box": "POLYGON ((634609.633981931 3347032.385871168, 634615.2134298567 3347032.385871168, 634615.2134298567 3347025.867381492, 634609.633981931 3347025.867381492, 634609.633981931 3347032.385871168))", "target_id": "f9de4df6-2b6b-4410-930b-f9e671b8c64e", "region_outline_version": "2024-12-14", "region_name": "Brewster_57" }, "geometry": { "type": "Point", "coordinates": [ -103.600879936146001, 30.247408244807445 ] } },
{ "type": "Feature", "properties": { "bounding_box": "POLYGON ((634501.5805151713 3347031.391525286, 634503.3482610487 3347031.391525286, 634503.3482610487 3347029.6790407095, 634501.5805151713 3347029.6790407095, 634501.5805151713 3347031.391525286))", "target_id": "ce2aeac7-72c9-4f0d-9304-961a83ce5415", "region_outline_version": "2024-12-14", "region_name": "Brewster_57" }, "geometry": { "type": "Point", "coordinates": [ -103.602024471250232, 30.247437301484538 ] } },
{ "type": "Feature", "properties": { "bounding_box": "POLYGON ((634662.44539002 3347030.8391109062, 634664.2131358975 3347030.8391109062, 634664.2131358975 3347028.9609020166, 634662.44539002 3347028.9609020166, 634662.44539002 3347030.8391109062))", "target_id": "b50e4030-179c-4863-9705-9342d861a86b", "region_outline_version": "2024-12-14", "region_name": "Brewster_57" }, "geometry": { "type": "Point", "coordinates": [ -103.600352083066213, 30.247414071762798 ] } },
{ "type": "Feature", "properties": { "bounding_box": "POLYGON ((634560.9104861835 3347030.5629037167, 634565.4403349945 3347030.5629037167, 634565.4403349945 3347026.7512444993, 634560.9104861835 3347026.7512444993, 634560.9104861835 3347030.5629037167))", "target_id": "69005727-4929-4b73-8ca4-14a70def72ce", "region_outline_version": "2024-12-14", "region_name": "Brewster_57" }, "geometry": { "type": "Point", "coordinates": [ -103.601390476803573, 30.247413359051457 ] } },
{ "type": "Feature", "properties": { "bounding_box": "POLYGON ((634460.5356655789 3347030.341937965, 634466.1151135047 3347030.341937965, 634466.1151135047 3347027.690348944, 634460.5356655789 3347027.690348944, 634460.5356655789 3347030.341937965))", "target_id": "2e579879-1af0-4ef6-bd82-da4981379e97", "region_outline_version": "2024-12-14", "region_name": "Brewster_57" }, "geometry": { "type": "Point", "coordinates": [ -103.602431371628626, 30.24742708659198 ] } },
{ "type": "Feature", "properties": { "bounding_box": "POLYGON ((634533.8418774349 3347029.6790407095, 634536.3277700751 3347029.6790407095, 634536.3277700751 3347027.3589003165, 634533.8418774349 3347027.3589003165, 634533.8418774349 3347029.6790407095))", "target_id": "e81feca9-3680-46f8-afaa-b6c88ce9382a", "region_outline_version": "2024-12-14", "region_name": "Brewster_57" }, "geometry": { "type": "Point", "coordinates": [ -103.60168470978364, 30.247414702998892 ] } },
{ "type": "Feature", "properties": { "bounding_box": "POLYGON ((634702.0539460869 3347029.5133163957, 634704.4293546098 3347029.5133163957, 634704.4293546098 3347027.5246246303, 634702.0539460869 3347027.5246246303, 634702.0539460869 3347029.5133163957))", "target_id": "e04537fe-4da8-448e-a7b5-47fc28e65bdc", "region_outline_version": "2024-12-14", "region_name": "Brewster_57" }, "geometry": { "type": "Point", "coordinates": [ -103.59993871936598, 30.247396379934454 ] } },
{ "type": "Feature", "properties": { "bounding_box": "POLYGON ((634312.8736427524 3347029.1266263304, 634315.1938092165 3347029.1266263304, 634315.1938092165 3347026.5855201855, 634312.8736427524 3347026.5855201855, 634312.8736427524 3347029.1266263304))", "target_id": "cef4548d-7f78-439a-a45a-efcaf9533c4c", "region_outline_version": "2024-12-14", "region_name": "Brewster_57" }, "geometry": { "type": "Point", "coordinates": [ -103.603981450658821, 30.247433153861746 ] } },
{ "type": "Feature", "properties": { "bounding_box": "POLYGON ((634606.429942528 3347027.4693831922, 634608.3081725229 3347027.4693831922, 634608.3081725229 3347025.7016571783, 634606.429942528 3347025.7016571783, 634606.429942528 3347027.4693831922))", "target_id": "47220c91-d7a2-4d62-8202-8ce6737dd9cf", "region_outline_version": "2024-12-14", "region_name": "Brewster_57" }, "geometry": { "type": "Point", "coordinates": [ -103.600934403319627, 30.247389260231802 ] } },
{ "type": "Feature", "properties": { "bounding_box": "POLYGON ((634720.8914880936 3347027.082693127, 634721.996329267 3347027.082693127, 634721.996329267 3347026.1435886817, 634720.8914880936 3347026.1435886817, 634720.8914880936 3347027.082693127))", "target_id": "a3f1d454-c0d4-411d-a581-4ae46770a9f2", "region_outline_version": "2024-12-14", "region_name": "Brewster_57" }, "geometry": { "type": "Point", "coordinates": [ -103.599748876461803, 30.247377016274999 ] } },
{ "type": "Feature", "properties": { "bounding_box": "POLYGON ((634563.009684413 3347026.972210251, 634565.4955770532 3347026.972210251, 634565.4955770532 3347024.486345544, 634563.009684413 3347024.486345544, 634563.009684413 3347026.972210251))", "target_id": "84844fdf-fb21-41d2-97af-e1176e839c35", "region_outline_version": "2024-12-14", "region_name": "Brewster_57" }, "geometry": { "type": "Point", "coordinates": [ -103.601381723197946, 30.247385860661822 ] } },
{ "type": "Feature", "properties": { "bounding_box": "POLYGON ((634574.5000326164 3347026.5855201855, 634575.3286634965 3347026.5855201855, 634575.3286634965 3347025.7568986164, 634574.5000326164 3347025.7568986164, 634574.5000326164 3347026.5855201855))", "target_id": "75ab71d7-5818-45ec-b98f-40aa45e4439c", "region_outline_version": "2024-12-14", "region_name": "Brewster_57" }, "geometry": { "type": "Point", "coordinates": [ -103.601271609505531, 30.247389557048603 ] } },
{ "type": "Feature", "properties": { "bounding_box": "POLYGON ((634565.9375135225 3347025.7016571783, 634569.6939735122 3347025.7016571783, 634569.6939735122 3347022.0004808367, 634565.9375135225 3347022.0004808367, 634565.9375135225 3347025.7016571783))", "target_id": "5e31f4d7-320d-4ef5-902a-6526f06e7dcf", "region_outline_version": "2024-12-14", "region_name": "Brewster_57" }, "geometry": { "type": "Point", "coordinates": [ -103.601345903622473, 30.24737153331445 ] } },
{ "type": "Feature", "properties": { "bounding_box": "POLYGON ((634598.5855701969 3347025.5911743026, 634602.0105778344 3347025.5911743026, 634602.0105778344 3347022.2766880267, 634598.5855701969 3347022.2766880267, 634598.5855701969 3347025.5911743026))", "target_id": "8732a130-fd79-44e7-bf2c-3b7b768df08a", "region_outline_version": "2024-12-14", "region_name": "Brewster_57" }, "geometry": { "type": "Point", "coordinates": [ -103.601009742125669, 30.247368233023067 ] } },
{ "type": "Feature", "properties": { "bounding_box": "POLYGON ((634587.316190228 3347024.541586982, 634588.2553052255 3347024.541586982, 634588.2553052255 3347023.602482537, 634587.316190228 3347023.602482537, 634587.316190228 3347024.541586982))", "target_id": "521f37f8-2b2a-4351-8d77-d09df1ea554c", "region_outline_version": "2024-12-14", "region_name": "Brewster_57" }, "geometry": { "type": "Point", "coordinates": [ -103.601138315979071, 30.247369033350488 ] } },
{ "type": "Feature", "properties": { "bounding_box": "POLYGON ((634591.4593446284 3347024.2101383545, 634594.0004793272 3347024.2101383545, 634594.0004793272 3347022.5528952163, 634591.4593446284 3347022.5528952163, 634591.4593446284 3347024.2101383545))", "target_id": "6cadc81e-ce87-457d-8bc6-66d46d0e1c3d", "region_outline_version": "2024-12-14", "region_name": "Brewster_57" }, "geometry": { "type": "Point", "coordinates": [ -103.601086429583233, 30.247362028894692 ] } },
{ "type": "Feature", "properties": { "bounding_box": "POLYGON ((634639.2437253784 3347024.1548969164, 634641.9505862533 3347024.1548969164, 634641.9505862533 3347021.4480664576, 634639.2437253784 3347021.4480664576, 634639.2437253784 3347024.1548969164))", "target_id": "a076f91b-69cd-40a3-bc8b-770380657f5b", "region_outline_version": "2024-12-14", "region_name": "Brewster_57" }, "geometry": { "type": "Point", "coordinates": [ -103.600588867882152, 30.247350932258058 ] } },
{ "type": "Feature", "properties": { "bounding_box": "POLYGON ((634617.6440804382 3347023.8234482887, 634619.522310433 3347023.8234482887, 634619.522310433 3347021.889997961, 634617.6440804382 3347021.889997961, 634617.6440804382 3347023.8234482887))", "target_id": "0512f2ab-9274-4601-a786-5bc0c9a4ae71", "region_outline_version": "2024-12-14", "region_name": "Brewster_57" }, "geometry": { "type": "Point", "coordinates": [ -103.600817860409151, 30.247355021833091 ] } },
{ "type": "Feature", "properties": { "bounding_box": "POLYGON ((634683.7135826083 3347022.829102406, 634686.8071378939 3347022.829102406, 634686.8071378939 3347019.8460647576, 634683.7135826083 3347019.8460647576, 634683.7135826083 3347022.829102406))", "target_id": "59b96a5a-ab3d-40db-88b9-9f3cbe2bb45f", "region_outline_version": "2024-12-14", "region_name": "Brewster_57" }, "geometry": { "type": "Point", "coordinates": [ -103.600125377904902, 30.24733387621734 ] } },
{ "type": "Feature", "properties": { "bounding_box": "POLYGON ((634709.0144454794 3347022.829102406, 634711.445096061 3347022.829102406, 634711.445096061 3347021.171859268, 634709.0144454794 3347021.171859268, 634709.0144454794 3347022.829102406))", "target_id": "c645e569-3460-4753-b3e3-713c20d62da6", "region_outline_version": "2024-12-14", "region_name": "Brewster_57" }, "geometry": { "type": "Point", "coordinates": [ -103.599866993508471, 30.247337378487646 ] } },
{ "type": "Feature", "properties": { "bounding_box": "POLYGON ((634562.6229900023 3347022.4424123405, 634564.8879144078 3347022.4424123405, 634564.8879144078 3347020.508962013, 634562.6229900023 3347020.508962013, 634562.6229900023 3347022.4424123405))", "target_id": "3742bd8b-6477-42b1-8472-a2e1f4f4c9e7", "region_outline_version": "2024-12-14", "region_name": "Brewster_57" }, "geometry": { "type": "Point", "coordinates": [ -103.601388489769917, 30.247348987035217 ] } },
{ "type": "Feature", "properties": { "bounding_box": "POLYGON ((634694.0990896383 3347022.3319294644, 634696.7507084545 3347022.3319294644, 634696.7507084545 3347019.2384089404, 634694.0990896383 3347019.2384089404, 634694.0990896383 3347022.3319294644))", "target_id": "8d1a39a0-d204-4b30-9883-6b0537217871", "region_outline_version": "2024-12-14", "region_name": "Brewster_57" }, "geometry": { "type": "Point", "coordinates": [ -103.600019561519304, 30.247327668891558 ] } },
{ "type": "Feature", "properties": { "bounding_box": "POLYGON ((634562.7887161783 3347021.4480664576, 634568.2576799867 3347021.4480664576, 634568.2576799867 3347017.8573729917, 634562.7887161783 3347017.8573729917, 634562.7887161783 3347021.4480664576))", "target_id": "2d1abc2b-090e-4077-961d-c329dd4cde1f", "region_outline_version": "2024-12-14", "region_name": "Brewster_57" }, "geometry": { "type": "Point", "coordinates": [ -103.601371344505935, 30.247332090744724 ] } },
{ "type": "Feature", "properties": { "bounding_box": "POLYGON ((634585.8798967026 3347021.4480664576, 634586.8190117 3347021.4480664576, 634586.8190117 3347020.4537205747, 634585.8798967026 3347020.4537205747, 634585.8798967026 3347021.4480664576))", "target_id": "1982ddf5-30de-450c-a9e9-33a71d075092", "region_outline_version": "2024-12-14", "region_name": "Brewster_57" }, "geometry": { "type": "Point", "coordinates": [ -103.60115318376468, 30.247341238666728 ] } },
{ "type": "Feature", "properties": { "bounding_box": "POLYGON ((634362.6467376146 3347021.3928250195, 634363.6410946706 3347021.3928250195, 634363.6410946706 3347020.398479137, 634362.6467376146 3347020.398479137, 634362.6467376146 3347021.3928250195))", "target_id": "c69b6700-ffe8-4cf1-be57-20c67345cd03", "region_outline_version": "2024-12-14", "region_name": "Brewster_57" }, "geometry": { "type": "Point", "coordinates": [ -103.603472695061612, 30.247365482447584 ] } },
{ "type": "Feature", "properties": { "bounding_box": "POLYGON ((634653.4409344568 3347020.950893516, 634664.8207985429 3347020.950893516, 634664.8207985429 3347009.073984361, 634653.4409344568 3347009.073984361, 634653.4409344568 3347020.950893516))", "target_id": "99475178-d8b6-414a-9ee3-7be75f867e66", "region_outline_version": "2024-12-14", "region_name": "Brewster_57" }, "geometry": { "type": "Point", "coordinates": [ -103.600389096374741, 30.247274923933162 ] } },
{ "type": "Feature", "properties": { "bounding_box": "POLYGON ((634700.6728946201 3347020.287996261, 634701.7777357936 3347020.287996261, 634701.7777357936 3347019.2384089404, 634700.6728946201 3347019.2384089404, 634700.6728946201 3347020.287996261))", "target_id": "ee8ef4c1-01e8-499e-860b-9bdeb47bb494", "region_outline_version": "2024-12-14", "region_name": "Brewster_57" }, "geometry": { "type": "Point", "coordinates": [ -103.599960009015476, 30.247317566501835 ] } },
{ "type": "Feature", "properties": { "bounding_box": "POLYGON ((634613.9981045659 3347019.6250990056, 634616.3735130888 3347019.6250990056, 634616.3735130888 3347017.6364072403, 634613.9981045659 3347017.6364072403, 634613.9981045659 3347019.6250990056))", "target_id": "618f7796-401e-4ce5-8af6-99643a2877e6", "region_outline_version": "2024-12-14", "region_name": "Brewster_57" }, "geometry": { "type": "Point", "coordinates": [ -103.600853759217756, 30.247316578550592 ] } },
{ "type": "Feature", "properties": { "bounding_box": "POLYGON ((634592.5089437431 3347019.404133254, 634594.0557213859 3347019.404133254, 634594.0557213859 3347017.5259243646, 634592.5089437431 3347017.5259243646, 634592.5089437431 3347019.404133254))", "target_id": "4f92664f-3524-487f-87b0-e8f2ed2346e0", "region_outline_version": "2024-12-14", "region_name": "Brewster_57" }, "geometry": { "type": "Point", "coordinates": [ -103.601080821082334, 30.247317312692427 ] } },
{ "type": "Feature", "properties": { "bounding_box": "POLYGON ((634605.5460695893 3347017.691648678, 634607.1480892908 3347017.691648678, 634607.1480892908 3347016.365854168, 634605.5460695893 3347016.365854168, 634605.5460695893 3347017.691648678))", "target_id": "19c3ee2e-ef42-49e7-bf12-ab875cf866da", "region_outline_version": "2024-12-14", "region_name": "Brewster_57" }, "geometry": { "type": "Point", "coordinates": [ -103.600946375547053, 30.247303913492772 ] } },
{ "type": "Feature", "properties": { "bounding_box": "POLYGON ((634589.7468408096 3347016.973509985, 634590.5754716896 3347016.973509985, 634590.5754716896 3347016.144888416, 634589.7468408096 3347016.144888416, 634589.7468408096 3347016.973509985))", "target_id": "32c4d241-1390-4323-b7d7-e788efd54c29", "region_outline_version": "2024-12-14", "region_name": "Brewster_57" }, "geometry": { "type": "Point", "coordinates": [ -103.601114407280917, 30.247301149673483 ] } },
{ "type": "Feature", "properties": { "bounding_box": "POLYGON ((634560.2475814794 3347015.7029569126, 634561.8496011809 3347015.7029569126, 634561.8496011809 3347013.8799894606, 634560.2475814794 3347013.8799894606, 634560.2475814794 3347015.7029569126))", "target_id": "82e6e58f-f328-419d-ad45-4094af7613cd", "region_outline_version": "2024-12-14", "region_name": "Brewster_57" }, "geometry": { "type": "Point", "coordinates": [ -103.601417799822769, 30.247288873536064 ] } },
{ "type": "Feature", "properties": { "bounding_box": "POLYGON ((634598.9170225488 3347014.9295767816, 634601.0162207783 3347014.9295767816, 634601.0162207783 3347012.885643578, 634598.9170225488 3347012.885643578, 634598.9170225488 3347014.9295767816))", "target_id": "5d7b068f-53b9-4dd3-84d4-2774d8061e33", "region_outline_version": "2024-12-14", "region_name": "Brewster_57" }, "geometry": { "type": "Point", "coordinates": [ -103.601012403908442, 30.247275974585619 ] } },
{ "type": "Feature", "properties": { "bounding_box": "POLYGON ((634567.8157435174 3347014.8743353435, 634570.4673623334 3347014.8743353435, 634570.4673623334 3347013.3828165196, 634567.8157435174 3347013.3828165196, 634567.8157435174 3347014.8743353435))", "target_id": "be4804ac-e6ac-4df8-b3a9-c01ff3b4eb1c", "region_outline_version": "2024-12-14", "region_name": "Brewster_57" }, "geometry": { "type": "Point", "coordinates": [ -103.601332960487156, 30.247281145495791 ] } },
{ "type": "Feature", "properties": { "bounding_box": "POLYGON ((634555.2757961991 3347014.542886716, 634563.4516208824 3347014.542886716, 634563.4516208824 3347009.0187429227, 634555.2757961991 3347009.0187429227, 634555.2757961991 3347014.542886716))", "target_id": "a0ff8d77-be0d-4fe2-8d5e-c88abf37419e", "region_outline_version": "2024-12-14", "region_name": "Brewster_57" }, "geometry": { "type": "Point", "coordinates": [ -103.601436016041362, 30.247262455493605 ] } },
{ "type": "Feature", "properties": { "bounding_box": "POLYGON ((634625.9303892388 3347014.2666795263, 634627.753377175 3347014.2666795263, 634627.753377175 3347012.609436388, 634625.9303892388 3347012.609436388, 634625.9303892388 3347014.2666795263))", "target_id": "7bd389ea-be53-41d5-8f25-2ae02cffb014", "region_outline_version": "2024-12-14", "region_name": "Brewster_57" }, "geometry": { "type": "Point", "coordinates": [ -103.600733155487291, 30.247269149565195 ] } },
{ "type": "Feature", "properties": { "bounding_box": "POLYGON ((634584.1673928838 3347012.2779877605, 634585.0512658225 3347012.2779877605, 634585.0512658225 3347011.394124754, 634584.1673928838 3347011.394124754, 634584.1673928838 3347012.2779877605))", "target_id": "c0139649-6c0c-4682-9c06-23c47b5ae548", "region_outline_version": "2024-12-14", "region_name": "Brewster_57" }, "geometry": { "type": "Point", "coordinates": [ -103.601172606918141, 30.24725923482022 ] } },
{ "type": "Feature", "properties": { "bounding_box": "POLYGON ((634626.8142621776 3347011.891297695, 634628.250555703 3347011.891297695, 634628.250555703 3347010.3445374332, 634626.8142621776 3347010.3445374332, 634626.8142621776 3347011.891297695))", "target_id": "d4c56c3b-6f21-4201-a038-4da8a229983a", "region_outline_version": "2024-12-14", "region_name": "Brewster_57" }, "geometry": { "type": "Point", "coordinates": [ -103.600726959051258, 30.247247841183007 ] } },
{ "type": "Feature", "properties": { "bounding_box": "POLYGON ((634571.737929683 3347011.5046076295, 634581.5710161263 3347011.5046076295, 634581.5710161263 3347004.9861179534, 634571.737929683 3347004.9861179534, 634571.737929683 3347011.5046076295))", "target_id": "3928e0ef-4c35-4cbd-a6fc-81a88857cee8", "region_outline_version": "2024-12-14", "region_name": "Brewster_57" }, "geometry": { "type": "Point", "coordinates": [ -103.601259164802755, 30.247223049902669 ] } },
{ "type": "Feature", "properties": { "bounding_box": "POLYGON ((634619.9090048437 3347009.3501915503, 634621.3452983692 3347009.3501915503, 634621.3452983692 3347008.079638478, 634619.9090048437 3347008.079638478, 634619.9090048437 3347009.3501915503))", "target_id": "57474b1a-2a02-425f-bc33-89909e6a3a91", "region_outline_version": "2024-12-14", "region_name": "Brewster_57" }, "geometry": { "type": "Point", "coordinates": [ -103.600798829456934, 30.247227030012766 ] } },
{ "type": "Feature", "properties": { "bounding_box": "POLYGON ((634623.720706892 3347008.4110871055, 634625.9856312975 3347008.4110871055, 634625.9856312975 3347006.4223953397, 634623.720706892 3347006.4223953397, 634623.720706892 3347008.4110871055))", "target_id": "427c9b8b-badd-4f05-9ba9-ae3af1d1b2a3", "region_outline_version": "2024-12-14", "region_name": "Brewster_57" }, "geometry": { "type": "Point", "coordinates": [ -103.600755606356373, 30.247214333987607 ] } },
{ "type": "Feature", "properties": { "bounding_box": "POLYGON ((634567.7605014587 3347007.7481898502, 634568.6443743974 3347007.7481898502, 634568.6443743974 3347006.6986025292, 634567.7605014587 3347006.6986025292, 634567.7605014587 3347007.7481898502))", "target_id": "2f055018-64e1-430c-a605-d6416dfe5e1a", "region_outline_version": "2024-12-14", "region_name": "Brewster_57" }, "geometry": { "type": "Point", "coordinates": [ -103.60134390189468, 30.24721946976365 ] } },
{ "type": "Feature", "properties": { "bounding_box": "POLYGON ((634568.1471958694 3347002.721218998, 634570.0806679229 3347002.721218998, 634570.0806679229 3347001.229700174, 634568.1471958694 3347001.229700174, 634568.1471958694 3347002.721218998))", "target_id": "e187db0b-385e-477d-bf4c-507b766e2d1d", "region_outline_version": "2024-12-14", "region_name": "Brewster_57" }, "geometry": { "type": "Point", "coordinates": [ -103.601335426897748, 30.247171469530631 ] } },
{ "type": "Feature", "properties": { "bounding_box": "POLYGON ((634626.0408733562 3347001.947838867, 634627.4771668816 3347001.947838867, 634627.4771668816 3347000.622044357, 634626.0408733562 3347000.622044357, 634626.0408733562 3347001.947838867))", "target_id": "efc5c624-dbd4-4642-84c3-3e22e5bb3dd5", "region_outline_version": "2024-12-14", "region_name": "Brewster_57" }, "geometry": { "type": "Point", "coordinates": [ -103.60073590436248, 30.247159495678353 ] } },
{ "type": "Feature", "properties": { "bounding_box": "POLYGON ((634576.9306831979 3347000.622044357, 634577.759314078 3347000.622044357, 634577.759314078 3346999.793422788, 634576.9306831979 3346999.793422788, 634576.9306831979 3347000.622044357))", "target_id": "be271667-8241-4773-82ef-857fdf7592da", "region_outline_version": "2024-12-14", "region_name": "Brewster_57" }, "geometry": { "type": "Point", "coordinates": [ -103.601249670811427, 30.24715505597381 ] } },
{ "type": "Feature", "properties": { "bounding_box": "POLYGON ((634593.2823325645 3346999.9591471017, 634595.381530794 3346999.9591471017, 634595.381530794 3346998.5228697155, 634593.2823325645 3346998.5228697155, 634593.2823325645 3346999.9591471017))", "target_id": "7431e9ff-f547-473c-9e46-6be2da68b47e", "region_outline_version": "2024-12-14", "region_name": "Brewster_57" }, "geometry": { "type": "Point", "coordinates": [ -103.601072308053475, 30.247143609342054 ] } }
]
}
